Apply Date,List Date,Nifty 50,Nifty 50 price of Prev Closing, Change ,NIfty 50 monthly,Sector,Name,Cap,Face Value,Offer Price,GMP,Estimated Price,Listing Price,Listing Gain,Closing Price,Closing Gain(LND),LTP,LTP Gain,QIB,bNII,sNII,Retail,Net Worth,EBITA Margin,ROE,ROCE,D/E,PAT Margin,RoNW,P/B,Total Shares Offered,QIB Shares Offered,bNII Shares Offered,sNII Shares Offered,Retail Shares Offered,Anchor Shares Offered,Lot size,Pre IPO EPs,Pre IPO P/E,Post IPO Eps,Post IPO P/E,% QIB,% bNII,% sNII,% Retail,% anchor
2026-09-30,,,,,,Industrials,Vishal Nirmiti Ltd.,,10.0,,6.0,,,,,,,,1.0,0.0,0.02,0.06,86.34,15.1,33.67,28.02,1.01,7.37,33.87,5.04,8090909,80909.0,1563973.0,782391.0,5663636,0.0,68.0,12.61,17.45,9.46,23.26,1.0,19.33,9.67,70.0,0.0
2026-09-30,,,,,,Consumer Discretionary,Nityas Gems & Jewellery Ltd.,,5.0,,5.0,,,,,,,,0.0,0.06,0.21,0.52,79.43,15.27,43.75,42.93,0.29,11.0,43.75,4.96,14456000,7178000.0,1435600.0,717800.0,5024600,0.0,200.0,5.17,14.51,3.87,19.38,49.65,9.93,4.97,34.76,0.0
2026-09-28,,,,,,Financials,Shah Investor's Home Ltd.,Small Cap,10.0,167.0,15.0,182.0,,,,,,,28.05,105.15,76.32,19.26,179.71,30.24,7.59,10.61,0.1,18.24,7.35,1.46,5399200,2699600.0,539920.0,269960.0,1889720,1619760.0,85.0,8.32,20.07,6.2,26.94,50.0,10.0,5.0,35.0,30.0
2026-09-28,,,,,,Technology,SRIT India Ltd.,Small Cap,5.0,130.0,31.0,161.0,,,,,,,91.84,355.8,227.37,63.7,193.27,14.39,30.23,28.79,0.23,9.62,30.23,3.19,16800000,8400000.0,1680000.0,840000.0,5880000,5040000.0,115.0,9.12,14.25,6.74,19.29,50.0,10.0,5.0,35.0,30.0
2026-09-25,,,,,,Real Estate,Runwal Enterprises Ltd.,Small Cap,2.0,305.0,2.0,307.0,,,,,,,4.1,4.57,3.28,1.19,768.2,19.44,27.24,9.06,3.29,10.04,27.24,4.97,16398962,8139344.0,1627869.0,813934.0,5697540,4883605.0,49.0,14.14,21.57,12.57,24.26,49.63,9.93,4.96,34.74,29.78
2026-09-25,,,,,,Materials,German Green Steel & Power Ltd.,Small Cap,10.0,139.0,13.0,152.0,,,,,,,21.91,56.78,56.73,23.98,421.55,9.94,18.86,19.31,0.79,4.76,18.86,1.79,21863309,10931653.0,2186332.0,1093165.0,7652159,6558991.0,107.0,14.66,9.48,10.6,13.11,50.0,10.0,5.0,35.0,30.0
2026-09-25,,,,,,Technology,Orient Cables (India) Ltd.,Small Cap,1.0,272.0,85.0,357.0,,,,,,,192.68,129.86,105.99,32.21,268.76,8.23,25.84,23.82,0.94,4.55,25.84,11.77,20294114,10147056.0,2029412.0,1014706.0,7102940,6088233.0,55.0,5.25,51.81,13.04,23.61,50.0,10.0,5.0,35.0,30.0
2026-09-25,,,,,,Consumer Discretionary,Acevector Ltd.,Small Cap,1.0,32.0,2.0,34.0,,,,,,,3.42,9.33,6.94,4.83,102.08,-4.12,-59.54,,,-8.46,-59.54,14.48,131250000,98437500.0,13125000.0,6562500.0,13125000,59062500.0,468.0,-1.0,-32.0,-0.84,-38.1,75.0,10.0,5.0,10.0,45.0
2026-09-24,2026-10-01,,,,,Industrials,A-One Steels India Ltd.,Small Cap,10.0,405.0,35.0,440.0,,,,,,,7.69,26.18,25.03,9.11,819.52,4.91,1.69,7.03,1.34,0.34,1.25,3.38,9999999,4972752.0,994550.0,497275.0,3480926,2985160.0,37.0,18.61,21.76,16.5,24.55,49.73,9.95,4.97,34.81,29.85
2026-09-24,2026-10-01,,,,,Technology,Moneyview Ltd.,Small Cap,1.0,34.0,13.0,47.0,,,,,,,230.54,137.19,86.72,20.41,2415.2,28.46,13.63,,2.32,7.13,12.52,2.62,321082435,160541216.0,32108244.0,16054122.0,112378853,96324729.0,441.0,1.58,21.52,3.95,8.61,50.0,10.0,5.0,35.0,30.0
2026-09-23,2026-09-30,22665.0,22716.2,-0.23,Low,Auto & Auto Ancillaries,Adroit Industries (India) Ltd.,Small Cap,10.0,134.0,55.0,189.0,,,,,248.39,85.37,195.04,345.97,305.09,99.81,128.63,27.66,22.54,19.01,0.41,18.69,22.51,3.64,11247000,5623500.0,1124700.0,562350.0,3936450,3374100.0,111.0,7.49,17.89,5.84,22.95,50.0,10.0,5.0,35.0,30.0
2026-09-23,2026-09-30,22665.0,22716.2,-0.23,Low,Real Estate,Elevate Campuses Ltd.,Small Cap,1.0,362.0,6.5,368.5,,,322.95,-10.79,322.95,-10.79,2.66,0.87,0.93,1.07,956.29,65.06,7.11,9.9,2.71,12.62,7.11,1.14,58011049,43508288.0,5801105.0,2900552.0,5801104,26104972.0,41.0,15.72,23.03,10.31,35.11,75.0,10.0,5.0,10.0,45.0
2026-09-23,2026-09-30,22665.0,22716.2,-0.23,Low,Technology,ArMee Infotech Ltd.,Small Cap,10.0,375.0,6.0,381.0,,,,,300.0,-20.0,3.2,1.49,3.74,2.65,182.18,5.42,28.52,24.1,0.96,3.26,24.96,4.88,8000000,2000000.0,1200000.0,600000.0,4200000,1065000.0,40.0,19.16,19.57,14.33,26.17,25.0,15.0,7.5,52.5,13.31
2026-09-23,2026-09-30,22665.0,22716.2,-0.23,Low,Industrials,Swastika Infra Ltd.,Small Cap,10.0,185.0,7.0,192.0,,,,,210.0,13.51,3.31,20.92,16.2,5.64,156.78,14.07,35.44,25.76,0.73,8.23,35.44,3.21,8695945,4347970.0,869596.0,434798.0,3043581,2608782.0,81.0,15.7,11.78,12.14,15.24,50.0,10.0,5.0,35.0,30.0
2026-09-22,2026-09-29,22732.45,22780.25,-0.21,Low,Consumer Discretionary,Varmora Granito Ltd.,Small Cap,2.0,148.0,1.0,149.0,155.0,4.73,152.19,2.83,139.65,-5.64,3.1,0.94,0.94,1.02,796.88,14.18,6.8,9.89,0.45,3.53,7.79,3.74,47839255,23919626.0,4783926.0,2391963.0,16743740,14351775.0,101.0,2.7,54.81,2.44,60.66,50.0,10.0,5.0,35.0,30.0
2026-09-17,2026-09-24,23221.8,23446.8,-0.96,Low,Manufacturing,Sonaselection India Ltd.,Small Cap,10.0,99.0,0.0,99.0,102.31,3.34,107.42,8.51,96.03,-3.0,1.16,2.01,1.96,2.5,104.16,16.4,39.05,19.69,2.48,6.58,39.05,4.0,14300000,7150000.0,1430000.0,715000.0,5005000,4290000.0,150.0,8.0,12.38,5.99,16.53,50.0,10.0,5.0,35.0,30.0
2026-09-17,2026-09-24,23221.8,23446.8,-0.96,Low,Financials,National Stock Exchange of India Ltd.,Large Cap,1.0,1785.0,40.0,1825.0,1800.0,0.84,1818.0,1.85,1763.05,-1.23,12.68,7.78,4.09,1.39,34983.74,77.59,32.98,42.8,,50.98,33.21,13.76,126436650,63001606.0,12600322.0,6300161.0,44101125,37793739.0,8.0,41.62,42.89,50.43,35.4,49.83,9.97,4.98,34.88,29.89
2026-09-16,2026-09-23,23352.15,23329.0,0.1,Low,Auto & Auto Ancillaries,Hero Motors Ltd.,Small Cap,10.0,84.0,-3.0,81.0,82.0,-2.38,98.4,17.14,152.55,81.61,1.59,8.62,14.17,8.62,482.45,12.44,8.56,19.77,0.83,3.46,8.53,6.6,119047618,59523808.0,11904762.0,5952381.0,41666667,35714284.0,178.0,1.08,77.78,0.91,92.31,50.0,10.0,5.0,35.0,30.0
2026-09-16,2026-09-23,23352.15,23329.0,0.1,Low,Industrials,Jindal Supreme (India) Ltd.,Small Cap,10.0,93.0,29.0,122.0,120.0,29.03,126.0,35.48,160.79,72.89,126.41,304.18,372.15,141.75,105.02,6.16,26.28,16.78,1.24,3.33,26.28,3.87,13428000,6714000.0,1342800.0,671400.0,4699800,4028400.0,161.0,5.59,16.64,6.49,14.33,50.0,10.0,5.0,35.0,30.0
2026-09-16,2026-09-23,23352.15,23329.0,0.1,Low,Services,SS Retail Ltd.,Small Cap,10.0,424.0,160.0,584.0,624.0,47.17,748.8,76.6,749.5,76.77,214.22,165.06,120.85,35.81,225.71,5.32,30.6,29.3,0.7,2.52,32.6,12.35,11810182,5754715.0,1150944.0,575471.0,4028301,3452829.0,35.0,9.0,47.11,7.97,53.2,48.73,9.75,4.87,34.11,29.24
2026-09-11,2026-09-21,23330.2,23346.4,-0.07,Low,Industrials,Manika Plastech Ltd.,Small Cap,2.0,43.0,1.0,44.0,43.0,0.0,43.14,0.33,42.34,-1.53,11.22,74.16,51.42,23.98,156.78,13.34,15.18,18.77,0.6,5.12,15.18,2.77,29186045,14593022.0,2918605.0,1459302.0,10215116,8755813.0,348.0,2.36,18.22,4.49,9.58,50.0,10.0,5.0,35.0,30.0
2026-09-10,2026-09-18,23334.7,23270.6,0.28,Low,Real Estate,Veegaland Developers Ltd.,Small Cap,10.0,140.0,8.0,148.0,154.0,10.0,146.3,4.5,142.41,1.72,19.13,18.59,21.06,9.95,266.9,16.78,16.02,11.89,0.32,10.47,16.02,1.77,15000000,7500000.0,1500000.0,750000.0,5250000,4500000.0,107.0,7.89,17.74,5.46,25.64,50.0,10.0,5.0,35.0,30.0
2026-09-09,2026-09-17,23195.25,23217.6,-0.1,Low,Consumer Discretionary,Rentomojo Ltd.,Small Cap,1.0,404.0,87.0,491.0,482.45,19.42,534.25,32.24,510.35,26.32,177.29,73.16,57.45,15.62,295.81,43.55,26.67,25.14,0.84,16.21,26.67,22.68,31080978,15514446.0,3102890.0,1551445.0,10860114,9308667.0,37.0,10.29,39.26,9.92,40.73,49.92,9.98,4.99,34.94,29.95
2026-09-09,2026-09-17,23195.25,23217.6,-0.1,Low,Technology,Manipal Payment & Identity Solutions Ltd.,Small Cap,2.0,339.0,-6.0,333.0,330.0,-2.65,345.15,1.81,409.15,20.69,1.26,1.24,1.18,2.19,1107.34,32.01,55.08,33.97,0.76,22.1,45.54,11.42,23746313,17809736.0,2374631.0,1187315.0,2374631,10685841.0,44.0,11.4,29.74,10.93,31.02,75.0,10.0,5.0,10.0,45.0
2026-09-09,2026-09-17,23195.25,23217.6,-0.1,Low,Materials,Steamhouse India Ltd.,Small Cap,2.0,81.0,13.5,94.5,94.5,16.67,102.55,26.6,110.94,36.96,46.19,45.23,49.33,17.78,163.76,16.99,22.36,16.06,1.57,7.81,23.6,11.17,51111110,25555554.0,5111112.0,2555555.0,17888889,15333332.0,185.0,1.66,48.8,1.4,57.86,50.0,10.0,5.0,35.0,30.0
2026-09-09,2026-09-17,23195.25,23217.6,-0.1,Low,Industrials,LCC Projects Ltd.,Small Cap,5.0,146.0,36.0,182.0,189.0,29.45,170.1,16.51,154.36,5.73,78.73,61.53,71.66,26.34,888.41,13.74,36.96,27.64,1.23,7.66,36.96,6.56,29256232,14628115.0,2925624.0,1462811.0,10239682,8776869.0,102.0,10.53,13.87,9.89,14.76,50.0,10.0,5.0,35.0,30.0
2026-09-09,2026-09-17,23195.25,23217.6,-0.1,Low,Industrials,Karamtara Engineering Ltd.,Small Cap,10.0,254.0,46.0,300.0,320.0,25.98,352.0,38.58,395.35,55.65,168.19,53.83,45.83,13.98,1219.4,10.98,18.13,23.3,0.57,5.3,18.15,7.56,34448817,17224408.0,3444882.0,1722441.0,12057086,10334644.0,59.0,7.75,32.77,7.11,35.72,50.0,10.0,5.0,35.0,30.0
2026-09-09,2026-09-17,23195.25,23217.6,-0.1,Low,Financials,Asset Reconstruction Co.(India) Ltd.,Small Cap,10.0,139.0,12.0,151.0,139.0,0.0,137.02,-1.42,144.59,4.02,52.65,16.74,13.58,3.39,3079.39,82.47,13.59,,0.11,57.0,13.59,1.7,52731946,26365972.0,5273195.0,2636597.0,18456182,15819583.0,107.0,12.55,11.08,12.55,11.08,50.0,10.0,5.0,35.0,30.0
2026-09-08,2026-09-16,23201.6,23118.6,0.36,Low,Industrials,Glass Wall Systems (India) Ltd.,Small Cap,2.0,182.0,39.0,221.0,194.0,6.59,214.85,18.05,282.0,54.95,167.93,73.9,91.34,33.18,261.58,26.23,39.0,43.39,0.05,20.66,32.72,9.0,23510425,11755212.0,2351043.0,1175521.0,8228649,7053127.0,82.0,9.9,18.38,9.53,19.1,50.0,10.0,5.0,35.0,30.0
2026-09-08,2026-09-16,23201.6,23118.6,0.36,Low,Materials,Prasol Chemicals Ltd.,Small Cap,2.0,676.0,-13.0,663.0,610.0,-9.76,671.0,-0.74,839.1,24.13,7.59,1.22,3.23,1.79,448.51,11.3,20.37,22.43,0.19,6.74,18.53,8.74,7396437,3698218.0,739644.0,369822.0,2588753,2218930.0,22.0,14.33,47.17,14.04,48.13,50.0,10.0,5.0,35.0,30.0
2026-09-08,2026-09-16,23201.6,23118.6,0.36,Low,Industrials,Kanohar Electricals Ltd.,Small Cap,2.0,632.0,182.0,814.0,685.5,8.47,751.5,18.91,856.75,35.56,215.37,94.04,75.14,20.51,372.84,20.73,30.92,47.61,0.13,14.24,26.78,19.35,16704750,8352374.0,1670476.0,835237.0,5846663,5011424.0,23.0,17.43,36.26,16.38,38.58,50.0,10.0,5.0,35.0,30.0
2026-09-07,2026-09-15,23576.15,23398.1,0.76,Neutral,Real Estate,Pranav Constructions Ltd.,Small Cap,10.0,124.0,53.0,177.0,165.0,33.06,132.0,6.45,100.1,-19.27,268.54,242.06,169.07,45.31,246.7,15.49,47.17,24.83,1.15,9.78,47.17,4.38,28308481,11323391.0,2830849.0,1415424.0,12738817,6794034.0,120.0,8.18,15.16,6.33,19.59,40.0,10.0,5.0,45.0,24.0
2026-09-01,2026-09-08,23743.1,23779.15,-0.15,Low,Healthcare,Rays of Belief Ltd.,Small Cap,10.0,239.0,15.0,254.0,239.0,0.0,228.34,-4.46,234.64,-1.82,9.06,303.82,229.7,195.86,30.81,8.28,56.56,7.49,0.29,16.15,56.56,0.88,5230000,3922500.0,523000.0,261500.0,523000,2092190.0,62.0,3.16,75.63,2.37,100.84,75.0,10.0,5.0,10.0,40.0
2026-09-01,2026-09-08,23743.1,23779.15,-0.15,Low,Consumer Discretionary,Deepa Jewellers Ltd.,Small Cap,2.0,177.0,25.0,202.0,221.0,24.86,194.37,9.81,195.48,10.44,36.73,127.56,72.02,19.09,238.07,7.6,56.45,52.08,0.47,5.44,56.45,6.1,25972633,12986316.0,2597264.0,1298631.0,9090422,7791789.0,84.0,12.78,13.85,10.9,16.24,50.0,10.0,5.0,35.0,30.0
2026-08-31,2026-09-07,23883.15,23897.7,-0.06,Low,Services,Purple Style Labs Ltd.,Small Cap,10.0,575.0,-10.0,565.0,535.0,-6.96,568.55,-1.12,547.9,-4.71,1.5,1.06,0.55,1.66,-52.28,8.57,-160.33,-4.75,,-38.45,-160.33,31.47,11826086,8869566.0,1182608.0,591304.0,1182608,5321739.0,26.0,-41.83,-13.75,-35.37,-16.26,75.0,10.0,5.0,10.0,45.0
2026-08-28,2026-09-04,23910.9,23873.45,0.16,Low,Technology,ESDS Software Solution Ltd.,Small Cap,1.0,429.0,311.0,740.0,757.0,76.46,908.4,111.75,1509.5,251.86,274.97,219.59,169.43,41.68,528.81,42.86,17.27,24.73,0.15,15.39,13.71,8.15,16783216,8391607.0,1678322.0,839161.0,5874126,5034964.0,34.0,12.03,35.66,10.31,41.61,50.0,10.0,5.0,35.0,30.0
2026-08-28,2026-09-04,23910.9,23873.45,0.16,Low,Consumer Discretionary,Priority Jewels Ltd.,Small Cap,10.0,200.0,28.0,228.0,230.0,15.0,241.5,20.75,301.6,50.8,39.87,152.22,195.04,106.76,145.66,6.24,14.49,25.36,0.74,3.27,12.73,1.94,4575000,2287500.0,457500.0,228750.0,1601250,1372500.0,75.0,13.15,15.21,14.39,13.9,50.0,10.0,5.0,35.0,30.0
2026-08-27,2026-09-03,23997.95,23914.45,0.35,Low,Industrials,Lumino Industries Ltd.,Small Cap,5.0,82.0,38.0,120.0,110.0,34.15,110.32,34.54,102.46,24.95,232.79,201.9,151.83,40.27,729.58,11.62,24.52,31.89,0.73,6.4,24.52,3.5,85365851,42073169.0,8414634.0,4207317.0,29451219,25243901.0,182.0,6.57,12.48,5.25,15.62,49.29,9.86,4.93,34.5,29.57
2026-08-25,2026-09-02,23858.0,24055.8,-0.82,Low,Industrials,Annu Projects Ltd.,Small Cap,10.0,99.0,-7.0,92.0,72.0,-27.27,75.6,-23.64,48.22,-51.29,1.72,3.09,4.47,2.68,155.26,17.88,17.29,20.59,0.2,11.72,17.29,3.88,17683000,1768300.0,4715467.0,2357733.0,8841500,0.0,151.0,6.91,14.33,5.04,19.64,10.0,26.67,13.33,50.0,0.0
2026-08-24,2026-09-01,24077.55,24080.4,-0.01,Low,Services,Skyways Air Services Ltd.,Small Cap,10.0,138.0,33.0,171.0,124.0,-10.14,125.56,-9.01,113.26,-17.93,139.69,91.33,79.04,25.4,332.64,3.85,19.52,14.61,1.42,2.14,15.85,5.9,42231600,21080000.0,4234400.0,2117200.0,14800000,12648000.0,100.0,5.46,25.27,4.37,31.58,49.92,10.03,5.01,35.04,29.95
2026-08-24,2026-09-01,24077.55,24080.4,-0.01,Low,Industrials,Hy-Tech Engineers Ltd.,Small Cap,5.0,53.0,39.0,92.0,75.0,41.51,78.75,48.58,72.29,36.4,249.71,341.2,556.48,175.1,122.02,22.18,21.39,20.46,0.24,11.77,21.39,4.37,25610204,12805101.0,2561021.0,1280510.0,8963572,7683060.0,283.0,2.7,19.63,2.38,22.27,50.0,10.0,5.0,35.0,30.0
2026-08-24,2026-09-01,24077.55,24080.4,-0.01,Low,Healthcare,Symbiotec Pharmalab Ltd.,Small Cap,2.0,988.0,185.0,1173.0,988.0,0.0,1097.7,11.1,1176.75,19.1,181.2,87.34,58.01,13.69,1158.64,27.26,12.66,11.8,0.33,12.8,11.79,6.58,17786442,8876516.0,1775304.0,887652.0,6213563,5325909.0,15.0,17.52,56.39,17.1,57.78,49.91,9.98,4.99,34.93,29.94
2026-08-21,2026-08-31,24117.55,24175.65,-0.24,Low,Materials,Augmont Enterprises Ltd.,Small Cap,5.0,788.0,290.0,1078.0,961.0,21.95,908.15,15.25,1086.55,37.89,238.46,133.36,116.18,32.64,926.87,0.46,74.19,70.1,0.05,0.34,69.47,15.09,10469540,5209389.0,1041878.0,520939.0,3646573,3125633.0,19.0,41.71,18.89,38.12,20.67,49.76,9.95,4.98,34.83,29.85
2026-08-20,2026-08-28,24122.6,24090.85,0.13,Low,Manufacturing,Tempsens Instruments (India) Ltd.,Small Cap,4.0,300.0,330.0,630.0,634.0,111.33,586.65,95.55,526.75,75.58,302.88,331.34,280.66,61.0,496.89,24.83,13.54,21.61,0.15,15.59,13.55,4.87,21666666,10808332.0,2161667.0,1080833.0,7565834,6484999.0,50.0,8.81,34.05,8.48,35.38,49.88,9.98,4.99,34.92,29.93
2026-08-19,2026-08-26,24341.95,24334.55,0.03,Neutral,Financials,Gaja Alternative Asset Management Ltd.,Small Cap,5.0,160.0,18.5,178.5,185.0,15.62,168.67,5.42,140.05,-12.47,45.87,76.03,44.85,11.61,606.52,45.66,17.19,13.96,0.01,50.24,15.31,4.29,34375000,17187500.0,3437500.0,1718750.0,12031250,10312500.0,93.0,7.26,22.04,5.81,27.54,50.0,10.0,5.0,35.0,30.0
2026-08-18,2026-08-25,24175.75,24219.05,-0.18,Low,Consumer Discretionary,Shankesh Jewellers Ltd.,Small Cap,5.0,93.0,2.75,95.75,103.3,11.08,94.82,1.96,90.25,-2.96,1.32,5.29,6.46,2.42,209.43,4.65,40.08,26.28,1.44,2.87,40.07,10.84,39482000,19741000.0,3948200.0,1974100.0,13818700,11844600.0,160.0,9.08,10.24,7.26,12.81,50.0,10.0,5.0,35.0,30.0
2026-08-18,2026-08-25,24175.75,24219.05,-0.18,Low,Services,Sunshine Pictures Ltd.,Small Cap,10.0,360.0,50.0,410.0,395.9,9.97,369.2,2.56,453.65,26.01,123.52,198.42,194.27,56.6,145.13,49.12,39.24,41.23,0.11,33.35,32.8,9.03,7837191,3918576.0,783728.0,391864.0,2743023,2351140.0,41.0,15.19,23.7,12.85,28.02,50.0,10.0,5.0,35.0,30.0
2026-08-17,2026-08-24,24285.05,24252.0,0.14,Neutral,Consumer Discretionary,Lalithaa Jewellery Mart Ltd.,Mid Cap,5.0,201.0,74.0,275.0,265.0,31.84,248.44,23.6,381.9,90.0,153.8,90.47,53.59,12.51,3033.14,6.75,41.6,42.6,0.53,4.04,39.9,3.43,84608276,42139302.0,8427861.0,4213930.0,29497513,25283581.0,74.0,20.2,9.95,18.04,11.14,49.81,9.96,4.98,34.86,29.88
2026-08-17,2026-08-24,24285.05,24252.0,0.14,Neutral,Real Estate,Horizon Industrial Parks Ltd.,Mid Cap,10.0,60.0,1.5,61.5,60.25,0.42,58.16,-3.07,50.28,-16.2,1.94,1.19,0.7,1.02,4676.16,79.16,-4.23,,1.47,-26.52,-4.23,2.15,433409090,324375000.0,43250000.0,21625000.0,43250000,194625000.0,250.0,-0.83,-72.29,-0.71,-84.51,74.84,9.98,4.99,9.98,44.91
2026-08-12,2026-08-19,24152.05,24154.9,-0.01,Neutral,Services,Shiprocket Ltd.,Small Cap,10.0,97.0,35.0,132.0,131.0,35.05,143.45,47.89,120.16,23.88,125.2,103.18,71.39,48.38,1524.29,-0.8,-5.2,-2.65,0.16,-3.81,-5.2,4.05,166761566,124985948.0,16664793.0,8332396.0,16664793,74991568.0,154.0,-1.25,-77.6,-1.09,-88.99,74.95,9.99,5.0,9.99,44.97
2026-08-12,2026-08-19,24152.05,24154.9,-0.01,Neutral,Industrials,Behari Lal Engineering Ltd.,Small Cap,10.0,285.0,133.0,418.0,465.0,63.16,502.2,76.21,485.6,70.39,159.1,162.29,179.26,54.12,306.1,18.97,23.6,27.11,0.06,12.1,21.12,3.63,10583158,5291578.0,1058316.0,529158.0,3704106,3174946.0,52.0,16.56,17.21,15.28,18.65,50.0,10.0,5.0,35.0,30.0
2026-08-11,2026-08-18,24223.85,24287.65,-0.26,Neutral,Consumer Discretionary,Milky Mist Dairy Food Ltd.,Mid Cap,2.0,140.0,19.7,159.7,165.0,17.86,181.5,29.64,316.46,126.04,164.03,39.09,32.08,8.86,378.0,13.21,15.11,9.54,4.2,1.96,18.98,37.04,110943192,55392855.0,11078572.0,5539285.0,38775000,33235713.0,107.0,1.9,73.68,1.65,84.85,49.93,9.99,4.99,34.95,29.96
2026-08-10,2026-08-17,24343.45,24366.0,-0.09,Neutral,Healthcare,Molbio Diagnostics Ltd.,Mid Cap,1.0,807.0,116.0,923.0,980.0,21.44,1041.7,29.08,1308.9,62.19,186.39,50.82,47.76,12.97,1144.68,24.97,16.2,20.98,0.36,13.48,15.23,9.55,11646246,5812862.0,1162573.0,581287.0,4069005,3487717.0,18.0,14.56,55.43,14.24,56.67,49.91,9.98,4.99,34.94,29.95
2026-08-10,2026-08-17,24343.45,24366.0,-0.09,Neutral,Auto & Auto Ancillaries,Dhoot Transmission Ltd.,Mid Cap,2.0,871.0,262.0,1133.0,1200.0,37.77,1187.05,36.29,1488.8,70.93,209.02,59.41,40.56,8.32,2397.15,17.15,35.6,29.66,0.78,10.19,36.18,12.76,35218047,17571096.0,3514220.0,1757110.0,12299768,10542657.0,17.0,21.06,41.36,19.4,44.9,49.89,9.98,4.99,34.92,29.94
2026-08-07,2026-08-14,24361.9,24395.85,-0.14,Neutral,Industrials,Technocraft Ventures Ltd.,Small Cap,10.0,212.0,42.0,254.0,284.0,33.96,311.15,46.77,476.55,124.79,42.26,63.97,67.24,25.35,163.38,20.92,26.51,27.72,0.55,12.56,26.51,3.91,11881000,5940500.0,1188100.0,594050.0,4158350,3563810.0,70.0,14.39,14.73,10.94,19.38,50.0,10.0,5.0,35.0,30.0
2026-08-07,2026-08-14,24361.9,24395.85,-0.14,Neutral,Services,LEAP India Ltd.,Small Cap,1.0,159.0,13.0,172.0,165.9,4.34,144.93,-8.85,137.78,-13.35,17.73,14.5,10.93,1.81,1006.33,50.69,6.48,19.06,1.01,8.34,6.19,6.48,155974840,77948111.0,15589623.0,7794811.0,54563679,46768854.0,94.0,1.52,104.61,1.42,111.97,49.97,9.99,5.0,34.98,29.98
2026-08-05,2026-08-12,24472.45,24471.7,0.0,High,Materials,Ardee Industries Ltd.,Small Cap,2.0,53.0,17.0,70.0,72.0,35.85,67.12,26.64,50.77,-4.21,202.26,289.87,220.51,47.77,147.38,8.88,72.0,25.17,2.65,4.48,53.15,21.54,80351950,40175974.0,8035195.0,4017598.0,28123183,24105584.0,281.0,3.32,15.96,2.69,19.7,50.0,10.0,5.0,35.0,30.0
2026-07-30,2026-08-06,24641.0,24624.65,0.07,High,Energy,Juniper Green Energy Ltd.,Mid Cap,10.0,225.0,23.0,248.0,245.0,8.89,259.71,15.43,273.3,21.47,26.22,2.07,1.6,0.98,122.89,85.99,1.18,2.79,105.14,5.03,1.18,3.21,80009150,39955555.0,7991112.0,3995555.0,27968889,23973333.0,66.0,0.83,271.08,0.71,316.9,49.94,9.99,4.99,34.96,29.96
2026-07-30,2026-08-06,24641.0,24624.65,0.07,High,Manufacturing,MV Electrosystems Ltd.,Small Cap,5.0,425.0,109.0,534.0,520.0,22.35,624.0,46.82,818.15,92.51,96.12,419.68,354.64,218.26,62.57,-19.97,-31.55,-17.69,0.8,-25.36,-20.29,13.9,6823528,5117680.0,682335.0,341167.0,682346,3070587.0,34.0,-6.17,-68.88,-4.63,-91.79,75.0,10.0,5.0,10.0,45.0
2026-07-29,2026-08-05,24669.2,24614.9,0.22,High,Healthcare,Manipal Health Enterprises Ltd.,Large Cap,2.0,590.0,7.0,597.0,652.0,10.51,666.95,13.04,708.3,20.05,8.54,1.13,0.94,0.98,8440.92,27.05,10.57,21.88,1.25,8.87,10.57,8.13,157233715,117714614.0,15695282.0,7847640.0,15695281,70628768.0,25.0,7.77,75.93,6.97,84.65,74.87,9.98,4.99,9.98,44.92
2026-07-23,2026-07-30,24249.55,24250.2,-0.0,High,Manufacturing,Lohia Corp Ltd.,Small Cap,1.0,425.0,17.0,442.0,461.0,8.47,494.6,16.38,557.15,31.09,9.11,7.35,5.77,2.78,,19.53,36.8,40.92,0.23,11.13,72.95,8.61,25931407,19298556.0,2573141.0,1286570.0,2573140,11579133.0,35.0,18.31,23.21,18.31,23.21,74.42,9.92,4.96,9.92,44.65
2026-07-23,2026-07-30,24249.55,24250.2,-0.0,High,Manufacturing,Indo-MIM Ltd.,Mid Cap,1.0,485.0,184.0,669.0,700.0,44.33,741.75,52.94,1242.45,156.18,204.34,57.68,36.54,6.69,2819.55,28.01,19.94,23.51,0.57,12.73,19.94,10.63,78618857,39209428.0,7841885.0,3920944.0,27446600,23525656.0,30.0,11.02,44.01,10.79,44.95,49.87,9.97,4.99,34.91,29.92
2026-07-23,2026-07-30,24249.55,24250.2,-0.0,High,Technology,Xtranet Technologies Ltd.,Small Cap,10.0,127.0,14.5,141.5,136.0,7.09,129.2,1.73,285.05,124.45,7.13,26.72,26.53,8.98,136.01,17.3,34.78,32.52,0.63,11.15,29.6,3.66,13134000,6567000.0,1313400.0,656700.0,4596900,3940200.0,110.0,10.4,12.21,7.79,16.3,50.0,10.0,5.0,35.0,30.0
2026-07-17,2026-07-24,23666.35,23869.6,-0.85,Low,Energy,Caliber Mining & Logistics Ltd.,Small Cap,10.0,424.0,60.0,484.0,500.25,17.98,528.2,24.58,532.05,25.48,253.88,309.31,227.37,43.4,647.54,25.69,24.38,16.6,1.63,9.41,24.38,7.33,10613206,5306602.0,1061321.0,530660.0,3714623,3183961.0,35.0,28.23,15.02,24.15,17.55,50.0,10.0,5.0,35.0,30.0
2026-07-14,2026-07-21,24216.05,24238.5,-0.09,Neutral,Manufacturing,Alpine Texworld Ltd.,Small Cap,10.0,105.0,1.0,106.0,105.0,0.0,99.75,-5.0,47.8,-54.48,1.09,0.9,1.48,1.54,72.88,13.84,33.85,17.56,2.35,6.34,29.44,3.78,12024000,120240.0,2324640.0,1162320.0,8416800,0.0,142.0,8.28,12.68,5.68,18.49,1.0,19.33,9.67,70.0,0.0
2026-07-14,2026-07-21,24216.05,24238.5,-0.09,Neutral,Financials,SBI Funds Management Ltd.,Large Cap,1.0,574.0,65.0,639.0,613.3,6.85,609.75,6.23,516.05,-10.1,140.11,26.01,15.51,3.76,5963.06,94.86,33.77,,,61.64,33.77,14.05,170956631,77321826.0,15464366.0,7732183.0,54125280,46393095.0,26.0,15.06,38.12,15.06,38.12,45.23,9.05,4.52,31.66,27.14
2026-07-09,2026-07-16,24142.1,24078.5,0.26,Neutral,Industrials,Laser Power & Infra Ltd.,Small Cap,5.0,214.0,39.0,253.0,250.0,16.82,262.42,22.63,263.85,23.29,97.25,50.32,36.43,6.95,725.41,12.96,23.32,17.83,1.1,6.46,20.9,3.39,34672895,17336446.0,3467290.0,1733645.0,12135514,10401867.0,70.0,13.18,16.24,10.8,19.82,50.0,10.0,5.0,35.0,30.0
2026-07-08,2026-07-15,24085.85,24052.05,0.14,Neutral,Manufacturing,Kusumgar Ltd.,Small Cap,1.0,419.0,161.0,580.0,569.0,35.8,602.8,43.87,600.95,43.42,299.09,189.3,143.97,27.95,502.95,27.15,25.82,24.76,0.44,13.8,25.82,8.45,15521698,7714796.0,1542960.0,771479.0,5400358,4628877.0,35.0,9.35,44.8,9.35,44.8,49.7,9.94,4.97,34.79,29.82
2026-07-01,2026-07-08,24259.55,24398.7,-0.57,High,Manufacturing,Knack Packaging Ltd.,Small Cap,10.0,170.0,13.0,183.0,188.0,10.59,182.98,7.64,180.0,5.88,160.03,163.83,112.04,21.08,308.19,20.42,35.75,46.71,0.62,10.99,35.47,5.52,25865164,12867646.0,2573530.0,1286765.0,9007353,7720587.0,88.0,9.27,18.33,7.58,22.44,49.75,9.95,4.97,34.82,29.85
2026-06-29,2026-07-06,24306.85,24270.85,0.15,High,Manufacturing,Aastha Spintex Ltd.,Small Cap,10.0,136.0,5.0,141.0,130.0,-4.41,136.49,0.36,34.15,-74.89,3.59,9.11,6.66,2.54,153.18,13.2,23.21,18.89,0.79,6.53,18.93,3.11,12500000,2500000.0,3333334.0,1666666.0,5000000,0.0,110.0,7.24,18.78,5.3,25.65,20.0,26.67,13.33,40.0,0.0
2026-06-24,2026-07-02,24062.2,24005.85,0.23,High,Technology,CSM Technologies Ltd.,Small Cap,10.0,113.0,0.0,113.0,113.0,0.0,107.35,-5.0,98.17,-13.12,1.02,1.65,1.33,1.63,88.88,14.69,20.73,22.62,0.46,7.02,18.49,0.95,12901000,6385500.0,1277100.0,638550.0,4469850,1770120.0,132.0,3.64,31.05,3.8,29.75,49.5,9.9,4.95,34.65,13.72
2026-06-23,2026-07-01,23897.65,23865.75,0.13,High,Services,Waterways Leisure Tourism Ltd.,Small Cap,10.0,808.0,-51.0,757.0,681.0,-15.72,668.1,-17.31,102.59,-87.3,0.72,0.94,1.83,4.4,80.2,0.2,0.92,1.14,1.27,0.09,92.7,65.64,7240099,5430076.0,724009.0,362005.0,724009,3258045.0,18.0,8.0,100.96,7.2,112.18,75.0,10.0,5.0,10.0,45.0
2026-06-23,2026-07-01,23897.65,23865.75,0.13,High,Consumer Discretionary,Advit Jewels Ltd.,Small Cap,10.0,138.0,49.5,187.5,188.9,36.88,179.46,30.04,285.98,107.23,174.98,553.65,501.83,95.3,83.65,29.73,55.79,27.48,1.29,20.3,43.64,7.6,11968000,5981300.0,1197800.0,598900.0,4190000,3588700.0,100.0,7.5,18.41,7.41,18.64,49.98,10.01,5.0,35.01,29.99
2026-06-19,2026-06-29,24061.75,24056.0,0.02,High,Technology,Turtlemint Fintech Solutions Ltd.,Small Cap,1.0,152.0,-5.0,147.0,134.9,-11.25,135.37,-10.94,76.44,-49.71,1.63,0.54,0.56,1.11,295.68,12.44,-95.18,-59.09,0.15,-28.0,-47.29,0.02,58070398,43552800.0,5807040.0,2903519.0,5807039,26131680.0,98.0,-7.73,-19.66,-8.48,-17.91,75.0,10.0,5.0,10.0,45.0
2026-06-05,2026-06-12,23412.55,23161.6,1.08,Low,Healthcare,Hexagon Nutrition Ltd.,Small Cap,1.0,45.0,2.75,47.75,53.19,18.2,53.19,18.2,68.6,52.44,19.77,183.16,118.15,26.85,223.05,12.33,10.47,17.06,0.14,7.36,12.46,2.83,30859704,15429851.0,3085971.0,1542985.0,10800897,9257696.0,333.0,1.98,22.69,2.93,15.35,50.0,10.0,5.0,35.0,30.0
2026-06-03,2026-06-10,23233.95,23242.1,-0.04,Low,Industrials,CMR Green Technologies Ltd.,Small Cap,2.0,192.0,66.5,258.5,268.0,39.58,241.2,25.62,224.83,17.1,270.46,187.21,142.61,27.08,594.18,4.56,0.11,11.04,0.59,2.32,31.08,9.17,32858323,16357322.0,3271465.0,1635732.0,11450126,9814393.0,78.0,7.08,27.13,9.88,19.42,49.78,9.96,4.98,34.85,29.87
2026-04-30,2026-05-08,24233.65,24326.65,-0.38,High,Financials,OnEMI Technology Solutions Ltd.,Small Cap,1.0,171.0,18.0,189.0,190.0,11.11,208.63,22.01,369.55,116.11,25.97,8.59,3.53,2.13,1254.34,29.82,17.74,,1.5,11.87,15.97,0.91,54147390,27073694.0,5414739.0,2707370.0,18951587,16244216.0,87.0,13.52,12.65,15.77,10.84,50.0,10.0,5.0,35.0,30.0
2026-04-09,2026-04-17,24165.9,24196.75,-0.13,High,Industrials,Om Power Transmission Ltd.,Small Cap,10.0,175.0,2.0,177.0,186.0,6.29,193.38,10.5,156.95,-10.31,3.65,8.08,5.02,1.54,119.84,12.66,35.83,41.76,0.26,7.84,30.4,5.93,8575000,4287500.0,857500.0,428750.0,3001250,2572270.0,85.0,8.28,21.13,9.1,19.23,50.0,10.0,5.0,35.0,30.0
2026-03-24,2026-04-02,22383.4,22679.4,-1.31,Low,Manufacturing,Amir Chand Jagdish Kumar (Exports) Ltd.,Small Cap,10.0,212.0,3.5,215.5,200.0,-5.66,180.0,-15.09,207.0,-2.36,1.18,16.04,8.12,1.44,440.89,8.18,17.61,14.36,2.07,3.04,17.61,4.58,20754716,10377357.0,2075472.0,1037736.0,7264151,2830380.0,70.0,7.35,28.86,9.4,22.56,50.0,10.0,5.0,35.0,13.64
2026-03-24,2026-04-02,22383.4,22679.4,-1.31,Low,Industrials,Powerica Ltd.,Small Cap,5.0,395.0,7.0,402.0,366.0,-7.34,390.0,-1.27,600.6,52.05,4.74,0.47,0.46,0.16,1214.52,13.03,17.53,27.02,0.24,6.49,15.37,3.96,27853332,13898732.0,2779748.0,1389873.0,9729114,8339239.0,37.0,16.16,24.45,21.26,18.58,49.9,9.98,4.99,34.93,29.94
2026-03-24,2026-04-02,22383.4,22679.4,-1.31,Low,Healthcare,Sai Parenteral's Ltd.,Small Cap,5.0,392.0,0.0,392.0,400.0,2.04,405.7,3.49,529.3,35.03,1.73,3.56,0.24,0.12,209.37,24.18,16.82,28.92,0.98,8.88,15.09,10.89,10428288,5214143.0,1042829.0,521415.0,3649901,3128485.0,38.0,5.43,72.19,3.27,120.02,50.0,10.0,5.0,35.0,30.0
2026-03-20,2026-03-30,22549.65,22819.6,-1.18,Low,Services,Central Mine Planning & Design Institute Ltd.,Mid Cap,2.0,172.0,5.0,177.0,160.0,-6.98,154.06,-10.43,209.21,21.63,3.48,0.27,0.52,0.35,2153.78,42.1,36.7,48.6,0.0,30.6,36.7,6.01,107100000,45517500.0,9103500.0,4551750.0,31862250,27310500.0,80.0,9.34,18.41,7.94,21.65,42.5,8.5,4.25,29.75,25.5
2026-03-16,2026-03-24,22878.45,22512.65,1.62,Low,Agriculture,GSP Crop Science Ltd.,Small Cap,10.0,320.0,2.0,322.0,328.0,2.5,356.25,11.33,467.15,45.98,2.66,4.11,1.2,0.42,529.85,12.74,18.38,19.8,0.58,6.26,19.85,2.77,12500000,6250000.0,1250000.0,625000.0,4375000,3750000.0,46.0,20.87,15.34,21.22,9.18,50.0,10.0,5.0,35.0,30.0
2026-03-10,2026-03-23,22824.35,23114.5,-1.26,Low,Services,Innovision Ltd.,Small Cap,10.0,519.0,-92.0,427.0,467.7,-9.88,374.2,-27.9,252.0,-51.45,14.3,10.29,5.22,0.6,102.33,5.79,35.45,40.77,0.97,3.25,35.45,11.98,6151294,61512.0,1394294.0,697146.0,3998342,0.0,27.0,15.36,33.8,16.8,30.89,1.0,22.67,11.33,65.0,0.0
2026-03-09,2026-03-19,23197.75,23777.8,-2.44,Low,Industrials,Rajputana Stainless Ltd.,Small Cap,10.0,122.0,3.0,125.0,122.0,0.0,113.03,-7.35,168.36,38.0,2.51,3.74,0.31,0.27,176.65,7.92,30.17,31.72,0.66,4.28,26.23,5.53,20900000,2090000.0,3762000.0,1881000.0,13167000,0.0,110.0,5.78,21.1,5.84,20.88,10.0,18.0,9.0,63.0,0.0
2026-03-04,2026-03-11,24231.85,24261.6,-0.12,Low,Auto & Auto Ancillaries,SEDEMAC Mechatronics Ltd.,Small Cap,10.0,1352.0,0.0,1352.0,1535.0,13.54,1451.1,7.33,3494.5,158.47,8.46,0.89,0.53,0.2,411.23,19.0,22.01,33.79,0.21,7.15,15.48,18.89,8043300,4017565.0,803514.0,401756.0,2812296,2410401.0,11.0,10.65,126.91,21.59,62.63,49.95,9.99,4.99,34.96,29.97
2026-02-25,2026-03-05,24615.95,24480.5,0.55,Low,Manufacturing,Omnitech Engineering Ltd.,Small Cap,5.0,227.0,0.0,227.0,202.0,-11.01,204.93,-9.72,564.05,148.48,3.0,0.74,0.82,0.35,232.27,34.31,21.55,16.08,1.6,12.54,21.46,11.45,25685062,12819382.0,2563877.0,1281938.0,8973569,7691629.0,66.0,4.17,54.47,4.49,50.53,49.91,9.98,4.99,34.94,29.95
2026-02-24,2026-03-04,24388.8,24865.7,-1.92,Low,Consumer Discretionary,PNGS Reva Diamond Jewellery Ltd.,Small Cap,10.0,386.0,-20.0,366.0,375.0,-2.85,411.7,6.66,511.65,32.55,1.09,1.73,1.46,1.37,120.31,41.81,165.9,79.8,0.9,23.04,59.36,8.42,9832000,7388800.0,970667.0,485333.0,977216,4419200.0,32.0,35.21,10.96,18.76,20.57,75.15,9.87,4.94,9.94,44.95
2026-02-23,2026-03-02,24659.25,25178.65,-2.06,Low,Manufacturing,Shree Ram Twistex Ltd.,Small Cap,10.0,104.0,-28.0,76.0,68.0,-34.62,71.4,-31.35,37.26,-64.17,3.94,240.94,179.0,76.63,80.7,8.57,11.36,13.37,0.84,3.14,11.36,4.13,10600000,7950000.0,1060000.0,530000.0,1060000,0.0,144.0,2.72,38.21,3.5,29.69,75.0,10.0,5.0,10.0,0.0
2026-02-23,2026-03-02,24659.25,25178.65,-2.06,Low,Energy,Clean Max Enviro Energy Solutions Ltd.,Mid Cap,1.0,1053.0,-35.0,1018.0,960.0,-8.83,867.5,-17.62,1327.2,26.04,3.02,0.82,0.07,0.07,2598.34,63.03,1.27,6.99,1.97,1.21,1.09,4.2,29315993,14500598.0,2900120.0,1450060.0,10150420,8746437.0,14.0,1.84,634.34,3.25,324.28,49.46,9.89,4.95,34.62,29.84
2026-02-20,2026-02-27,25459.85,25496.55,-0.14,Neutral,Healthcare,Gaudium IVF & Women Health Ltd.,Small Cap,5.0,79.0,0.0,79.0,83.0,5.06,80.26,1.59,111.15,40.7,1.62,12.71,16.73,7.6,58.85,40.48,41.31,39.7,0.41,26.96,41.71,10.48,20886200,10443100.0,2088620.0,1044310.0,7310170,6265860.0,189.0,3.12,25.36,3.44,22.99,50.0,10.0,5.0,35.0,30.0
2026-02-09,2026-02-16,25423.6,25471.1,-0.19,Neutral,Financials,Aye Finance Ltd.,Small Cap,2.0,129.0,-2.0,127.0,129.0,0.0,128.91,-0.07,155.89,20.84,1.59,0.02,0.11,0.81,1727.37,,12.12,,2.73,11.64,12.12,1.71,78294571,58720930.0,7829457.0,3914728.0,7829456,35232558.0,116.0,9.14,14.11,5.24,24.64,75.0,10.0,5.0,10.0,45.0
2026-02-09,2026-02-16,25423.6,25471.1,-0.19,Neutral,Technology,Fractal Analytics Ltd.,Mid Cap,1.0,900.0,-28.0,872.0,876.0,-2.67,847.15,-5.87,740.2,-17.76,4.39,1.23,0.86,1.1,1957.5,14.4,12.6,,0.15,8.0,12.6,8.65,31557305,23115833.0,3082111.0,1541055.0,3082110,13869499.0,16.0,13.74,65.5,8.25,109.12,73.25,9.77,4.88,9.77,43.95
2026-01-20,2026-01-28,25258.85,25175.4,0.33,Low,Services,Shadowfax Technologies Ltd.,Small Cap,10.0,124.0,-3.5,120.5,112.6,-9.19,109.98,-11.31,280.25,126.01,4.0,0.66,1.33,2.43,693.53,1.96,0.97,3.07,0.2,0.24,0.97,8.97,153812014,115056593.0,15340879.0,7670439.0,15340878,69033955.0,120.0,0.12,1017.96,0.73,170.39,74.8,9.97,4.99,9.97,44.88
2026-01-13,2026-01-21,25141.0,25232.5,-0.36,Low,Technology,Amagi Media Labs Ltd.,Small Cap,5.0,361.0,-1.0,360.0,318.0,-11.91,348.25,-3.53,549.45,52.2,33.13,44.24,26.29,9.54,859.34,2.02,-13.49,,0.0,-5.62,-13.49,14.1,49546221,37159666.0,4954622.0,2477311.0,4954622,22295799.0,41.0,-3.55,-101.78,0.6,603.54,75.0,10.0,5.0,10.0,45.0
2026-01-09,2026-01-19,25653.1,25694.35,-0.16,Low,Energy,Bharat Coking Coal Ltd.,Mid Cap,10.0,23.0,18.5,41.5,45.0,95.65,40.58,76.43,32.8,42.61,310.81,275.64,222.78,49.37,5830.89,16.36,20.83,30.13,0.27,8.61,20.83,1.63,465700000,197922500.0,39584500.0,19792250.0,138545750,118753500.0,600.0,2.66,8.64,0.53,43.23,42.5,8.5,4.25,29.75,25.5
2025-12-22,2025-12-30,25940.9,25942.1,-0.0,Neutral,Healthcare,Gujarat Kidney & Super Speciality Ltd.,Small Cap,2.0,114.0,1.5,115.5,120.0,5.26,104.54,-8.3,179.05,57.06,1.06,5.25,6.68,19.04,30.56,41.12,36.61,37.65,0.15,23.61,36.61,22.62,22000000,16500000.0,2200000.0,1100000.0,2200000,8773120.0,128.0,1.85,61.62,2.74,41.59,75.0,10.0,5.0,10.0,39.88
2025-12-16,2025-12-23,26205.2,26172.4,0.13,High,Industrials,KSH International Ltd.,Small Cap,5.0,384.0,-2.0,382.0,370.0,-3.65,355.0,-7.55,1001.1,160.7,1.46,0.28,0.88,1.0,321.47,6.35,22.77,16.6,1.17,3.51,22.77,7.31,16782501,8391249.0,1678250.0,839126.0,5873876,5546874.0,39.0,11.97,32.09,13.39,28.68,50.0,10.0,5.0,35.0,33.05
2025-12-12,2025-12-19,25911.5,25815.55,0.37,Low,Financials,ICICI Prudential Asset Management Co.Ltd.,Large Cap,1.0,2165.0,460.0,2625.0,2600.0,20.09,2585.9,19.44,3136.7,44.88,123.87,25.42,15.28,2.53,3921.56,73.04,82.8,,,53.23,82.8,30.41,48972994,23262172.0,4652435.0,2326217.0,16283521,13957303.0,6.0,53.63,40.37,65.46,33.07,47.5,9.5,4.75,33.25,28.5
2025-12-10,2025-12-17,25902.4,25860.1,0.16,Low,Healthcare,Nephrocare Health Services Ltd.,Small Cap,2.0,460.0,40.0,500.0,490.0,6.52,471.25,2.45,659.75,43.42,26.79,30.42,13.45,2.36,716.06,22.05,13.45,18.67,0.38,8.88,13.19,7.72,18943264,9429865.0,1885973.0,942987.0,6600907,5657919.0,32.0,7.24,63.52,2.84,162.19,49.78,9.96,4.98,34.85,29.87
2025-12-10,2025-12-17,25902.4,25860.1,0.16,Low,Healthcare,Park Medi World Ltd.,Small Cap,2.0,162.0,0.0,162.0,158.8,-1.98,147.95,-8.67,274.95,69.72,12.07,18.34,11.12,3.32,1153.05,26.71,20.68,17.47,0.61,15.3,20.08,6.09,56790123,28395060.0,5679013.0,2839506.0,19876544,17037036.0,92.0,5.55,29.21,6.44,25.14,50.0,10.0,5.0,35.0,30.0
2025-12-08,2025-12-15,25930.05,26046.95,-0.45,Neutral,Manufacturing,Wakefit Innovations Ltd.,Small Cap,1.0,195.0,4.0,199.0,195.0,0.0,192.29,-1.39,143.82,-26.25,3.04,0.88,1.41,3.17,557.34,7.13,-6.58,-0.68,0.53,-2.75,-6.72,11.5,66096866,49572651.0,6609686.0,3304843.0,6609686,29743590.0,76.0,-1.14,-171.29,2.18,89.58,75.0,10.0,5.0,10.0,45.0
2025-12-08,2025-12-15,25930.05,26046.95,-0.45,Neutral,Healthcare,Corona Remedies Ltd.,Small Cap,10.0,1062.0,342.5,1404.5,1470.0,38.42,1438.4,35.44,2093.4,97.12,293.44,246.55,167.11,30.37,607.02,20.55,27.5,41.32,0.1,12.49,24.65,10.71,6174051,3058007.0,611602.0,305801.0,2140606,1834804.0,14.0,24.43,43.47,30.21,35.15,49.53,9.91,4.95,34.67,29.72
2025-12-03,2025-12-10,25864.05,25839.65,0.09,Neutral,Consumer Discretionary,Meesho Ltd.,Mid Cap,1.0,111.0,42.0,153.0,162.5,46.4,170.09,53.23,227.75,105.18,123.34,43.64,32.28,19.89,968.87,-2.22,-252.37,,,-39.81,-252.37,30.16,488396721,366297541.0,48839672.0,24419836.0,48839672,219778524.0,135.0,-9.54,-11.63,-3.11,-35.75,75.0,10.0,5.0,10.0,45.0
2025-12-03,2025-12-10,25864.05,25839.65,0.09,Neutral,Manufacturing,Aequs Ltd.,Small Cap,10.0,124.0,24.0,148.0,140.0,12.9,151.29,22.01,279.48,125.39,122.86,79.84,91.11,81.02,796.04,11.68,-14.3,0.87,0.99,-11.07,-14.47,9.94,74355351,55633772.0,7417836.0,3708917.0,7417835,33380262.0,120.0,-1.66,-74.71,-0.51,-244.92,74.82,9.98,4.99,9.98,44.89
2025-12-03,2025-12-10,25864.05,25839.65,0.09,Neutral,Industrials,Vidya Wires Ltd.,Small Cap,1.0,52.0,3.5,55.5,52.0,0.0,53.17,2.25,94.41,81.56,5.45,51.16,65.5,29.98,178.37,4.32,24.57,19.72,0.88,2.74,24.57,5.0,57693307,28846652.0,5769332.0,2884665.0,20192658,17307991.0,288.0,2.55,20.36,2.27,22.94,50.0,10.0,5.0,35.0,30.0
2025-11-21,2025-11-28,26237.45,26215.55,0.08,High,Materials,Sudeep Pharma Ltd.,Small Cap,1.0,593.0,121.0,714.0,730.0,23.1,774.15,30.55,1205.8,103.34,213.08,134.91,80.33,15.65,688.32,39.7,27.88,30.03,0.2,27.63,27.88,12.93,15092749,7546373.0,1509276.0,754637.0,5282463,4527823.0,25.0,12.46,47.61,11.07,53.55,50.0,10.0,5.0,35.0,30.0
2025-11-19,2025-11-26,25842.95,25884.8,-0.16,Neutral,Technology,Excelsoft Technologies Ltd.,Small Cap,10.0,120.0,4.0,124.0,135.0,12.5,125.97,4.97,81.17,-32.36,50.06,122.93,75.25,16.44,375.95,31.4,10.38,16.11,0.05,14.87,10.38,3.23,41666666,20833333.0,4166667.0,2083333.0,14583333,12499999.0,125.0,3.47,34.62,2.09,57.46,50.0,10.0,5.0,35.0,30.0
2025-11-14,2025-11-21,26109.55,26192.15,-0.32,High,Technology,Capillary Technologies India Ltd.,Small Cap,2.0,577.0,55.0,632.0,571.9,-0.88,606.5,5.11,560.45,-2.87,57.27,85.4,38.71,15.85,509.38,13.13,2.85,2.76,0.18,2.37,2.85,8.87,15211431,11380003.0,1517334.0,758666.0,1517333,6828001.0,25.0,1.93,298.93,0.26,2214.95,74.81,9.97,4.99,9.97,44.89
2025-11-13,2025-11-20,26132.1,26052.65,0.3,High,Energy,Fujiyama Power Systems Ltd.,Small Cap,1.0,228.0,0.5,228.5,220.0,-3.51,208.44,-8.58,398.45,74.76,5.24,0.56,1.63,1.05,464.34,16.13,39.4,41.01,0.87,10.15,39.4,16.09,36315789,18048245.0,3609649.0,1804825.0,12633772,10828947.0,65.0,5.58,40.85,8.82,25.84,49.7,9.94,4.97,34.79,29.82
2025-11-12,2025-11-19,25918.1,25910.05,0.03,High,Auto & Auto Ancillaries,Tenneco Clean Air India Ltd.,Mid Cap,10.0,397.0,104.0,501.0,505.0,27.2,490.8,23.63,508.25,28.02,174.78,49.38,29.61,5.37,1250.38,16.67,42.65,56.78,,11.31,46.65,12.77,90680100,45340050.0,9068010.0,4534005.0,31738035,27204030.0,37.0,13.71,28.97,16.66,23.83,50.0,10.0,5.0,35.0,30.0
2025-11-11,2025-11-18,26021.8,26013.45,0.03,High,Energy,Emmvee Photovoltaic Power Ltd.,Mid Cap,2.0,217.0,0.0,217.0,217.0,0.0,219.4,1.11,315.9,45.58,1.33,0.2,0.54,1.16,718.79,30.91,104.6,23.33,3.63,15.8,69.44,24.25,133640552,100230415.0,13364054.0,6682028.0,13364055,60138249.0,69.0,6.22,34.9,10.84,20.01,75.0,10.0,5.0,10.0,45.0
2025-11-11,2025-11-18,26021.8,26013.45,0.03,High,Services,PhysicsWallah Ltd.,Mid Cap,1.0,109.0,14.0,123.0,145.0,33.03,155.24,42.42,123.48,13.28,2.86,0.58,0.37,1.14,1867.92,6.69,-12.5,,0.0,-8.43,-12.5,14.1,319330921,238967889.0,31862385.0,15931192.0,31862385,143380733.0,137.0,-0.93,-116.86,-1.76,-62.06,74.83,9.98,4.99,9.98,44.9
2025-11-07,2025-11-14,25767.9,25879.15,-0.43,High,Technology,Pine Labs Ltd.,Mid Cap,1.0,221.0,5.5,226.5,242.0,9.5,250.89,13.52,171.79,-22.27,3.97,0.25,0.42,1.27,2327.55,15.68,-4.15,,0.24,-6.25,-4.15,-9.85,176478303,132264978.0,17635330.0,8817665.0,17635330,79358986.0,67.0,-1.38,-160.13,0.17,1325.57,74.95,9.99,5.0,9.99,44.97
2025-11-04,2025-11-12,25834.3,25694.95,0.54,High,Financials,Billionbrains Garage Ventures Ltd.,Large Cap,2.0,100.0,5.0,105.0,112.0,12.0,131.33,31.33,183.91,83.91,22.02,16.28,10.04,9.43,5995.45,59.11,37.57,,0.07,44.92,37.57,11.76,663230051,497422539.0,66323005.0,33161502.0,66323005,298453523.0,150.0,3.01,33.26,2.45,40.79,75.0,10.0,5.0,10.0,45.0
2025-10-31,2025-11-10,25503.5,25492.3,0.04,Neutral,Services,Lenskart Solutions Ltd.,Large Cap,2.0,402.0,10.0,412.0,395.0,-1.74,403.1,0.27,685.05,70.41,40.35,21.81,11.06,7.56,6176.87,14.6,-106.0,13.84,0.06,4.24,4.84,11.03,181063669,135504020.0,18067202.0,9033601.0,18067202,81302412.0,37.0,1.77,227.27,1.41,284.96,74.84,9.98,4.99,9.98,44.9
2025-10-30,2025-11-07,25433.8,25509.7,-0.3,Neutral,Auto & Auto Ancillaries,Studds Accessories Ltd.,Small Cap,5.0,585.0,35.0,620.0,565.0,-3.42,560.3,-4.22,393.85,-32.68,159.99,83.08,64.79,22.08,469.77,17.96,16.64,20.25,-0.07,11.93,15.49,5.12,7786120,3893060.0,778612.0,389306.0,2725142,2335836.0,25.0,17.7,33.06,20.58,28.43,50.0,10.0,5.0,35.0,30.0
2025-10-29,2025-11-06,25593.35,25597.65,-0.02,Neutral,Consumer Discretionary,Orkla India Ltd.,Mid Cap,1.0,730.0,66.0,796.0,750.1,2.75,713.65,-2.24,543.0,-25.62,117.63,65.41,32.44,7.06,1931.12,16.6,13.8,32.7,,10.7,13.8,5.4,22843004,11406501.0,2281301.0,1140650.0,7984552,6843900.0,20.0,18.67,39.11,23.04,31.68,49.93,9.99,4.99,34.95,29.96
2025-10-15,2025-10-24,25935.1,25891.4,0.17,High,Consumer Discretionary,Midwest Ltd.,Small Cap,5.0,1065.0,100.0,1165.0,1165.0,9.39,1140.5,7.09,895.0,-15.96,146.91,201.72,126.13,25.52,577.03,27.43,19.42,18.84,0.43,17.17,22.11,6.5,4235724,2112675.0,422535.0,211268.0,1478873,1267605.0,14.0,39.42,27.01,26.97,39.49,49.88,9.98,4.99,34.91,29.93
2025-10-10,2025-10-17,25546.85,25585.3,-0.15,High,Financials,Canara HSBC Life Insurance Co.Ltd.,Mid Cap,10.0,106.0,3.0,109.0,106.0,0.0,111.42,5.11,148.51,40.1,7.05,0.28,0.44,0.42,1540.28,64.06,7.71,,,49.99,7.97,6.64,237500000,117975000.0,23595000.0,11797500.0,82582500,70785000.0,140.0,1.23,86.08,0.99,107.53,49.67,9.93,4.97,34.77,29.8
2025-10-09,2025-10-16,25394.9,25323.55,0.28,High,Financials,Canara Robeco Asset Management Co.Ltd.,Small Cap,10.0,266.0,20.0,286.0,280.25,5.36,300.45,12.95,224.7,-15.53,25.92,6.77,5.82,1.91,660.6,65.37,36.17,,,47.24,36.17,8.84,49854357,24927178.0,4985436.0,2492718.0,17449025,14956306.0,56.0,9.56,27.82,12.23,21.75,50.0,10.0,5.0,35.0,30.0
2025-10-09,2025-10-16,25394.9,25323.55,0.28,High,Healthcare,Rubicon Research Ltd.,Small Cap,1.0,485.0,120.0,605.0,620.0,27.84,628.2,29.53,1619.4,233.9,137.04,117.75,72.56,37.39,593.67,20.67,29.02,26.45,0.73,10.37,29.02,13.65,28405841,21274485.0,2836597.0,1418299.0,2836597,12764691.0,30.0,8.7,55.75,10.51,46.13,74.89,9.99,4.99,9.99,44.94
2025-10-07,2025-10-14,25277.55,25227.35,0.2,High,Consumer Discretionary,LG Electronics India Ltd.,Large Cap,10.0,1140.0,460.0,1600.0,1710.1,50.01,1689.9,48.24,1723.5,51.18,166.51,24.68,17.98,3.55,6447.85,12.76,37.13,42.91,0.0,8.95,37.13,13.04,101815859,50802565.0,10160514.0,5080256.0,35561796,30481539.0,13.0,32.46,35.12,30.25,37.69,49.9,9.98,4.99,34.93,29.94
2025-10-06,2025-10-13,25177.3,25285.35,-0.43,High,Financials,Tata Capital Ltd.,Large Cap,10.0,326.0,0.0,326.0,330.0,1.23,330.5,1.38,327.95,0.6,3.42,1.9,2.14,1.1,32761.73,71.69,12.6,,6.6,12.88,11.2,4.1,475824280,237312140.0,47462428.0,23731214.0,166118498,142387284.0,46.0,9.06,35.99,9.81,33.24,49.87,9.97,4.99,34.91,29.92
2025-10-03,2025-10-10,25167.65,25181.8,-0.06,High,Services,WeWork India Management Ltd.,Mid Cap,10.0,648.0,0.0,648.0,650.0,0.31,628.65,-2.99,660.45,1.92,1.79,0.23,0.21,0.62,199.7,63.41,63.8,,1.55,6.33,63.8,41.62,46296296,34677581.0,4623677.0,2311838.0,4623677,20806548.0,23.0,9.56,67.75,9.56,67.75,74.9,9.99,4.99,9.99,44.94
2025-09-30,2025-10-08,25079.75,25108.3,-0.11,Neutral,Agriculture,Advance Agrolife Ltd.,Small Cap,10.0,100.0,13.0,113.0,114.0,14.0,108.3,8.3,121.19,21.19,27.31,202.06,121.77,23.14,100.87,9.61,25.42,27.02,0.8,5.1,29.11,5.98,19285720,9627860.0,1925572.0,962786.0,6739502,5776716.0,150.0,5.7,17.55,3.99,25.07,49.92,9.98,4.99,34.95,29.95
2025-09-29,2025-10-07,25085.3,25077.65,0.03,Neutral,Healthcare,Fabtech Technologies Ltd.,Small Cap,10.0,191.0,0.0,191.0,192.0,0.52,182.4,-4.5,145.04,-24.06,2.02,1.65,2.6,2.09,173.11,14.07,30.46,24.46,0.32,13.83,26.83,3.57,12060000,6002526.0,1200506.0,600253.0,4201770,0.0,75.0,14.34,13.32,10.45,18.28,49.77,9.95,4.98,34.84,0.0
2025-09-29,2025-10-07,25085.3,25077.65,0.03,Neutral,Services,Glottis Ltd.,Small Cap,2.0,129.0,0.0,129.0,84.0,-34.88,83.7,-35.12,62.88,-51.26,1.84,3.77,1.71,1.47,98.53,8.34,56.98,72.58,0.22,5.97,56.98,10.47,23798640,7139592.0,4759728.0,2379864.0,9519456,4283755.0,114.0,7.02,18.38,6.08,21.23,30.0,20.0,10.0,40.0,18.0
2025-09-29,2025-10-08,25079.75,25108.3,-0.11,Neutral,Services,Om Freight Forwarders Ltd.,Small Cap,10.0,135.0,-3.0,132.0,81.5,-39.63,85.57,-36.61,94.0,-30.37,3.79,7.19,7.81,2.84,173.47,7.69,13.53,15.8,0.17,4.49,12.68,2.48,9060042,2583192.0,1176600.0,588300.0,4261845,1177710.0,111.0,6.9,19.56,6.53,20.67,28.51,12.99,6.49,47.04,13.0
2025-09-26,2025-10-06,24916.55,24894.25,0.09,Neutral,Technology,Pace Digitek Ltd.,Small Cap,2.0,219.0,12.0,231.0,225.0,2.74,217.99,-0.46,159.98,-26.95,1.69,3.25,2.66,1.09,1080.33,20.71,23.09,37.89,0.13,11.44,22.87,3.07,37413196,18656346.0,3731270.0,1865635.0,13059443,11193807.0,68.0,15.64,14.0,12.93,16.94,49.87,9.97,4.99,34.91,29.92
2025-09-25,2025-10-03,24759.55,24836.3,-0.31,Low,Industrials,Jinkushal Industries Ltd.,Small Cap,10.0,121.0,20.0,141.0,125.0,3.31,121.66,0.55,97.0,-19.83,35.7,141.05,157.05,47.04,86.19,7.52,28.3,18.39,0.58,5.03,21.22,4.18,9599548,4797643.0,959955.0,479978.0,3361972,2878500.0,120.0,6.43,18.8,4.99,24.26,49.98,10.0,5.0,35.02,29.99
2025-09-25,2025-10-03,24759.55,24836.3,-0.31,Low,Manufacturing,Trualt Bioenergy Ltd.,Small Cap,10.0,496.0,85.0,581.0,545.4,9.96,530.95,7.05,468.65,-5.51,165.16,118.62,71.87,11.5,769.0,16.2,28.27,10.88,2.02,7.69,19.07,4.56,16920967,8460482.0,1692098.0,846048.0,5922339,5076289.0,30.0,20.76,23.89,17.1,29.01,50.0,10.0,5.0,35.0,30.0
2025-09-24,2025-10-01,24620.55,24611.1,0.04,Low,Materials,Jain Resource Recycling Ltd.,Small Cap,2.0,232.0,13.0,245.0,265.05,14.25,318.06,37.09,292.35,26.01,26.67,5.5,5.76,3.81,707.46,5.17,40.77,24.22,0.92,3.13,41.56,20.44,53879309,40409483.0,5387931.0,2693965.0,5387930,24245689.0,64.0,6.9,33.62,6.47,35.86,75.0,10.0,5.0,10.0,45.0
2025-09-24,2025-10-01,24620.55,24611.1,0.04,Low,Materials,BMW Ventures Ltd.,Small Cap,10.0,99.0,0.0,99.0,78.0,-21.21,74.1,-25.15,51.5,-47.98,3.09,3.41,2.27,0.99,210.12,4.24,15.62,12.8,2.04,1.59,16.54,2.98,23400000,234000.0,3744000.0,1872000.0,17550000,0.0,151.0,5.18,19.1,3.79,26.15,1.0,16.0,8.0,75.0,0.0
2025-09-24,2025-10-01,24620.55,24611.1,0.04,Low,Manufacturing,Epack Prefab Technologies Ltd.,Small Cap,2.0,204.0,0.0,204.0,183.85,-9.88,190.66,-6.54,243.2,19.22,5.09,3.72,3.95,1.74,353.93,10.39,22.69,22.88,0.15,5.2,22.69,9.36,24705882,12352940.0,2470588.0,1235295.0,8647059,7411764.0,73.0,6.92,29.49,5.91,34.54,50.0,10.0,5.0,35.0,30.0
2025-09-23,2025-09-30,24691.95,24634.9,0.23,Low,Industrials,Solarworld Energy Solutions Ltd.,Small Cap,5.0,351.0,40.0,391.0,388.5,10.68,323.5,-7.83,129.28,-63.17,74.24,66.45,71.72,51.69,309.07,19.6,40.27,54.53,0.37,14.14,40.27,8.42,13960113,10470086.0,1396011.0,698005.0,1396011,6282051.0,42.0,10.39,33.77,8.89,39.48,75.0,10.0,5.0,10.0,45.0
2025-09-23,2025-09-30,24691.95,24634.9,0.23,Low,Services,Jaro Institute of Technology Management & Research Ltd.,Small Cap,10.0,890.0,43.0,933.0,890.0,0.0,744.25,-16.38,420.1,-52.8,37.19,35.59,40.77,9.15,171.55,33.13,35.76,37.38,0.3,20.34,30.12,10.5,5056179,2528089.0,505618.0,252809.0,1769663,1516853.0,16.0,25.52,34.88,23.32,38.17,50.0,10.0,5.0,35.0,30.0
2025-09-23,2025-09-30,24691.95,24634.9,0.23,Low,Technology,Seshaasai Technologies Ltd.,Small Cap,10.0,423.0,40.0,463.0,432.0,2.13,411.45,-2.73,369.95,-12.54,189.36,54.39,45.48,9.46,669.67,25.13,34.84,31.87,0.37,15.09,33.2,13.41,19226541,9587160.0,1917433.0,958716.0,6711013,5752296.0,35.0,14.78,28.63,13.74,30.79,49.86,9.97,4.99,34.9,29.92
2025-09-23,2025-09-30,24691.95,24634.9,0.23,Low,Financials,Anand Rathi Share & Stock Brokers Ltd.,Small Cap,5.0,414.0,29.0,443.0,432.0,4.35,445.55,7.62,515.1,24.42,46.15,31.98,26.42,5.11,503.76,36.81,23.12,21.32,1.8,12.23,23.12,4.68,18010692,8876810.0,1775363.0,887681.0,6213769,5326086.0,36.0,23.17,17.87,16.52,25.06,49.29,9.86,4.93,34.5,29.57
2025-09-22,2025-09-29,24728.55,24654.7,0.3,Low,Consumer Discretionary,Ganesh Consumer Products Ltd.,Small Cap,10.0,322.0,-9.0,313.0,296.05,-8.06,294.3,-8.6,151.41,-52.98,4.02,5.73,1.76,1.17,224.13,8.61,15.81,19.81,0.22,4.17,15.81,5.23,12698790,6332271.0,1266455.0,633227.0,4432591,3799362.0,46.0,9.74,33.06,8.77,36.72,49.87,9.97,4.99,34.91,29.92
2025-09-22,2025-09-29,24728.55,24654.7,0.3,Low,Industrials,Atlanta Electricals Ltd.,Small Cap,2.0,754.0,114.0,868.0,857.0,13.66,823.35,9.2,1608.1,113.28,194.41,58.2,50.92,10.75,349.9,16.07,33.91,39.43,0.4,9.54,33.91,23.62,9122720,4524809.0,904963.0,452481.0,3167368,2714885.0,19.0,16.57,46.33,15.43,48.87,49.6,9.92,4.96,34.72,29.76
2025-09-19,2025-09-26,24818.55,24890.85,-0.29,Neutral,Energy,Saatvik Green Energy Ltd.,Small Cap,2.0,465.0,10.0,475.0,465.0,0.0,440.7,-5.23,413.55,-11.06,11.4,11.28,9.13,2.81,337.66,16.4,63.41,60.45,1.36,9.76,63.41,43.18,19359332,9655912.0,1931183.0,965592.0,6759140,5793547.0,32.0,19.09,24.35,16.83,27.63,49.88,9.98,4.99,34.91,29.93
2025-09-19,2025-09-26,24818.55,24890.85,-0.29,Neutral,Industrials,GK Energy Ltd.,Small Cap,2.0,153.0,18.0,171.0,171.0,11.76,167.74,9.63,119.88,-21.65,193.01,144.08,97.51,21.78,209.09,18.24,63.71,55.65,0.74,12.12,63.71,12.39,30343790,15171894.0,3034380.0,1517189.0,10620327,9103136.0,98.0,7.54,20.29,6.57,23.3,50.0,10.0,5.0,35.0,30.0
2025-09-18,2025-09-25,25034.5,25056.9,-0.09,Neutral,Technology,Ivalue Infosolutions Ltd.,Small Cap,2.0,299.0,0.0,299.0,284.95,-4.7,281.85,-5.74,222.76,-25.5,3.18,1.04,1.71,1.28,414.79,13.7,21.13,28.98,0.1,8.87,22.02,4.96,18738958,9369478.0,1873896.0,936948.0,6558636,5621686.0,50.0,15.93,18.77,15.93,18.77,50.0,10.0,5.0,35.0,30.0
2025-09-17,2025-09-24,25108.75,25169.5,-0.24,High,Industrials,VMS TMT Ltd.,Small Cap,10.0,99.0,11.0,110.0,104.9,5.96,99.65,0.66,49.12,-50.38,120.8,243.85,193.55,47.85,81.77,5.91,20.14,12.79,3.77,1.91,20.14,7.43,15000000,4500000.0,2000000.0,1000000.0,7500000,2700000.0,150.0,4.45,22.24,6.91,14.32,30.0,13.33,6.67,50.0,18.0
2025-09-16,2025-09-23,25209.0,25202.35,0.03,High,Manufacturing,Euro Pratik Sales Ltd.,Small Cap,1.0,247.0,10.0,257.0,272.1,10.16,248.38,0.56,192.3,-22.15,1.1,2.35,1.35,1.31,234.49,38.74,39.18,44.58,0.01,26.08,32.6,10.77,18275007,9107590.0,1821518.0,910759.0,6375313,5464554.0,60.0,7.48,33.02,7.48,33.02,49.84,9.97,4.98,34.89,29.9
2025-09-10,2025-09-17,25276.6,25239.1,0.15,High,Consumer Discretionary,Urban Co.Ltd.,Mid Cap,1.0,103.0,54.0,157.0,162.25,57.52,166.83,61.97,157.48,52.89,147.35,86.75,59.95,41.49,1781.28,,13.35,,,19.02,13.35,8.27,184489255,138167475.0,18422329.0,9211165.0,18422329,82900485.0,145.0,1.72,59.71,1.67,61.68,74.89,9.99,4.99,9.99,44.94
2025-09-10,2025-09-17,25276.6,25239.1,0.15,High,Services,Dev Accelerator Ltd.,Small Cap,2.0,61.0,6.0,67.0,61.0,0.0,64.05,5.0,36.07,-40.87,20.3,78.94,106.01,164.89,54.79,50.64,3.24,25.95,2.39,1.0,3.24,7.94,23500000,17254875.0,2300650.0,1150325.0,2300650,10352925.0,235.0,0.26,233.25,0.19,315.45,73.42,9.79,4.9,9.79,44.05
2025-09-10,2025-09-17,25276.6,25239.1,0.15,High,Consumer Discretionary,Shringar House of Mangalsutra Ltd.,Small Cap,10.0,165.0,21.0,186.0,188.5,14.24,184.88,12.05,224.6,36.12,101.41,83.95,79.83,27.26,200.85,6.48,36.2,32.43,0.61,4.27,36.2,5.93,24300000,12140000.0,2428000.0,1214000.0,8498000,7284000.0,90.0,8.47,19.47,6.34,26.04,49.96,9.99,5.0,34.97,29.98
2025-09-01,2025-09-09,24864.1,24773.15,0.37,Neutral,Healthcare,Amanta Healthcare Ltd.,Small Cap,10.0,126.0,9.0,135.0,135.0,7.14,141.75,12.5,190.39,51.1,35.86,226.13,175.96,54.96,96.39,22.11,12.42,13.72,2.02,3.86,10.89,3.77,10000000,5000000.0,1000000.0,500000.0,3500000,3000000.0,119.0,3.64,34.59,2.7,46.59,50.0,10.0,5.0,35.0,30.0
2025-08-26,2025-09-03,24616.5,24579.6,0.15,Low,Industrials,Vikran Engineering Ltd.,Small Cap,1.0,97.0,7.0,104.0,99.0,2.06,95.71,-1.33,59.71,-38.44,20.51,70.34,44.62,11.56,467.87,17.5,16.63,23.34,0.58,8.44,16.63,3.81,79587627,39793812.0,7958764.0,3979381.0,27855670,23876287.0,148.0,4.24,22.88,3.02,32.15,50.0,10.0,5.0,35.0,30.0
2025-08-26,2025-09-03,24616.5,24579.6,0.15,Low,Healthcare,Anlon Healthcare Ltd.,Small Cap,10.0,91.0,1.0,92.0,92.0,1.1,91.73,0.8,34.58,-62.0,1.07,7.56,16.69,47.26,80.42,26.88,40.45,21.93,0.73,17.06,25.51,4.51,13300000,9975000.0,1330000.0,665000.0,1330000,0.0,164.0,5.15,17.67,3.86,23.57,75.0,10.0,5.0,10.0,0.0
2025-08-20,2025-08-28,24695.8,24712.05,-0.07,Neutral,Energy,Mangal Electrical Industries Ltd.,Small Cap,10.0,561.0,-3.0,558.0,556.0,-0.89,535.35,-4.57,264.85,-52.79,11.09,20.05,19.23,5.09,162.16,14.9,29.0,25.38,0.92,8.61,34.14,7.09,7130124,3565061.0,713013.0,356506.0,2495544,2139020.0,26.0,23.08,24.31,17.12,32.77,50.0,10.0,5.0,35.0,30.0
2025-08-19,2025-08-26,24899.5,24967.75,-0.27,High,Services,Patel Retail Ltd.,Small Cap,10.0,255.0,52.0,307.0,300.0,17.65,287.7,12.82,211.52,-17.05,272.43,102.15,120.17,42.56,134.57,7.61,19.02,14.43,1.34,3.08,19.02,4.72,9520000,2840700.0,1578167.0,789083.0,4261050,1704388.0,58.0,10.16,25.1,7.57,33.69,29.84,16.58,8.29,44.76,17.9
2025-08-19,2025-08-26,24899.5,24967.75,-0.27,High,Energy,Vikram Solar Ltd.,Mid Cap,10.0,332.0,35.0,367.0,338.0,1.81,356.4,7.35,160.01,-51.8,145.1,59.58,39.46,7.98,1241.99,14.37,16.57,24.49,0.19,4.08,11.26,8.46,62631604,31165200.0,6233040.0,3116520.0,21815640,18699120.0,45.0,4.42,75.16,3.87,85.88,49.76,9.95,4.98,34.83,29.86
2025-08-19,2025-08-26,24899.5,24967.75,-0.27,High,Materials,Gem Aromatics Ltd.,Small Cap,2.0,325.0,33.0,358.0,333.1,2.49,319.05,-1.83,161.0,-50.46,53.76,48.48,40.91,10.49,283.98,17.55,18.8,16.02,0.78,10.56,18.8,5.36,13884615,6942306.0,1388462.0,694231.0,4859616,4165383.0,46.0,11.39,28.52,10.22,31.8,50.0,10.0,5.0,35.0,30.0
2025-08-19,2025-08-26,24899.5,24967.75,-0.27,High,Services,Shreeji Shipping Global Ltd.,Small Cap,10.0,252.0,34.0,286.0,270.0,7.14,255.1,1.23,770.4,205.71,110.41,72.86,72.37,21.92,343.17,33.03,42.91,28.09,0.75,23.24,42.91,10.76,16298000,8149000.0,1629800.0,814900.0,5704300,4889400.0,58.0,9.63,26.16,8.67,29.07,50.0,10.0,5.0,35.0,30.0
2025-08-12,2025-08-20,24965.8,24980.65,-0.06,High,Manufacturing,Regaal Resources Ltd.,Small Cap,5.0,102.0,31.0,133.0,141.0,38.24,131.58,29.0,88.08,-13.65,190.97,387.72,294.74,57.75,235.41,12.32,20.25,14.17,2.08,5.19,20.25,6.18,29999520,14999760.0,2999952.0,1499976.0,10499832,8999856.0,144.0,5.8,17.58,4.64,21.98,50.0,10.0,5.0,35.0,30.0
2025-08-11,2025-08-19,24891.35,24876.95,0.06,Neutral,Consumer Discretionary,BlueStone Jewellery & Lifestyle Ltd.,Small Cap,1.0,517.0,2.0,519.0,510.0,-1.35,546.0,5.61,794.85,53.74,4.25,0.68,0.34,1.38,,4.13,-34.53,-3.67,0.8,-12.53,-24.45,2.01,29799798,22349850.0,2979979.0,1489990.0,2979979,13409910.0,29.0,-16.38,-31.56,-14.66,-35.27,75.0,10.0,5.0,10.0,45.0
2025-08-07,2025-08-14,24607.25,24619.35,-0.05,Low,Materials,JSW Cement Ltd.,Mid Cap,10.0,147.0,4.8,151.8,153.5,4.42,146.07,-0.63,113.38,-22.87,16.71,13.29,8.24,1.91,2352.55,13.78,-6.9,7.05,0.98,-2.77,-4.85,6.16,244897958,122448978.0,24489796.0,12244898.0,85714286,73469386.0,102.0,-1.31,-112.61,-1.2,-122.38,50.0,10.0,5.0,35.0,30.0
2025-08-07,2025-08-14,24607.25,24619.35,-0.05,Low,Consumer Discretionary,All Time Plastics Ltd.,Small Cap,2.0,275.0,20.0,295.0,311.3,13.2,283.3,3.02,194.0,-29.45,10.3,14.6,12.84,5.36,249.13,18.16,19.01,16.99,0.88,8.46,19.01,7.15,14570760,7267504.0,1453501.0,726751.0,5087254,4360502.0,54.0,8.55,32.17,7.22,38.09,49.88,9.98,4.99,34.91,29.93
2025-08-05,2025-08-12,24563.35,24585.05,-0.09,Low,Services,Highway Infrastructure Ltd.,Small Cap,5.0,70.0,24.0,94.0,115.0,64.29,120.75,72.5,42.75,-38.93,432.71,483.92,451.47,164.48,117.72,6.32,19.03,16.56,0.61,4.44,19.03,3.44,18571428,5571427.0,3714286.0,1857143.0,7428572,3342856.0,211.0,3.88,18.06,3.12,22.41,30.0,20.0,10.0,40.0,18.0
2025-07-30,2025-08-06,24641.35,24649.55,-0.03,Low,Financials,National Securities Depository Ltd.,Mid Cap,2.0,800.0,125.0,925.0,880.0,10.0,936.0,17.0,757.45,-5.32,103.97,37.73,29.47,7.76,2005.34,23.95,17.11,22.7,,22.35,17.11,7.98,50145001,25029999.0,5006001.0,2503000.0,17521001,15017999.0,18.0,17.16,46.62,17.16,46.62,49.92,9.98,4.99,34.94,29.95
2025-07-30,2025-08-06,24641.35,24649.55,-0.03,Low,Industrials,M&B Engineering Ltd.,Small Cap,10.0,385.0,55.0,440.0,385.0,0.0,408.65,6.14,249.0,-35.32,38.63,39.68,41.31,34.36,306.53,12.78,25.13,24.8,0.33,7.73,25.14,6.28,16888474,12623377.0,1683117.0,841558.0,1683116,7574026.0,38.0,15.41,24.98,13.48,28.55,74.75,9.97,4.98,9.97,44.85
2025-07-30,2025-08-06,24641.35,24649.55,-0.03,Low,Real Estate,Sri Lotus Developers & Realty Ltd.,Small Cap,1.0,150.0,27.0,177.0,178.0,18.67,195.67,30.45,224.53,49.69,175.61,59.13,67.22,21.77,932.44,52.57,24.39,27.22,0.13,41.46,24.39,7.01,52813724,26333332.0,5266666.0,2633334.0,18433334,15799999.0,100.0,5.23,28.69,4.66,32.17,49.86,9.97,4.99,34.9,29.92
2025-07-29,2025-08-05,24720.25,24722.75,-0.01,Low,Technology,Aditya Infotech Ltd.,Small Cap,1.0,675.0,285.0,960.0,1015.0,50.37,1082.65,60.39,3846.5,469.85,140.5,78.86,70.07,53.81,1017.66,8.27,34.53,33.27,0.41,11.25,34.53,7.06,19267928,14377777.0,1917037.0,958518.0,1917036,8626666.0,22.0,32.0,21.09,29.98,22.52,74.62,9.95,4.97,9.95,44.77
2025-07-29,2025-08-05,24720.25,24722.75,-0.01,Low,Financials,Laxmi India Finance Ltd.,Small Cap,5.0,158.0,3.0,161.0,137.52,-12.96,134.11,-15.12,121.1,-23.35,1.3,1.82,1.87,2.2,257.47,66.07,13.95,,4.42,14.48,13.95,2.57,16092195,7965632.0,1593128.0,796563.0,5575944,4779379.0,94.0,8.61,18.35,6.89,22.94,49.5,9.9,4.95,34.65,29.7
2025-07-25,2025-08-01,24734.9,24768.35,-0.14,Low,Manufacturing,Shanti Gold International Ltd.,Small Cap,10.0,199.0,38.0,237.0,227.55,14.35,229.38,15.27,308.6,55.08,117.33,173.08,107.35,29.73,152.37,8.83,44.85,25.7,1.6,5.05,44.85,7.05,18096000,9048000.0,1809600.0,904800.0,6333600,5428800.0,75.0,10.34,19.24,7.75,25.69,50.0,10.0,5.0,35.0,30.0
2025-07-24,2025-07-31,24642.25,24855.05,-0.86,Low,Services,Brigade Hotel Ventures Ltd.,Small Cap,10.0,90.0,0.0,90.0,81.1,-9.89,85.32,-5.2,56.96,-36.71,5.74,1.67,2.74,6.83,78.58,35.45,30.11,13.62,7.4,5.03,30.11,32.26,84429103,60135000.0,8018000.0,4009000.0,8018000,36081000.0,166.0,0.8,112.38,0.62,144.48,71.23,9.5,4.75,9.5,42.74
2025-07-23,2025-07-30,24890.4,24821.1,0.28,Low,Technology,GNG Electronics Ltd.,Small Cap,2.0,237.0,94.0,331.0,355.0,49.79,333.39,40.67,686.75,189.77,275.75,264.14,182.52,47.36,226.46,8.94,30.4,17.31,1.95,4.89,30.4,10.17,19427637,9713818.0,1942764.0,971382.0,6799673,5828290.0,63.0,7.11,33.35,6.05,39.14,50.0,10.0,5.0,35.0,30.0
2025-07-23,2025-07-30,24890.4,24821.1,0.28,Low,Services,Indiqube Spaces Ltd.,Small Cap,1.0,237.0,0.0,237.0,216.0,-8.86,217.97,-8.03,196.38,-17.14,15.12,8.35,9.34,13.28,-3.11,58.2,-2.19,34.21,-110.58,-12.66,,,29542340,22104431.0,2947256.0,1473629.0,2947257,13262658.0,63.0,-7.65,-30.99,-6.65,-35.65,74.82,9.98,4.99,9.98,44.89
2025-07-14,2025-07-21,24999.0,24968.4,0.12,Low,Healthcare,Anthem Biosciences Ltd.,Small Cap,2.0,570.0,179.0,749.0,723.05,26.85,730.35,28.13,858.6,50.63,192.8,51.66,30.8,5.98,2409.86,36.81,20.82,26.88,0.05,23.38,20.82,13.23,59575319,29708332.0,5941667.0,2970833.0,20795834,17824999.0,26.0,8.07,70.62,8.07,70.62,49.87,9.97,4.99,34.91,29.92
2025-07-10,2025-07-17,25230.75,25212.05,0.07,Neutral,Services,Smartworks Coworking Spaces Ltd.,Small Cap,10.0,407.0,25.0,432.0,435.0,6.88,445.05,9.35,519.85,27.73,24.92,28.21,14.62,3.69,107.51,62.39,-58.76,42.3,2.9,-4.6,-58.76,38.58,14322614,7110630.0,1422127.0,711063.0,4977443,4266378.0,36.0,-6.12,-66.47,-5.54,-73.52,49.65,9.93,4.96,34.75,29.79
2025-07-07,2025-07-14,25149.5,25149.85,-0.0,Neutral,Services,Travel Food Services Ltd.,Mid Cap,1.0,1100.0,25.0,1125.0,1125.0,2.27,1074.8,-2.29,1200.3,9.12,8.1,1.83,1.33,0.73,1048.45,40.07,35.47,51.4,,21.54,34.64,13.82,18185613,9072726.0,1814545.0,907273.0,6350909,5443635.0,13.0,28.83,38.15,28.83,38.15,49.89,9.98,4.99,34.92,29.93
2025-07-02,2025-07-09,25514.6,25522.5,-0.03,High,Consumer Discretionary,Crizac Ltd.,Small Cap,2.0,245.0,41.5,286.5,281.05,14.71,307.63,25.56,170.12,-30.56,141.27,92.95,54.32,10.74,505.71,25.05,30.24,40.03,0.0,17.28,30.24,8.48,35102040,17551020.0,3510204.0,1755102.0,12285714,10530612.0,61.0,8.74,28.03,8.74,28.03,50.0,10.0,5.0,35.0,30.0
2025-06-26,2025-07-03,25505.1,25453.4,0.2,High,Agriculture,Indogulf Cropsciences Ltd.,Small Cap,10.0,111.0,18.0,129.0,111.0,0.0,110.35,-0.59,56.8,-48.83,34.18,107.48,22.12,15.43,265.43,10.09,12.2,11.93,0.67,5.11,12.19,1.13,18077476,8738737.0,1747748.0,873874.0,6117117,5243242.0,135.0,5.79,19.18,4.57,24.27,48.34,9.67,4.83,33.84,29.0
2025-06-25,2025-07-02,25588.3,25541.8,0.18,High,Financials,HDB Financial Services Ltd.,Large Cap,10.0,740.0,75.0,815.0,835.0,12.84,840.95,13.64,621.3,-16.04,58.64,12.44,6.79,1.51,14936.5,58.36,14.72,,5.85,13.35,15.69,3.72,168918917,75878377.0,15175676.0,7587838.0,53114865,45527026.0,20.0,27.41,27.0,26.29,28.15,44.92,8.98,4.49,31.44,26.95
2025-06-25,2025-07-02,25588.3,25541.8,0.18,High,Industrials,Sambhv Steel Tubes Ltd.,Small Cap,10.0,82.0,14.0,96.0,110.0,34.15,97.59,19.01,164.9,101.1,66.36,35.82,30.01,8.56,478.46,12.43,25.42,17.66,0.8,6.41,25.42,4.51,65869291,32774389.0,6554878.0,3277439.0,22942073,19664633.0,182.0,3.42,23.97,1.84,44.54,49.76,9.95,4.98,34.83,29.85
2025-06-24,2025-07-01,25551.35,25517.05,0.13,High,Real Estate,Kalpataru Ltd.,Mid Cap,10.0,414.0,1.5,415.5,414.0,0.0,432.95,4.58,278.7,-32.68,3.12,1.48,0.81,1.43,1579.54,-4.04,-10.15,,10.39,-5.74,-10.15,5.62,38444611,28516306.0,3802174.0,1901086.0,3802173,17109783.0,36.0,-6.96,-59.52,0.36,1160.05,74.18,9.89,4.94,9.89,44.51
2025-06-24,2025-07-01,25551.35,25517.05,0.13,High,Materials,Ellenbarrie Industrial Gases Ltd.,Small Cap,2.0,400.0,57.0,457.0,486.0,21.5,534.6,33.65,356.9,-10.78,63.13,17.42,11.91,2.2,333.62,35.12,16.88,13.71,0.32,23.9,24.97,20.93,21313130,10656564.0,2131313.0,1065657.0,7459596,6393938.0,37.0,6.36,62.88,5.91,67.69,50.0,10.0,5.0,35.0,30.0
2025-06-24,2025-07-01,25551.35,25517.05,0.13,High,Industrials,Globe Civil Projects Ltd.,Small Cap,10.0,71.0,27.0,98.0,90.0,26.76,94.46,33.04,41.53,-41.51,82.13,136.8,150.25,53.67,99.83,13.44,21.95,23.07,1.6,4.59,19.8,3.92,16760560,8380280.0,1676056.0,838028.0,5866196,5028168.0,211.0,3.58,19.83,3.97,17.88,50.0,10.0,5.0,35.0,30.0
2025-06-18,2025-06-25,25150.35,25044.35,0.42,High,Industrials,Arisinfra Solutions Ltd.,Small Cap,2.0,222.0,0.0,222.0,205.0,-7.66,174.38,-21.45,143.1,-35.54,1.5,2.98,3.61,5.9,152.09,1.85,-13.14,,1.45,-2.46,-13.14,8.61,22504324,16878244.0,2250432.0,1125216.0,2250432,10126946.0,67.0,-5.3,-41.89,-2.13,-104.0,75.0,10.0,5.0,10.0,45.0
2025-06-13,2025-06-20,24787.65,24793.25,-0.02,Neutral,Industrials,Oswal Pumps Ltd.,Small Cap,1.0,614.0,41.0,655.0,634.0,3.26,625.35,1.85,266.75,-56.56,88.55,45.22,23.27,3.72,378.8,19.79,88.73,81.85,0.42,12.83,88.73,38.14,22595114,11297556.0,2259512.0,1129756.0,7908290,6778533.0,24.0,9.82,62.54,25.35,24.22,50.0,10.0,5.0,35.0,30.0
2025-05-28,2025-06-04,24560.45,24542.5,0.07,Neutral,Industrials,Scoda Tubes Ltd.,Small Cap,10.0,140.0,20.0,160.0,140.0,0.0,147.0,5.0,124.87,-10.81,72.97,135.32,94.53,20.89,143.55,14.7,28.77,15.92,3.19,4.58,28.77,8.76,15714200,7857000.0,1571400.0,785800.0,5500000,4714200.0,100.0,4.14,33.81,5.54,25.25,50.0,10.0,5.0,35.0,30.0
2025-05-27,2025-06-03,24786.3,24716.6,0.28,High,Technology,Prostarm Info Systems Ltd.,Small Cap,10.0,105.0,12.0,117.0,120.0,14.29,126.0,20.0,134.66,28.25,102.67,249.8,166.78,39.48,107.24,14.2,31.41,32.41,0.51,8.85,32.09,5.34,16000000,8000000.0,1600000.0,800000.0,5600000,4800000.0,142.0,5.32,19.75,5.01,20.97,50.0,10.0,5.0,35.0,30.0
2025-05-26,2025-06-02,24669.7,24750.7,-0.33,Neutral,Services,Schloss Bangalore Ltd.,Small Cap,10.0,435.0,2.0,437.0,406.0,-6.67,435.55,0.13,573.8,31.91,7.82,1.21,0.82,0.87,3604.99,49.78,1.32,,1.08,3.39,1.32,2.92,80459769,60344828.0,8045976.0,4022989.0,8045976,36206896.0,34.0,2.71,160.63,2.04,213.09,75.0,10.0,5.0,10.0,45.0
2025-05-26,2025-06-02,24669.7,24750.7,-0.33,Neutral,Energy,Aegis Vopak Terminals Ltd.,Small Cap,10.0,235.0,-1.0,234.0,220.0,-6.38,242.0,2.98,296.8,26.3,3.47,0.6,0.56,0.81,2037.61,,8.68,8.39,2.59,15.18,7.51,17.71,119148936,89361703.0,11914893.0,5957447.0,11914893,53617021.0,63.0,0.88,268.51,1.03,227.36,75.0,10.0,5.0,10.0,45.0
2025-05-21,2025-05-28,24832.5,24826.2,0.03,High,Auto & Auto Ancillaries,Belrise Industries Ltd.,Small Cap,5.0,90.0,21.0,111.0,100.0,11.11,97.41,8.23,240.36,167.07,112.63,48.0,25.76,4.52,2577.55,13.14,13.33,14.83,0.97,4.36,13.33,2.5,238888888,119444443.0,23888889.0,11944445.0,83611111,71666665.0,166.0,5.42,16.61,3.68,24.47,50.0,10.0,5.0,35.0,30.0
2025-05-20,2025-05-27,24956.65,25001.15,-0.18,High,Manufacturing,Borana Weaves Ltd.,Small Cap,10.0,216.0,43.0,259.0,243.0,12.5,255.15,18.13,278.2,28.8,85.53,239.74,232.75,200.5,76.55,20.63,49.45,27.42,1.46,11.85,49.77,9.09,6708000,5031000.0,670800.0,335400.0,670800,3018543.0,69.0,11.83,18.26,14.66,14.73,75.0,10.0,5.0,10.0,45.0
2025-04-28,2025-05-06,24500.75,24461.15,0.16,High,Auto & Auto Ancillaries,Ather Energy Ltd.,Mid Cap,1.0,321.0,12.0,333.0,328.0,2.18,302.3,-5.83,1425.0,343.93,1.76,0.74,0.6,1.89,108.0,,-194.0,,0.58,-59.23,-194.0,13.38,92867945,69575960.0,9276794.0,4638397.0,9276794,41745576.0,46.0,-36.46,-8.8,-20.69,-15.51,74.92,9.99,4.99,9.99,44.95
2025-02-14,2025-02-24,22609.35,22795.9,-0.82,Low,Industrials,Quality Power Electrical Equipments Ltd.,Small Cap,10.0,425.0,5.0,430.0,430.0,1.18,387.9,-8.73,1584.8,272.89,1.03,1.78,0.79,1.82,238.63,22.92,29.15,19.2,0.2,16.74,29.15,16.11,20204600,15153450.0,2020460.0,1010230.0,2020460,9092070.0,26.0,7.69,55.28,12.93,32.86,75.0,10.0,5.0,10.0,45.0
2025-02-12,2025-02-19,22847.25,22945.3,-0.43,Low,Technology,Hexaware Technologies Ltd.,Large Cap,1.0,708.0,0.0,708.0,745.5,5.3,762.55,7.7,494.1,-30.21,9.55,0.24,0.16,0.11,4876.0,,23.6,,,9.6,23.6,10.15,123720440,61158191.0,12231639.0,6115819.0,42810735,36694914.0,21.0,14.04,50.42,0.0,50.42,49.43,9.89,4.94,34.6,29.66
2025-02-10,2025-02-17,22809.9,22929.25,-0.52,Low,Industrials,Ajax Engineering Ltd.,Mid Cap,1.0,629.0,-3.0,626.0,576.0,-8.43,595.4,-5.34,587.0,-6.68,13.04,7.67,3.58,1.94,995.84,18.04,24.53,32.82,0.01,12.65,19.39,7.84,20180446,10050749.0,2010150.0,1005075.0,7035525,6030449.0,23.0,19.68,31.96,17.66,35.62,49.8,9.96,4.98,34.86,29.88
2025-01-29,2025-02-04,23509.9,23361.05,0.64,High,Healthcare,Dr.Agarwal's Health Care Ltd.,Mid Cap,1.0,402.0,-4.0,398.0,402.0,0.0,401.65,-0.09,479.3,19.23,4.41,0.29,0.54,0.42,1502.67,,9.33,14.61,0.29,6.9,6.21,7.96,75304970,36297998.0,7259600.0,3629800.0,25408599,21778798.0,35.0,3.08,130.44,2.51,160.48,48.2,9.64,4.82,33.74,28.92
2025-01-22,2025-01-29,23026.75,22957.25,0.3,Low,Industrials,Denta Water & Infra Solutions Ltd.,Small Cap,10.0,294.0,73.0,367.0,325.0,10.54,341.25,16.07,265.75,-9.61,236.94,556.49,408.23,90.38,188.46,34.52,36.36,76.99,0.01,25.03,36.36,5.01,7500000,3750000.0,750000.0,375000.0,2625000,2250000.0,50.0,31.11,9.45,18.13,16.22,50.0,10.0,5.0,35.0,30.0
2025-01-16,2025-01-23,23128.3,23155.35,-0.12,Low,Materials,Stallion India Fluorochemicals Ltd.,Small Cap,10.0,90.0,35.0,125.0,120.0,33.33,126.0,40.0,230.55,156.17,172.93,472.89,321.29,96.81,134.53,11.45,12.54,13.96,0.55,6.26,12.54,4.69,22161396,11080697.0,2216140.0,1108070.0,7756489,6648418.0,165.0,2.41,37.41,4.18,21.55,50.0,10.0,5.0,35.0,30.0
2025-01-13,2025-01-20,23290.4,23203.2,0.38,Low,Healthcare,Laxmi Dental Ltd.,Small Cap,2.0,428.0,145.0,573.0,542.0,26.64,550.55,28.63,191.42,-55.28,110.38,167.68,107.7,75.1,67.09,,78.78,19.97,0.94,13.03,78.78,49.59,16309766,12232326.0,1630976.0,815488.0,1630976,7339395.0,33.0,4.88,87.77,8.27,51.73,75.0,10.0,5.0,10.0,45.0
2025-01-07,2025-01-14,23165.9,23085.95,0.35,Low,Industrials,Quadrant Future Tek Ltd.,Small Cap,10.0,290.0,120.0,410.0,370.0,27.59,444.0,53.1,547.45,88.78,139.77,274.25,255.57,256.46,34.18,,33.41,26.12,1.86,9.68,33.41,19.73,10000000,7500000.0,1000000.0,500000.0,1000000,4500000.0,50.0,4.9,59.13,-6.05,-47.91,75.0,10.0,5.0,10.0,45.0
2025-01-06,2025-01-13,23195.4,23431.5,-1.01,Low,Materials,Standard Glass Lining Technology Ltd.,Small Cap,10.0,140.0,50.0,190.0,172.0,22.86,163.28,16.63,422.1,201.5,327.76,302.21,221.21,65.71,447.8,18.56,20.74,25.49,0.32,10.92,20.74,5.7,29288569,14643884.0,2928937.0,1464469.0,10251279,8786009.0,107.0,3.25,43.04,3.64,38.5,50.0,10.0,5.0,35.0,30.0
2024-12-31,2025-01-07,23679.9,23616.05,0.27,Low,Agriculture,Indo Farm Equipment Ltd.,Small Cap,10.0,215.0,76.0,291.0,256.0,19.07,273.69,27.3,134.45,-37.47,242.4,548.13,408.98,101.79,342.25,16.66,5.13,8.96,0.85,4.16,4.92,2.55,12100000,6050000.0,1210000.0,605000.0,4235000,3630000.0,69.0,3.95,54.39,2.04,105.25,50.0,10.0,5.0,35.0,30.0
2024-12-23,2024-12-31,23560.6,23644.9,-0.36,Low,Manufacturing,Unimech Aerospace & Manufacturing Ltd.,Mid Cap,5.0,785.0,625.0,1410.0,1460.0,85.99,1376.25,75.32,1724.0,119.62,334.68,302.3,228.05,59.19,390.1,40.32,53.53,54.36,0.32,27.85,53.53,31.77,6369426,3175158.0,635032.0,317516.0,2222612,1905094.0,19.0,12.19,64.37,15.21,51.61,49.85,9.97,4.99,34.9,29.91
2024-12-20,2024-12-30,23796.9,23813.4,-0.07,Low,Services,Ventive Hospitality Ltd.,Mid Cap,1.0,643.0,80.0,723.0,716.0,11.35,704.35,9.54,558.4,-13.16,9.58,15.86,12.08,6.19,,62.88,-1.82,33.79,1.0,35.0,-1.82,3.66,24884120,18650856.0,2486781.0,1243390.0,2486780,11190513.0,23.0,-3.2,-201.01,-11.8,-54.48,74.95,9.99,5.0,9.99,44.97
2024-12-20,2024-12-30,23796.9,23813.4,-0.07,Low,Healthcare,Senores Pharmaceuticals Ltd.,Small Cap,10.0,391.0,284.0,675.0,593.7,51.84,557.8,42.66,1385.8,254.42,97.84,95.25,111.35,93.16,319.06,,23.6,11.73,1.07,15.25,23.6,5.84,14887723,11109543.0,1481272.0,740636.0,1481272,6665725.0,38.0,9.83,39.77,13.86,28.21,74.62,9.95,4.97,9.95,44.77
2024-12-20,2024-12-30,23796.9,23813.4,-0.07,Low,Manufacturing,Carraro India Ltd.,Small Cap,10.0,704.0,0.0,704.0,651.0,-7.53,636.2,-9.63,527.5,-25.07,2.33,0.45,1.01,0.75,419.44,11.05,17.69,19.35,0.58,3.5,16.92,10.82,17755681,8877839.0,1775569.0,887784.0,6214489,5326703.0,21.0,11.0,64.0,17.5,40.23,50.0,10.0,5.0,35.0,30.0
2024-12-19,2024-12-27,23801.4,23750.2,0.22,Low,Services,Transrail Lighting Ltd.,Small Cap,2.0,432.0,165.0,597.0,590.0,36.57,553.55,28.14,476.4,10.28,197.41,79.8,75.34,22.62,1140.65,13.25,24.41,24.33,0.56,5.65,21.68,4.7,19419258,9489721.0,1897945.0,948972.0,6642806,5693832.0,34.0,18.66,23.15,15.42,28.02,48.87,9.77,4.89,34.21,29.32
2024-12-19,2024-12-27,23801.4,23750.2,0.22,Low,Financials,DAM Capital Advisors Ltd.,Mid Cap,2.0,283.0,143.0,426.0,393.0,38.87,415.1,46.68,151.08,-46.61,166.33,102.21,91.0,26.8,162.61,,54.72,,0.03,38.75,44.98,12.76,29690900,14810449.0,2962090.0,1481045.0,10367316,8886268.0,53.0,9.98,28.37,9.98,28.37,49.88,9.98,4.99,34.92,29.93
2024-12-19,2024-12-27,23801.4,23750.2,0.22,Low,Manufacturing,Mamata Machinery Ltd.,Small Cap,10.0,243.0,260.0,503.0,600.0,146.91,630.0,159.26,398.8,64.12,235.88,222.71,377.72,138.08,132.82,,27.76,31.29,0.09,15.27,27.39,4.5,7382340,3673670.0,734734.0,367367.0,2571569,2204113.0,61.0,15.88,15.3,0.38,633.97,49.76,9.95,4.98,34.83,29.86
2024-12-19,2024-12-27,23801.4,23750.2,0.22,Low,Manufacturing,Sanathan Textiles Ltd.,Small Cap,10.0,321.0,87.0,408.0,422.3,31.56,388.35,20.98,508.15,58.3,79.59,48.47,36.22,9.31,1324.06,8.42,11.09,11.8,0.17,4.53,10.42,1.81,17133956,8566977.0,1713396.0,856698.0,5996885,5140186.0,46.0,18.6,17.25,23.73,13.53,50.0,10.0,5.0,35.0,30.0
2024-12-19,2024-12-27,23801.4,23750.2,0.22,Low,Services,Concord Enviro Systems Ltd.,Small Cap,5.0,701.0,138.0,839.0,826.0,17.83,827.1,17.99,259.6,-62.97,17.32,14.09,14.41,5.56,319.71,,13.73,14.07,0.47,8.34,12.92,3.96,7137321,3568659.0,713732.0,356867.0,2498063,2141195.0,21.0,22.77,30.79,0.6,1171.52,50.0,10.0,5.0,35.0,30.0
2024-12-13,2024-12-20,23960.7,23951.7,0.04,Neutral,Services,International Gemmological Institute (India) Ltd.,Small Cap,2.0,417.0,159.0,576.0,510.0,22.3,471.15,12.99,315.9,-24.24,48.11,29.78,18.7,11.77,643.41,,76.58,80.96,,54.68,76.58,25.72,101323893,75953238.0,10127098.0,5063549.0,10127098,45571942.0,35.0,8.22,50.98,7.54,82.9,74.96,9.99,5.0,9.99,44.98
2024-12-12,2024-12-19,23877.15,24198.85,-1.33,Neutral,Healthcare,Inventurus Knowledge Solutions Ltd.,Small Cap,1.0,1329.0,421.0,1750.0,1900.0,42.96,1960.85,47.54,1747.5,31.49,80.64,24.99,19.77,14.55,1377.11,30.82,32.0,31.56,-0.06,20.38,32.0,19.07,18795510,14047884.0,1873051.0,936525.0,1873050,8428730.0,11.0,21.59,61.55,24.31,54.66,74.74,9.97,4.98,9.97,44.84
2024-12-11,2024-12-18,24297.95,24336.0,-0.16,Neutral,Services,Vishal Mega Mart Ltd.,Mid Cap,10.0,78.0,22.0,100.0,104.0,33.33,111.93,43.5,101.0,29.49,85.11,17.34,10.37,2.43,5923.74,14.38,8.18,68.76,,5.18,8.18,6.23,1025641025,512820512.0,102564103.0,51282051.0,358974359,307692307.0,190.0,1.02,76.13,1.13,69.19,50.0,10.0,5.0,35.0,30.0
2024-12-11,2024-12-18,24297.95,24336.0,-0.16,Neutral,Healthcare,Sai Life Sciences Ltd.,Mid Cap,1.0,549.0,72.0,621.0,650.0,18.4,764.65,39.28,1524.5,177.69,29.78,6.1,2.78,1.39,1044.75,21.47,11.79,15.96,0.73,5.65,8.13,10.18,55421123,27710560.0,5542113.0,2771056.0,19397394,16626336.0,27.0,4.34,126.42,2.69,203.82,50.0,10.0,5.0,35.0,30.0
2024-12-11,2024-12-18,24297.95,24336.0,-0.16,Neutral,Technology,One Mobikwik Systems Ltd.,Small Cap,2.0,279.0,160.0,439.0,440.0,57.71,528.0,89.25,196.32,-29.63,125.82,109.7,124.71,141.78,158.65,4.25,8.66,8.79,0.73,1.58,8.66,9.81,20501792,15376345.0,2050179.0,1025089.0,2050179,9225807.0,53.0,2.46,113.32,-3.22,-86.75,75.0,10.0,5.0,10.0,45.0
2024-11-29,2024-12-06,24729.45,24708.4,0.09,High,Healthcare,Suraksha Diagnostic Ltd.,Small Cap,2.0,441.0,13.0,454.0,438.0,-0.68,441.0,0.0,355.4,-19.41,1.74,1.53,1.16,0.94,187.05,33.3,14.09,21.46,0.2,10.57,14.09,13.1,19189330,9594664.0,1918934.0,959466.0,6716266,5756797.0,34.0,4.44,99.31,5.89,74.89,50.0,10.0,5.0,35.0,30.0
2024-11-22,2024-11-29,23927.15,23914.15,0.05,Neutral,Services,Enviro Infra Engineers Ltd.,Small Cap,10.0,148.0,57.0,205.0,220.0,48.65,207.07,39.91,189.62,28.12,157.05,177.97,105.47,24.48,323.0,,51.68,32.34,0.8,15.17,37.83,6.89,43948000,21924000.0,4384800.0,2192400.0,15346800,13154400.0,101.0,8.08,18.32,7.01,21.1,49.89,9.98,4.99,34.92,29.93
2024-11-19,2024-11-27,24204.8,24194.5,0.04,High,Energy,NTPC Green Energy Ltd.,Small Cap,10.0,108.0,1.0,109.0,111.5,3.24,121.65,12.64,93.37,-13.55,3.51,0.6,1.36,3.59,8189.18,90.88,7.39,,1.91,16.2,2.14,9.89,926824881,611111111.0,81481481.0,40740741.0,81481481,366666666.0,138.0,0.46,234.97,0.42,259.56,65.94,8.79,4.4,8.79,39.56
2024-11-13,2024-11-22,23411.8,23349.9,0.27,Low,Services,Zinka Logistics Solutions Ltd.,Small Cap,1.0,273.0,0.0,273.0,279.05,2.22,260.2,-4.69,607.9,122.67,2.72,0.18,0.37,1.7,344.98,-46.74,9.39,1.5,0.47,-61.28,9.39,14.6,40834701,30606526.0,4080870.0,2040435.0,4080870,18363915.0,54.0,-12.41,-22.0,7.34,37.2,74.95,9.99,5.0,9.99,44.97
2024-11-07,2024-11-14,23542.15,23559.05,-0.07,Low,Financials,Niva Bupa Health Insurance Co.Ltd.,Mid Cap,10.0,74.0,1.0,75.0,78.5,6.08,74.0,0.0,74.81,1.09,2.17,0.7,0.74,2.88,2031.77,,-0.92,,0.12,1.99,-0.92,6.14,297297296,222972973.0,29729729.0,14864865.0,29729729,133783783.0,200.0,0.48,153.7,-0.42,-177.74,75.0,10.0,5.0,10.0,45.0
2024-11-06,2024-11-13,23822.45,23883.45,-0.26,Low,Services,Swiggy Ltd.,Large Cap,1.0,390.0,0.0,390.0,420.0,7.69,456.0,16.92,250.1,-35.87,6.02,0.37,0.5,1.14,7444.99,,-8.21,,0.03,-20.2,-8.21,11.6,290494914,217308686.0,28974492.0,14487245.0,28974491,130385211.0,38.0,-11.07,-35.23,-10.92,-35.72,74.81,9.97,4.99,9.97,44.88
2024-11-06,2024-11-13,23822.45,23883.45,-0.26,Low,Energy,ACME Solar Holdings Ltd.,Small Cap,2.0,289.0,-4.0,285.0,251.0,-13.15,253.15,-12.4,439.0,51.9,3.72,0.91,1.24,3.25,1942.12,,2.93,,3.89,47.59,0.07,7.77,100381678,75000001.0,9999999.0,5000000.0,9999999,45000000.0,51.0,13.36,21.63,0.09,3147.37,74.71,9.96,4.98,9.96,44.83
2024-11-05,2024-11-12,24225.8,24141.3,0.35,Low,Healthcare,Sagility India Ltd.,Small Cap,10.0,30.0,0.3,30.3,31.06,3.53,29.32,-2.27,42.58,41.93,3.52,1.69,2.41,4.16,7608.16,24.64,0.29,,0.15,11.83,0.29,2.0,702199262,525224447.0,70029926.0,35014963.0,70029926,315134668.0,500.0,0.49,61.52,0.49,61.52,74.8,9.97,4.99,9.97,44.88
2024-10-25,2024-11-04,24315.75,24304.35,0.05,Low,Industrials,Afcons Infrastructure Ltd.,Mid Cap,10.0,463.0,15.0,478.0,426.0,-7.99,474.2,2.42,247.8,-46.48,,,,,3662.25,13.15,10.55,14.89,0.91,2.85,2.5,4.31,117335319,58369329.0,11673867.0,5836933.0,40858532,35021597.0,32.0,13.2,35.08,9.96,46.48,49.75,9.95,4.97,34.82,29.85
2024-10-23,2024-10-30,24371.45,24466.85,-0.39,Low,Materials,Godavari Biorefineries Ltd.,Mid Cap,10.0,352.0,5.0,357.0,308.0,-12.5,343.2,-2.5,232.01,-34.09,2.76,0.56,1.68,1.76,233.84,,-11.16,-2.35,3.01,-4.97,-11.16,6.31,15759937,7879968.0,1575994.0,787997.0,5515978,4727980.0,42.0,2.93,120.04,-20.4,-17.25,50.0,10.0,5.0,35.0,30.0
2024-10-21,2024-10-28,24251.1,24180.8,0.29,Low,Energy,Waaree Energies Ltd.,Mid Cap,10.0,1503.0,1295.0,2798.0,2500.0,66.33,2338.9,55.62,2374.4,57.98,,,,,4471.71,15.88,8.79,9.45,0.06,11.47,8.81,8.84,28752095,14159812.0,2831963.0,1415982.0,9911870,8495887.0,9.0,48.69,30.87,56.16,26.76,49.25,9.85,4.92,34.47,29.55
2024-10-21,2024-10-28,24251.1,24180.8,0.29,Low,Industrials,Deepak Builders & Engineers India Ltd.,Small Cap,10.0,203.0,32.0,235.0,200.0,-1.48,161.95,-20.22,6.68,-96.71,13.91,77.86,91.69,39.79,155.81,19.48,8.48,8.97,0.91,13.52,9.57,4.68,12810000,6405000.0,1281000.0,640500.0,4483500,3842939.0,73.0,16.84,12.06,12.2,16.63,50.0,10.0,5.0,35.0,30.0
2024-10-15,2024-10-22,24798.65,24781.1,0.07,Low,Auto & Auto Ancillaries,Hyundai Motor India Ltd.,Large Cap,10.0,1960.0,62.0,2022.0,1934.0,-1.33,1819.6,-7.16,2031.0,3.62,,,,,12148.71,15.19,12.26,13.69,0.07,8.5,12.26,14.93,142194700,70708150.0,14141630.0,7070815.0,49495705,42424890.0,7.0,74.58,26.28,73.33,26.73,49.73,9.95,4.97,34.81,29.84
2024-10-08,2024-10-15,25186.3,25127.95,0.23,Low,Industrials,Garuda Construction & Engineering Ltd.,Small Cap,5.0,95.0,0.0,95.0,105.0,10.53,106.36,11.96,174.67,83.86,1.24,7.93,11.23,10.81,122.51,,36.14,46.69,0.0,23.63,30.62,5.97,27800000,13900000.0,2780000.0,1390000.0,9730000,8340000.0,157.0,4.87,19.49,4.52,21.03,50.0,10.0,5.0,35.0,30.0
2024-09-26,2024-10-04,25181.9,25250.1,-0.27,Low,Industrials,Diffusion Engineers Ltd.,Small Cap,10.0,168.0,58.0,226.0,193.5,15.18,203.17,20.93,438.75,161.16,95.74,203.34,216.13,85.61,190.7,17.04,18.52,20.63,0.18,10.79,18.52,2.47,9405000,4677500.0,935500.0,467750.0,3274250,2806500.0,88.0,10.99,15.28,8.23,20.41,49.73,9.95,4.97,34.81,29.84
2024-09-25,2024-10-03,25452.85,25796.9,-1.33,Neutral,Manufacturing,KRN Heat Exchanger & Refrigeration Ltd.,Small Cap,10.0,220.0,235.0,455.0,480.0,118.18,478.79,117.63,1436.5,552.95,253.04,445.31,401.01,96.74,131.65,18.96,40.86,31.21,0.45,12.67,29.68,7.35,15543000,7657455.0,1591477.0,795738.0,5498330,4550000.0,65.0,8.88,24.78,6.56,33.52,49.27,10.24,5.12,35.37,29.27
2024-09-23,2024-09-30,26061.3,26178.95,-0.45,High,Financials,Manba Finance Ltd.,Small Cap,10.0,120.0,33.0,153.0,150.0,25.0,157.45,31.21,136.84,14.03,148.55,546.56,441.73,143.95,200.61,,21.36,19.39,3.75,16.4,15.66,2.25,12570000,6285000.0,1257000.0,628500.0,4399500,3771000.0,125.0,8.34,14.39,6.25,19.19,50.0,10.0,5.0,35.0,30.0
2024-09-16,2024-09-24,25921.45,25939.05,-0.07,High,Financials,Northern Arc Capital Ltd.,Small Cap,10.0,263.0,131.0,394.0,350.0,33.08,323.4,22.97,287.35,9.26,242.73,160.48,121.79,32.01,2314.35,,13.32,,3.9,16.67,13.32,1.49,29597646,14503385.0,2900677.0,1450339.0,10152371,8702031.0,57.0,22.32,11.78,19.69,13.36,49.0,9.8,4.9,34.3,29.4
2024-09-16,2024-09-24,25921.45,25939.05,-0.07,High,Real Estate,Arkade Developers Ltd.,Small Cap,10.0,128.0,63.0,191.0,175.0,36.72,165.86,29.58,119.39,-6.73,172.6,169.95,176.76,53.78,323.4,,46.9,47.34,0.21,19.35,46.9,6.02,32037601,15937500.0,3187500.0,1593750.0,11156250,9562500.0,110.0,7.99,16.01,6.61,19.35,49.75,9.95,4.97,34.82,29.85
2024-09-13,2024-09-24,25921.45,25939.05,-0.07,High,Services,Western Carriers (India) Ltd.,Small Cap,5.0,172.0,16.0,188.0,171.0,-0.58,159.44,-7.3,93.16,-45.84,28.81,41.65,56.73,26.92,398.36,,22.41,29.23,0.67,4.77,20.17,3.4,28655813,14327906.0,2865581.0,1432791.0,10029535,8596743.0,87.0,10.21,16.85,7.88,21.83,50.0,10.0,5.0,35.0,30.0
2024-09-10,2024-09-17,25416.9,25383.75,0.13,High,Consumer Discretionary,P N Gadgil Jewellers Ltd.,Mid Cap,10.0,480.0,303.5,783.5,830.0,72.92,793.3,65.27,590.15,22.95,136.85,59.11,50.03,16.58,534.38,4.54,28.88,27.31,0.74,2.53,28.88,10.6,22916666,11458332.0,2291667.0,1145833.0,8020834,6874999.0,31.0,13.08,36.7,11.37,42.2,50.0,10.0,5.0,35.0,30.0
2024-09-09,2024-09-16,25406.65,25356.5,0.2,High,Financials,Bajaj Housing Finance Ltd.,Mid Cap,10.0,70.0,72.0,142.0,150.0,114.29,165.0,135.71,82.0,17.14,222.05,50.53,30.88,7.41,14719.91,90.5,3.6,45.11,5.7,22.73,3.6,3.72,937142856,418571428.0,83714286.0,41857143.0,293000000,251142856.0,214.0,2.21,31.62,2.32,30.2,44.66,8.93,4.47,31.27,26.8
2024-09-09,2024-09-16,25406.65,25356.5,0.2,High,Auto & Auto Ancillaries,Tolins Tyres Ltd.,Small Cap,5.0,226.0,30.0,256.0,228.0,0.88,239.4,5.93,85.86,-62.01,26.72,26.39,33.63,22.45,100.53,21.06,25.87,36.08,0.78,11.45,25.87,6.14,10176991,5088495.0,1017699.0,508850.0,3561947,3053097.0,66.0,8.48,26.64,6.58,34.33,50.0,10.0,5.0,35.0,30.0
2024-09-09,2024-09-16,25406.65,25356.5,0.2,High,Services,Kross Ltd.,Small Cap,5.0,240.0,24.5,264.5,240.0,0.0,259.81,8.25,263.05,9.6,24.55,23.21,23.77,11.26,146.81,13.22,30.57,28.15,0.8,7.22,30.57,8.84,20833332,10416665.0,2083334.0,1041666.0,7291667,6249999.0,62.0,8.3,28.93,6.96,34.5,50.0,10.0,5.0,35.0,30.0
2024-09-05,2024-09-12,25059.65,24918.45,0.57,High,Manufacturing,Shree Tirupati Balajee Agro Trading Co.Ltd.,Small Cap,10.0,83.0,27.0,110.0,90.0,8.43,94.5,13.86,25.2,-69.64,150.87,225.47,179.41,73.22,173.07,,20.84,16.29,1.41,6.53,20.84,3.01,20440000,10220000.0,2044000.0,1022000.0,7154000,6132000.0,180.0,5.4,15.37,4.42,18.77,50.0,10.0,5.0,35.0,30.0
2024-09-02,2024-09-09,24823.4,24852.15,-0.12,Neutral,Manufacturing,Gala Precision Engineering Ltd.,Small Cap,10.0,529.0,245.0,774.0,721.1,36.31,757.15,43.13,1197.2,126.31,232.54,439.67,364.54,91.95,104.45,20.04,23.59,19.91,0.53,11.89,21.38,5.12,3174416,1584310.0,316862.0,158431.0,1109017,950586.0,28.0,22.09,23.95,17.63,30.01,49.91,9.98,4.99,34.94,29.95
2024-08-30,2024-09-06,25093.7,25145.1,-0.2,High,Services,Baazar Style Retail Ltd.,Small Cap,5.0,389.0,33.0,422.0,389.0,0.0,400.0,2.83,384.75,-1.09,81.83,69.27,39.68,9.07,212.56,,10.74,18.39,0.76,2.23,10.32,12.78,21459488,10715620.0,2143124.0,1071562.0,7500934,6429372.0,38.0,3.1,125.54,2.94,132.28,49.93,9.99,4.99,34.95,29.96
2024-08-28,2024-09-04,25089.95,25279.85,-0.75,High,Services,ECOS (India) Mobility & Hospitality Ltd.,Small Cap,2.0,334.0,126.0,460.0,390.0,16.77,443.15,32.68,104.73,-68.64,136.85,74.66,64.19,19.66,177.41,,42.75,42.88,0.12,11.0,42.75,11.3,18000000,9000000.0,1800000.0,900000.0,6300000,5400000.0,44.0,10.42,32.05,10.42,32.05,50.0,10.0,5.0,35.0,30.0
2024-08-27,2024-09-03,25313.4,25278.7,0.14,High,Energy,Premier Energies Ltd.,Small Cap,1.0,450.0,487.0,937.0,990.0,120.0,839.9,86.64,870.1,93.36,212.42,58.0,36.96,7.44,26.96,16.07,43.73,25.65,1.86,7.3,37.46,30.76,62909200,31337777.0,6267556.0,3133778.0,21936445,18802666.0,33.0,5.48,82.09,17.58,25.59,49.81,9.96,4.98,34.87,29.89
2024-08-21,2024-08-28,25030.8,25017.75,0.05,High,Technology,Orient Technologies Ltd.,Small Cap,10.0,206.0,95.0,301.0,288.0,39.81,302.4,46.8,231.53,12.39,188.79,343.45,243.2,68.93,175.31,8.07,27.26,28.42,0.03,6.87,23.64,4.21,10425242,5212620.0,1042525.0,521262.0,3648835,3127572.0,72.0,11.57,17.8,9.95,20.7,50.0,10.0,5.0,35.0,30.0
2024-08-19,2024-08-26,24906.1,24823.15,0.33,High,Services,Interarch Building Products Ltd.,Small Cap,10.0,900.0,336.0,1236.0,1220.0,35.56,1196.45,32.94,1673.4,85.93,,,,,262.65,9.74,19.4,25.79,-0.11,7.2,22.26,0.0,6672169,3323814.0,664764.0,332381.0,2326671,1994288.0,16.0,59.84,15.04,51.85,17.36,49.82,9.96,4.98,34.87,29.89
2024-08-12,2024-08-20,24648.9,24572.65,0.31,Neutral,Services,Saraswati Saree Depot Ltd.,Small Cap,10.0,160.0,40.0,200.0,194.0,21.25,203.7,27.31,75.81,-52.62,64.12,389.28,296.85,61.59,64.91,,58.88,64.46,0.67,4.83,45.49,8.16,10000800,5000400.0,1000080.0,500040.0,3500280,0.0,90.0,8.92,17.94,7.46,21.46,50.0,10.0,5.0,35.0,0.0
2024-08-06,2024-08-13,24342.35,24347.0,-0.02,Neutral,Technology,Brainbees Solutions Ltd.,Small Cap,2.0,465.0,87.0,552.0,651.0,40.0,679.1,46.04,179.94,-61.3,19.3,5.32,3.39,2.31,3170.74,,-8.65,,0.15,-4.89,-8.65,6.49,90194432,67592381.0,9012318.0,4506158.0,9012317,40555428.0,32.0,-6.65,-69.91,-6.19,-75.09,74.94,9.99,5.0,9.99,44.96
2024-08-06,2024-08-13,24342.35,24347.0,-0.02,Neutral,Technology,Unicommerce eSolutions Ltd.,Small Cap,1.0,108.0,69.0,177.0,235.0,117.59,210.08,94.52,83.9,-22.31,138.75,266.49,224.38,130.99,68.91,19.57,17.36,25.93,,12.63,18.98,15.81,25608512,19206385.0,2560850.0,1280426.0,2560851,11523831.0,138.0,1.28,84.59,1.28,84.59,75.0,10.0,5.0,10.0,45.0
2024-08-02,2024-08-09,24386.85,24117.0,1.12,Neutral,Auto & Auto Ancillaries,Ola Electric Mobility Ltd.,Mid Cap,10.0,76.0,-3.0,73.0,76.0,0.0,91.2,20.0,36.92,-51.42,5.53,2.75,2.03,4.05,2019.34,,-78.46,,1.18,-30.22,-78.46,13.72,808699624,605926893.0,80790252.0,40395126.0,80790252,363556135.0,195.0,-4.3,-17.69,-3.59,-21.16,74.93,9.99,5.0,9.99,44.96
2024-08-01,2024-08-08,24248.55,24297.5,-0.2,Low,Industrials,Ceigall India Ltd.,Small Cap,5.0,401.0,17.5,418.5,419.0,4.49,386.75,-3.55,382.75,-4.55,31.26,16.28,11.92,3.82,906.41,18.3,33.57,31.98,1.17,10.05,33.57,6.95,31243701,15594302.0,3118861.0,1559430.0,10916012,9356581.0,37.0,19.4,20.67,17.5,22.91,49.91,9.98,4.99,34.94,29.95
2024-07-30,2024-08-06,24189.85,24055.6,0.56,Low,Healthcare,Akums Drugs & Pharmaceuticals Ltd.,Mid Cap,2.0,679.0,43.0,722.0,725.0,6.77,796.25,17.27,818.5,20.54,90.09,47.43,31.45,20.8,709.5,3.73,0.11,3.37,0.69,0.02,-0.57,13.69,27368151,20343188.0,2712425.0,1356212.0,2712424,12205912.0,22.0,0.05,12665.18,0.05,13527.91,74.33,9.91,4.96,9.91,44.6
2024-07-19,2024-07-26,24423.35,24406.1,0.07,Neutral,Manufacturing,Sanstar Ltd.,Small Cap,2.0,95.0,25.0,120.0,109.0,14.74,115.07,21.13,104.94,10.46,145.68,149.44,110.61,24.23,215.91,,30.92,24.43,0.5,6.17,30.92,6.18,53700000,26850000.0,5370000.0,2685000.0,18795000,16110000.0,150.0,4.75,19.98,3.66,25.93,50.0,10.0,5.0,35.0,30.0
2024-07-03,2024-07-10,24459.85,24433.2,0.11,High,Healthcare,Emcure Pharmaceuticals Ltd.,Mid Cap,10.0,1008.0,300.0,1308.0,1325.05,31.45,1359.15,34.84,1943.0,92.76,191.24,54.9,38.16,7.36,2952.28,19.18,16.9,19.37,0.67,7.86,16.87,6.18,19375070,9633084.0,1926618.0,963308.0,6743160,5779850.0,14.0,29.17,34.55,27.95,36.07,49.72,9.94,4.97,34.8,29.83
2024-07-03,2024-07-10,24459.85,24433.2,0.11,High,Materials,Bansal Wire Industries Ltd.,Mid Cap,5.0,256.0,70.0,326.0,356.0,39.06,350.35,36.86,323.45,26.35,153.86,55.27,52.11,14.37,422.37,6.18,21.19,18.46,1.48,3.19,18.27,7.72,29101562,14550780.0,2910157.0,1455078.0,10185547,8730468.0,58.0,6.18,41.41,5.03,50.86,50.0,10.0,5.0,35.0,30.0
2024-06-26,2024-07-03,24291.75,24123.85,0.7,High,Materials,Vraj Iron & Steel Ltd.,Small Cap,10.0,207.0,50.0,257.0,240.0,15.94,252.0,21.74,123.85,-40.17,173.99,217.5,229.99,58.31,187.5,,23.78,25.34,0.27,3.61,23.78,2.73,8260869,4130433.0,826088.0,413043.0,2891305,2478259.0,72.0,21.84,9.48,18.02,11.49,50.0,10.0,5.0,35.0,30.0
2024-06-25,2024-07-02,24228.75,24141.95,0.36,High,Consumer Discretionary,Allied Blenders & Distillers Ltd.,Mid Cap,2.0,281.0,59.0,340.0,320.0,13.88,317.9,13.13,718.9,155.84,53.01,39.76,22.75,4.73,409.26,6.23,0.39,25.87,1.85,0.05,0.39,16.77,53391667,26637010.0,5327402.0,2663701.0,18645907,15982206.0,53.0,0.07,4284.57,0.2,1393.87,49.89,9.98,4.99,34.92,29.93
2024-06-21,2024-06-28,24085.9,24044.5,0.17,High,Manufacturing,Stanley Lifestyles Ltd.,Small Cap,2.0,369.0,173.0,542.0,494.95,34.13,474.75,28.66,136.31,-63.06,215.62,136.75,90.76,19.08,237.21,21.32,7.92,8.63,0.86,5.97,8.34,8.03,14553508,7276753.0,1455351.0,727676.0,5093728,4366051.0,40.0,6.78,54.43,4.37,84.4,50.0,10.0,5.0,35.0,30.0
2024-06-19,2024-06-26,23723.1,23721.3,0.01,High,Manufacturing,DEE Development Engineers Ltd.,Small Cap,10.0,203.0,90.0,293.0,339.0,67.0,335.32,65.18,676.9,233.45,206.54,165.71,116.73,23.66,428.19,13.48,3.35,3.91,0.85,2.63,3.35,2.46,20596938,10271295.0,2054260.0,1027129.0,7189907,6162777.0,73.0,2.45,83.0,2.77,73.33,49.87,9.97,4.99,34.91,29.92
2024-06-19,2024-06-26,23723.1,23721.3,0.01,High,Financials,Akme Fintrade (India) Ltd.,Small Cap,10.0,120.0,16.0,136.0,127.0,5.83,133.35,11.12,7.93,-93.39,28.12,121.56,146.83,44.58,217.01,69.46,5.64,,2.49,22.93,5.81,1.86,11000000,5225000.0,1045000.0,522500.0,3657500,3135000.0,125.0,3.87,24.06,3.7,32.41,47.5,9.5,4.75,33.25,28.5
2024-06-10,2024-06-18,23570.8,23465.6,0.45,High,Technology,Le Travenues Technology Ltd.,Small Cap,1.0,93.0,30.5,123.5,138.1,48.49,165.72,78.19,162.89,75.15,106.73,117.4,95.95,53.95,437.13,,15.26,,0.0,4.52,15.26,8.14,79580899,59685676.0,7958089.0,3979045.0,7958089,35811405.0,161.0,0.62,148.87,2.26,41.12,75.0,10.0,5.0,10.0,45.0
2024-06-03,2024-06-10,23319.15,23290.15,0.12,High,Materials,Kronox Lab Sciences Ltd.,Small Cap,10.0,136.0,28.0,164.0,164.95,21.29,159.32,17.15,216.38,59.1,,,,,60.28,,25.66,33.15,,22.6,25.66,8.37,9570000,4785000.0,957000.0,478500.0,3349500,2871000.0,110.0,4.48,30.37,5.56,24.47,50.0,10.0,5.0,35.0,30.0
2024-05-22,2024-05-30,22617.45,22704.7,-0.38,Neutral,Services,Awfis Space Solutions Ltd.,Small Cap,10.0,383.0,84.0,467.0,435.0,13.58,421.75,10.12,244.1,-36.27,116.95,138.15,111.53,53.23,247.19,,-7.66,37.43,0.1,-2.99,-7.66,9.63,15643153,11689139.0,1558552.0,779275.0,1558551,7013483.0,39.0,-7.06,-54.26,-6.72,-57.01,74.72,9.96,4.98,9.96,44.83
2024-05-15,2024-05-23,22614.1,22597.8,0.07,High,Financials,Go Digit General Insurance Ltd.,Small Cap,10.0,272.0,4.0,276.0,286.0,5.15,306.0,12.5,260.05,-4.39,12.56,8.28,5.15,4.27,2459.34,,5.25,,,90.69,5.25,9.67,96126686,72095016.0,9612668.0,4806334.0,9612668,43257009.0,55.0,0.41,670.31,1.88,145.03,75.0,10.0,5.0,10.0,45.0
2024-05-08,2024-05-15,22255.6,22217.85,0.17,Neutral,Services,TBO Tek Ltd.,Mid Cap,1.0,920.0,300.0,1220.0,1426.0,55.0,1406.3,52.86,1685.2,83.17,125.51,55.82,40.15,25.72,501.21,19.07,30.76,51.95,0.02,13.68,30.76,18.66,16856623,12618012.0,1682401.0,841201.0,1682401,7570807.0,16.0,14.25,64.58,18.93,48.6,74.85,9.98,4.99,9.98,44.91
2024-05-08,2024-05-15,22255.6,22217.85,0.17,Neutral,Financials,Aadhar Housing Finance Ltd.,Small Cap,10.0,315.0,43.0,358.0,315.0,0.0,329.45,4.59,436.0,38.41,76.42,18.9,14.19,2.58,4249.1,75.2,18.4,9.59,3.1,26.69,12.9,2.93,95255598,47507935.0,9501588.0,4750793.0,33255556,28504761.0,47.0,13.81,22.8,17.13,18.39,49.87,9.97,4.99,34.91,29.92
2024-05-06,2024-05-13,22027.95,22055.2,-0.12,Low,Healthcare,Indegene Ltd.,Mid Cap,2.0,452.0,275.0,727.0,655.0,44.91,570.9,26.31,590.75,30.7,192.72,62.23,43.26,7.86,1327.0,19.69,18.23,,0.3,12.62,18.23,7.55,40766550,20235170.0,4047034.0,2023518.0,14164620,12141102.0,33.0,11.96,37.78,13.48,33.53,49.64,9.93,4.96,34.75,29.78
2024-04-23,2024-04-30,22679.65,22643.4,0.16,High,Industrials,JNK India Ltd.,Small Cap,2.0,415.0,135.0,550.0,621.0,49.64,694.55,67.36,438.2,5.59,74.4,27.73,15.94,4.2,168.56,,31.79,34.73,0.34,18.24,31.79,11.92,15649967,7824982.0,1564997.0,782499.0,5477489,4694989.0,36.0,9.58,43.32,11.08,37.46,50.0,10.0,5.0,35.0,30.0
2024-04-03,2024-04-12,22677.4,22753.8,-0.34,High,Technology,Bharti Hexacom Ltd.,Large Cap,5.0,570.0,140.0,710.0,755.0,32.46,813.3,42.68,1424.5,149.91,48.57,12.27,7.0,2.83,3978.8,,7.08,,1.41,8.17,7.08,6.45,75000000,56250000.0,7500000.0,3750000.0,7500000,33750000.0,26.0,10.98,51.89,7.51,75.85,75.0,10.0,5.0,10.0,45.0
2024-03-26,2024-04-03,22385.7,22453.3,-0.3,High,Industrials,SRM Contractors Ltd.,Small Cap,10.0,210.0,70.0,280.0,215.25,2.5,226.0,7.62,404.4,92.57,59.59,220.57,203.67,46.97,37.24,,25.02,29.43,0.5,8.98,25.02,4.17,6200000,3100000.0,620000.0,310000.0,2170000,1859900.0,70.0,11.2,18.76,12.24,17.15,50.0,10.0,5.0,35.0,30.0
2024-03-14,2024-03-21,21989.9,21839.1,0.69,Low,Industrials,Krystal Integrated Services Ltd.,Small Cap,10.0,715.0,60.0,775.0,785.0,9.79,712.85,-0.3,626.2,-12.42,7.32,52.07,31.54,3.42,183.68,7.52,11.71,16.97,0.58,4.56,11.21,4.49,4197552,2098775.0,419755.0,209878.0,1469144,1259265.0,20.0,33.33,21.45,29.42,24.3,50.0,10.0,5.0,35.0,30.0
2024-03-12,2024-03-19,21946.45,22055.7,-0.5,Low,Consumer Discretionary,Popular Vehicles & Services Ltd.,Small Cap,2.0,295.0,0.0,295.0,289.2,-1.97,276.15,-6.39,95.5,-67.63,1.92,0.67,0.68,1.07,384.21,4.82,10.42,8.83,1.99,1.41,10.42,4.82,20395205,10178875.0,2035775.0,1017888.0,7125214,6107325.0,50.0,10.22,28.88,11.25,26.22,49.91,9.98,4.99,34.94,29.94
2024-03-06,2024-03-14,21982.55,21997.7,-0.07,Neutral,Consumer Discretionary,Gopal Snacks Ltd.,Small Cap,1.0,401.0,-25.0,376.0,351.0,-12.47,362.7,-9.55,250.95,-37.42,18.42,10.72,8.12,4.22,346.1,14.35,16.05,20.83,0.08,8.22,16.05,14.43,16218612,8061096.0,1612220.0,806110.0,5642768,4836657.0,37.0,9.02,44.47,8.92,44.96,49.7,9.94,4.97,34.79,29.82
2024-03-05,2024-03-13,22432.2,22335.7,0.43,High,Materials,J.G.Chemicals Ltd.,Small Cap,10.0,221.0,5.0,226.0,209.0,-5.43,184.8,-16.38,645.1,191.9,32.33,50.26,43.24,18.03,217.86,10.85,8.2,11.86,0.11,7.24,8.16,3.51,11366063,5683030.0,1136607.0,568303.0,3978123,3409818.0,67.0,13.6,16.25,11.01,20.08,50.0,10.0,5.0,35.0,30.0
2024-03-04,2024-03-12,22334.45,22332.65,0.01,High,Services,R K SWAMY Ltd.,Mid Cap,5.0,288.0,0.0,288.0,250.0,-13.19,262.6,-8.82,90.09,-68.72,20.58,35.73,31.27,33.31,146.66,21.5,16.47,6.29,1.5,5.56,5.41,8.73,14733883,10834896.0,1444652.0,722327.0,1444652,6500937.0,50.0,7.03,40.96,3.14,91.63,73.54,9.8,4.9,9.8,44.12
2024-02-29,2024-03-07,22505.3,22474.05,0.14,High,Materials,Mukka Proteins Ltd.,Small Cap,1.0,28.0,35.0,63.0,40.0,42.86,42.25,50.89,25.98,-7.21,189.28,254.15,242.86,58.52,159.11,,36.71,17.62,1.64,4.04,34.19,4.78,80000000,40000000.0,8000000.0,4000000.0,28000000,23999565.0,535.0,2.16,12.96,2.2,12.73,50.0,10.0,5.0,35.0,30.0
2024-02-27,2024-03-05,22371.25,22405.6,-0.15,High,Materials,Platinum Industries Ltd.,Small Cap,10.0,171.0,87.0,258.0,225.0,31.58,221.2,29.36,206.85,20.96,151.0,138.46,148.46,50.92,85.04,23.73,90.02,56.85,0.28,9.32,61.26,11.13,13761225,6880612.0,1376123.0,688061.0,4816429,4128237.0,87.0,9.13,18.73,8.31,20.57,50.0,10.0,5.0,35.0,30.0
2024-02-27,2024-03-05,22371.25,22405.6,-0.15,High,Energy,Exicom Tele-Systems Ltd.,Small Cap,10.0,142.0,160.0,302.0,265.0,86.62,224.95,58.42,152.11,7.12,,,,,311.4,,13.38,10.92,0.51,4.3,2.75,5.63,30211200,22658500.0,3021000.0,1510600.0,3021100,12538800.0,100.0,0.65,217.63,4.55,31.24,75.0,10.0,5.0,10.0,41.5
2024-02-22,2024-02-29,21935.2,21951.15,-0.07,Neutral,Healthcare,GPT Healthcare Ltd.,Small Cap,10.0,186.0,17.0,203.0,215.0,15.59,200.7,7.9,150.74,-18.96,17.3,11.98,9.09,2.44,171.43,,23.59,26.09,0.39,10.64,23.77,9.06,28233323,14116660.0,2823332.0,1411667.0,9881664,8469996.0,80.0,4.88,38.1,0.0,32.49,50.0,10.0,5.0,35.0,30.0
2024-02-21,2024-02-28,22214.1,22198.35,0.07,High,Services,Juniper Hotels Ltd.,Small Cap,10.0,360.0,0.0,360.0,365.0,1.39,401.5,11.53,213.42,-40.72,3.11,1.08,0.5,1.31,859.67,,-0.42,,5.77,-0.21,-0.42,14.59,50000000,37500000.0,5000000.0,2500000.0,5000000,22500000.0,40.0,-0.09,-4000.0,-2.38,-151.26,75.0,10.0,5.0,10.0,45.0
2024-02-13,2024-02-20,22099.2,22122.25,-0.1,High,Materials,Vibhor Steel Tubes Ltd.,Small Cap,10.0,151.0,140.0,291.0,425.0,181.46,446.25,195.53,112.09,-25.77,191.41,754.37,808.72,201.52,101.76,,25.51,16.48,1.63,1.89,22.6,2.3,4779443,2374970.0,474994.0,237497.0,1662479,1424907.0,99.0,14.85,10.17,8.99,16.8,49.69,9.94,4.97,34.78,29.81
2024-02-09,2024-02-16,22020.3,21910.75,0.5,High,Healthcare,Entero Healthcare Solutions Ltd.,Small Cap,10.0,1258.0,2.0,1260.0,1228.7,-2.33,1149.55,-8.62,1708.9,35.84,,,,,660.54,3.67,-2.66,6.06,0.45,4.69,-1.86,7.22,12725244,9491256.0,1265500.0,632751.0,1265500,5694753.0,11.0,0.0,0.0,9.7,129.75,74.59,9.94,4.97,9.94,44.75
2024-02-07,2024-02-14,21578.15,21743.25,-0.76,Neutral,Technology,Rashi Peripherals Ltd.,Small Cap,5.0,311.0,34.0,345.0,339.5,9.16,321.5,3.38,953.5,206.59,151.45,74.51,50.38,11.01,772.74,,19.33,14.21,1.53,1.3,17.6,1.86,19292604,9646301.0,1929260.0,964631.0,6752412,5787780.0,48.0,26.46,11.75,21.86,14.23,50.0,10.0,5.0,35.0,30.0
2024-02-07,2024-02-14,21578.15,21743.25,-0.76,Neutral,Financials,Jana Small Finance Bank Ltd.,Mid Cap,10.0,414.0,16.0,430.0,396.0,-4.35,368.15,-11.07,489.3,18.19,39.81,28.73,20.94,5.7,2547.11,,16.78,,3.49,6.92,14.4,1.28,13768049,6720980.0,1344196.0,672099.0,4704688,4032588.0,36.0,27.4,15.11,40.77,10.15,48.82,9.76,4.88,34.17,29.29
2024-02-07,2024-02-14,21578.15,21743.25,-0.76,Neutral,Financials,Capital Small Finance Bank Ltd.,Small Cap,10.0,468.0,0.0,468.0,430.25,-8.07,435.0,-7.05,288.6,-38.33,6.86,3.63,5.43,2.6,711.76,21.42,16.45,,0.95,12.9,15.33,1.81,11176713,5588356.0,1117671.0,558836.0,3911850,3353013.0,32.0,26.48,17.68,24.19,19.35,50.0,10.0,5.0,35.0,30.0
2024-02-05,2024-02-12,21800.8,21782.5,0.08,High,Services,Apeejay Surrendra Park Hotels Ltd.,Small Cap,1.0,155.0,38.0,193.0,186.0,20.0,203.55,31.32,105.92,-31.66,79.23,61.55,42.68,32.0,578.71,,9.03,,0.99,9.16,9.03,4.87,59385351,44032258.0,5870967.0,2935484.0,5870967,26419354.0,96.0,2.75,56.33,2.15,72.05,74.15,9.89,4.94,9.89,44.49
2024-01-30,2024-02-06,21825.2,21771.7,0.25,High,Services,BLS E-Services Ltd.,Small Cap,10.0,135.0,155.0,290.0,305.0,125.93,366.0,171.11,328.6,143.41,,,,,120.37,13.86,33.33,30.62,0.05,8.36,16.46,7.2,23030000,15545250.0,2072700.0,1036350.0,2072700,9327096.0,108.0,3.05,44.31,2.24,60.33,67.5,9.0,4.5,9.0,40.5
2024-01-23,2024-01-31,21487.25,21522.1,-0.16,Neutral,Agriculture,Nova AgriTech Ltd.,Small Cap,2.0,41.0,13.0,54.0,55.0,34.15,57.75,40.85,22.43,-45.29,81.13,231.4,236.27,80.2,74.23,,38.27,27.25,1.11,9.73,32.08,4.06,35075693,17537846.0,3507569.0,1753785.0,12276493,10522220.0,365.0,3.14,13.05,2.24,18.27,50.0,10.0,5.0,35.0,30.0
2024-01-19,2024-01-30,21775.75,21737.6,0.18,Neutral,Consumer Discretionary,EPACK Durable Ltd.,Small Cap,10.0,230.0,5.0,235.0,221.0,-3.91,207.6,-9.74,175.35,-23.76,25.59,31.6,21.74,6.5,478.31,6.6,14.68,11.85,1.58,2.08,14.68,4.98,27828351,13914175.0,2782835.0,1391418.0,9739923,8348504.0,65.0,4.08,56.4,0.55,415.1,50.0,10.0,5.0,35.0,30.0
2024-01-15,2024-01-23,21716.7,21571.8,0.67,Neutral,Financials,Medi Assist Healthcare Services Ltd.,Small Cap,5.0,418.0,34.0,452.0,460.0,10.05,464.1,11.03,302.25,-27.69,40.14,17.22,10.12,3.19,416.64,,19.63,24.95,0.0,14.51,19.63,0.0,28028168,14014083.0,2802817.0,1401409.0,9809859,8408449.0,35.0,10.94,38.22,13.15,31.8,50.0,10.0,5.0,35.0,30.0
2024-01-09,2024-01-16,22080.5,22097.45,-0.08,High,Manufacturing,Jyoti CNC Automation Ltd.,Mid Cap,2.0,331.0,38.0,369.0,370.0,11.78,434.2,31.18,1039.85,214.15,46.37,42.77,29.47,27.5,205.63,12.99,18.35,9.5,10.17,1.58,18.35,59.43,30218649,22545317.0,3006042.0,1503021.0,3006042,13527190.0,45.0,0.76,433.43,0.29,1122.83,74.61,9.95,4.97,9.95,44.76
2023-12-21,2023-12-29,21737.65,21778.7,-0.19,High,Healthcare,Innova Captab Ltd.,Small Cap,10.0,448.0,32.0,480.0,452.1,0.92,541.4,20.85,1159.8,158.88,,,,,294.27,13.26,24.58,22.61,0.85,7.34,24.58,8.12,12723214,6361606.0,1272322.0,636161.0,4453125,3816963.0,33.0,14.16,31.64,11.87,36.42,50.0,10.0,5.0,35.0,30.0
2023-12-20,2023-12-28,21715.0,21654.75,0.28,High,Industrials,Azad Engineering Ltd.,Small Cap,2.0,524.0,195.0,719.0,720.0,37.4,677.5,29.29,2963.2,465.5,179.64,93.3,84.12,24.51,,32.63,4.2,12.99,1.47,3.2,4.23,,14122108,7022886.0,1404577.0,702289.0,4916021,4213731.0,28.0,1.79,292.74,1.43,57.58,49.73,9.95,4.97,34.81,29.84
2023-12-19,2023-12-27,21497.65,21441.35,0.26,High,Industrials,Happy Forgings Ltd.,Small Cap,2.0,850.0,235.0,1085.0,1000.0,17.65,1030.8,21.27,2067.2,143.2,214.65,69.87,50.61,15.4,1103.33,28.97,21.12,24.24,0.22,17.44,21.12,7.7,11865802,5932900.0,1186580.0,593291.0,4153031,3559740.0,17.0,23.32,36.45,25.33,33.56,50.0,10.0,5.0,35.0,30.0
2023-12-19,2023-12-27,21497.65,21441.35,0.26,High,Consumer Discretionary,RBZ Jewellers Ltd.,Small Cap,10.0,100.0,0.0,100.0,100.0,0.0,105.0,5.0,207.23,107.23,13.43,6.79,14.21,24.74,104.57,13.71,27.49,27.49,1.02,7.76,20.08,3.24,10000000,3500000.0,2000000.0,1000000.0,3500000,2100000.0,150.0,7.44,13.77,5.58,16.53,35.0,20.0,10.0,35.0,21.0
2023-12-19,2023-12-27,21497.65,21441.35,0.26,High,Services,Credo Brands Marketing Ltd.,Small Cap,2.0,280.0,,,282.35,0.84,312.2,11.5,72.31,-74.17,104.95,55.73,55.1,19.94,289.88,35.13,29.98,28.16,0.65,15.56,29.98,6.4,19634960,9817480.0,1963496.0,981748.0,6872236,5890488.0,53.0,0.54,23.22,12.05,23.23,50.0,10.0,5.0,35.0,30.0
2023-12-18,2023-12-26,21365.2,21349.4,0.07,High,Financials,Muthoot Microfin Ltd.,Small Cap,10.0,291.0,27.0,318.0,275.3,-5.4,266.15,-8.54,178.4,-38.69,18.35,12.96,15.69,8.0,1625.85,55.19,11.06,7.95,3.99,11.33,10.08,2.58,33007054,16323021.0,3264604.0,1632303.0,11426116,9793812.0,51.0,11.98,24.96,9.61,25.38,49.45,9.89,4.95,34.62,29.67
2023-12-18,2023-12-26,21365.2,21349.4,0.07,High,Consumer Discretionary,Motisons Jewellers Ltd.,Small Cap,10.0,55.0,70.0,125.0,109.0,98.18,103.55,88.27,18.0,-67.27,,,,,142.81,14.54,17.56,30.04,3.32,6.06,16.15,2.84,27471000,11312750.0,3664000.0,1832000.0,10662250,6600000.0,250.0,3.42,17.59,2.26,24.66,41.18,13.34,6.67,38.81,24.03
2023-12-18,2023-12-26,21365.2,21349.4,0.07,High,Real Estate,Suraj Estate Developers Ltd.,Small Cap,5.0,360.0,15.0,375.0,340.0,-5.56,334.5,-7.08,207.69,-42.31,25.74,18.37,23.31,9.85,86.11,50.09,58.18,21.93,8.31,10.49,58.18,16.77,11111111,5555555.0,1111111.0,555556.0,3888889,3333333.0,41.0,10.1,35.64,7.23,49.81,50.0,10.0,5.0,35.0,30.0
2023-12-14,2023-12-21,21033.95,21150.15,-0.55,High,Industrials,Inox India Ltd.,Small Cap,2.0,660.0,440.0,1100.0,949.65,43.89,939.95,42.42,2052.5,210.98,,,,,554.24,23.05,27.79,36.53,,15.52,27.79,10.9,22110955,11055476.0,2211096.0,1105548.0,7738835,6633285.0,22.0,16.83,39.22,22.77,28.99,50.0,10.0,5.0,35.0,30.0
2023-12-13,2023-12-20,21543.5,21453.1,0.42,High,Financials,India Shelter Finance Corp.Ltd.,Small Cap,5.0,493.0,157.0,650.0,620.0,25.76,544.7,10.49,635.6,28.92,94.29,29.77,30.37,10.46,1374.97,,13.4,,2.12,25.62,13.4,3.49,24340768,12170383.0,2434077.0,1217039.0,8519269,7302229.0,30.0,17.1,28.83,20.06,24.58,50.0,10.0,5.0,35.0,30.0
2023-12-13,2023-12-20,21543.5,21453.1,0.42,High,Consumer Discretionary,DOMS Industries Ltd.,Small Cap,10.0,790.0,510.0,1300.0,1400.0,77.22,1326.05,67.85,2107.0,166.71,122.16,71.27,67.65,73.38,397.61,15.78,33.54,33.31,0.28,2.51,28.39,13.17,15196510,11344935.0,1512658.0,756329.0,1512658,6806961.0,18.0,18.29,43.19,24.36,32.43,74.65,9.95,4.98,9.95,44.79
2023-11-22,2023-12-01,20194.1,20133.15,0.3,High,Consumer Discretionary,Flair Writing Industries Ltd.,Small Cap,5.0,304.0,150.0,454.0,501.0,64.8,450.9,48.32,229.32,-24.57,122.02,36.53,32.61,13.73,470.16,20.7,31.17,31.24,0.26,12.53,31.17,6.65,19506578,9753288.0,1950658.0,975329.0,6827303,5851972.0,49.0,12.33,23.36,11.21,25.7,50.0,10.0,5.0,35.0,30.0
2023-11-22,2023-11-30,20108.5,20096.6,0.06,High,Financials,Fedbank Financial Services Ltd.,Small Cap,10.0,140.0,0.0,140.0,138.0,-1.43,140.25,0.18,150.96,7.83,,,,,1414.9,64.22,14.36,8.42,5.26,14.83,13.29,3.32,78073810,38652290.0,7730458.0,3865229.0,27056603,23191374.0,107.0,5.52,25.36,5.84,23.97,49.51,9.9,4.95,34.66,29.7
2023-11-22,2023-11-30,20108.5,20096.6,0.06,High,Technology,Tata Technologies Ltd.,Mid Cap,2.0,500.0,475.0,975.0,1200.0,140.0,1313.0,162.6,707.5,41.5,203.41,70.67,44.98,16.5,2853.13,20.59,20.87,,,14.14,20.87,6.79,60850278,26368453.0,5273691.0,2636846.0,18457919,15821071.0,30.0,15.38,32.51,17.35,28.82,43.33,8.67,4.33,30.33,26.0
2023-11-22,2023-11-30,20108.5,20096.6,0.06,High,Energy,Gandhar Oil Refinery (India) Ltd.,Small Cap,2.0,169.0,73.0,242.0,298.0,76.33,301.4,78.34,278.85,65.0,129.06,61.93,69.17,29.93,810.79,8.31,32.28,41.19,0.22,5.2,32.28,1.78,29626732,14813365.0,2962673.0,1481337.0,10369357,8888018.0,88.0,23.77,6.34,21.78,6.16,50.0,10.0,5.0,35.0,30.0
2023-11-21,2023-11-29,19976.55,19889.7,0.44,High,Financials,Indian Renewable Energy Development Agency Ltd.,Mid Cap,10.0,32.0,12.0,44.0,50.0,56.25,60.0,87.5,111.68,249.0,104.57,26.99,18.5,7.73,6580.61,,15.44,,6.77,24.82,15.44,1.23,671941177,335032878.0,67006576.0,33503288.0,234523015,201019726.0,460.0,3.78,8.47,3.22,7.42,49.86,9.97,4.99,34.9,29.92
2023-11-07,2023-11-15,19651.4,19443.55,1.07,High,Auto & Auto Ancillaries,ASK Automotive Ltd.,Small Cap,2.0,282.0,28.0,310.0,303.3,7.55,310.1,9.96,640.1,126.99,142.41,41.13,24.16,5.7,,9.46,19.1,18.81,0.49,4.79,19.1,8.64,29571390,14785694.0,2957139.0,1478570.0,10349987,8871416.0,53.0,6.18,45.63,6.24,39.89,50.0,10.0,5.0,35.0,30.0
2023-11-06,2023-11-13,19486.75,19525.55,-0.2,Neutral,Technology,Protean eGov Technologies Ltd.,Small Cap,10.0,792.0,48.0,840.0,792.0,0.0,883.0,11.49,659.3,-16.76,46.94,33.14,28.58,8.93,888.1,21.51,12.49,16.13,,14.42,12.49,3.74,6191000,3020500.0,604100.0,302050.0,2114350,1812300.0,18.0,26.48,29.91,26.46,24.86,48.79,9.76,4.88,34.15,29.27
2023-11-03,2023-11-10,19351.85,19395.3,-0.22,Neutral,Financials,ESAF Small Finance Bank Ltd.,Small Cap,10.0,60.0,16.0,76.0,71.0,18.33,69.05,15.08,44.52,-25.8,182.66,96.51,73.41,17.86,1839.09,,17.69,,1.96,9.62,17.69,1.58,77356059,37541665.0,7508333.0,3754167.0,26279167,22524998.0,250.0,6.73,8.94,5.87,5.94,48.53,9.71,4.85,33.97,29.12
2023-10-31,2023-11-07,19404.05,19411.75,-0.04,Neutral,Consumer Discretionary,Honasa Consumer Ltd.,Mid Cap,10.0,324.0,24.0,348.0,330.0,1.85,337.1,4.04,431.35,33.13,11.5,4.85,2.36,1.35,638.26,1.52,-23.57,-22.05,0.01,-9.96,-23.57,16.81,52516742,39362048.0,5248272.0,2624137.0,5248272,23617228.0,46.0,-4.86,-66.67,3.07,105.54,74.95,9.99,5.0,9.99,44.97
2023-10-30,2023-11-06,19345.85,19230.6,0.6,Neutral,Consumer Discretionary,Cello World Ltd.,Mid Cap,5.0,648.0,160.0,808.0,829.0,27.93,791.7,22.18,325.55,-49.76,122.2,30.02,16.91,3.21,1226.56,24.34,39.9,44.48,0.62,15.9,23.17,11.4,29337023,14583332.0,2916667.0,1458333.0,10208334,8749999.0,23.0,13.43,48.25,15.61,41.51,49.71,9.94,4.97,34.8,29.83
2023-10-25,2023-11-01,19064.05,19079.6,-0.08,Low,Healthcare,Blue Jet Healthcare Ltd.,Small Cap,2.0,346.0,22.0,368.0,380.0,9.83,413.4,19.48,538.05,55.51,13.72,15.65,9.48,2.24,725.68,33.71,26.6,31.91,,22.27,23.48,8.81,24285160,12142580.0,2428516.0,1214258.0,8499806,7285548.0,43.0,9.23,37.49,9.23,34.02,50.0,10.0,5.0,35.0,30.0
2023-10-18,2023-10-26,19027.25,19122.15,-0.5,Low,Energy,IRM Energy Ltd.,Small Cap,10.0,505.0,18.0,523.0,477.25,-5.5,473.15,-6.31,264.45,-47.63,44.73,52.29,40.46,9.29,373.33,18.53,18.23,14.19,0.93,6.04,18.23,4.41,10800000,5292000.0,1058400.0,529200.0,3704400,3175200.0,29.0,20.93,24.13,15.38,32.8,49.0,9.8,4.9,34.3,29.4
2023-09-29,2023-10-12,19822.7,19811.35,0.06,Neutral,Industrials,Plaza Wires Ltd.,Small Cap,10.0,54.0,23.0,77.0,76.0,40.74,80.2,48.52,59.15,9.54,42.84,360.92,442.42,374.81,53.08,,14.15,15.57,0.75,4.11,14.16,3.11,13200158,9900257.0,1319905.0,660091.0,1319905,3704044.0,277.0,2.46,21.95,1.72,31.46,75.0,10.0,5.0,10.0,28.06
2023-09-27,2023-10-06,19621.2,19545.75,0.39,Low,Healthcare,Valiant Laboratories Ltd.,Small Cap,10.0,140.0,20.0,160.0,162.15,15.82,170.25,21.61,126.23,-9.84,20.83,78.64,63.64,16.06,100.49,,33.73,22.76,0.59,8.56,28.86,4.54,10890000,5445000.0,1089000.0,544500.0,3811500,3266970.0,105.0,8.91,15.71,6.67,20.98,50.0,10.0,5.0,35.0,30.0
2023-09-25,2023-10-03,19622.4,19638.3,-0.08,Neutral,Services,JSW Infrastructure Ltd.,Mid Cap,2.0,119.0,30.0,149.0,143.0,20.17,157.3,32.18,356.6,199.66,60.12,17.94,14.62,10.87,3934.64,56.29,18.33,19.49,1.08,22.22,18.8,5.44,235294117,176470589.0,23529412.0,11764705.0,23529411,105882352.0,126.0,4.02,29.6,3.57,33.33,75.0,10.0,5.0,10.0,45.0
2023-09-25,2023-10-04,19446.3,19528.75,-0.42,Low,Services,Updater Services Ltd.,Small Cap,10.0,300.0,0.0,300.0,285.0,-5.0,283.9,-5.37,208.57,-30.48,4.5,1.07,0.53,1.45,380.89,5.03,9.4,14.17,0.46,1.64,9.34,4.2,21333333,16000001.0,2133333.0,1066666.0,2133333,9600000.0,50.0,6.77,44.31,5.19,57.8,75.0,10.0,5.0,10.0,45.0
2023-09-22,2023-10-03,19622.4,19638.3,-0.08,Neutral,Consumer Discretionary,Manoj Vaibhav Gems 'N' Jewellers Ltd.,Small Cap,10.0,215.0,0.0,215.0,215.0,0.0,215.5,0.23,207.16,-3.65,1.08,6.35,3.49,1.73,363.65,,23.19,17.71,1.34,3.53,20.78,2.44,12567441,6283719.0,1256745.0,628372.0,4398605,3770160.0,69.0,18.32,11.74,14.66,14.67,50.0,10.0,5.0,35.0,30.0
2023-09-20,2023-09-27,19637.05,19664.7,-0.14,Neutral,Real Estate,Signatureglobal (India) Ltd.,Small Cap,1.0,385.0,50.0,435.0,444.0,15.32,458.55,19.1,727.15,88.87,13.37,16.6,9.53,7.17,47.54,2.47,-134.0,1.0,34.1,-4.02,-134.03,101.11,18961038,14220780.0,1896103.0,948052.0,1896103,8272700.0,38.0,-5.44,-75.43,-4.53,-84.9,75.0,10.0,5.0,10.0,43.63
2023-09-20,2023-09-27,19637.05,19664.7,-0.14,Neutral,Services,Sai Silks (Kalamandir) Ltd.,Small Cap,2.0,222.0,7.0,229.0,231.0,4.05,244.9,10.32,76.27,-65.64,,,,,397.33,,27.96,23.55,0.87,7.22,24.56,6.72,54099027,27049512.0,5409903.0,2704952.0,18934660,16229707.0,67.0,7.72,28.76,6.36,34.91,50.0,10.0,5.0,35.0,30.0
2023-09-15,2023-09-28,19761.8,19716.45,0.23,Neutral,Services,Yatra Online Ltd.,Small Cap,1.0,142.0,0.0,142.0,127.5,-10.21,135.9,-4.3,99.89,-29.65,2.1,0.51,0.28,2.19,169.52,17.62,18.1,26.0,0.9,1.92,4.5,9.59,54577465,40933100.0,5457746.0,2728873.0,5457746,24559860.0,105.0,0.69,205.8,0.49,289.8,75.0,10.0,5.0,10.0,45.0
2023-09-14,2023-09-22,19744.85,19742.35,0.01,Neutral,Services,SAMHI Hotels Ltd.,Small Cap,1.0,126.0,8.0,134.0,134.5,6.75,143.4,13.81,153.68,21.97,9.18,1.42,1.02,1.17,-871.43,,,,,-44.47,,-1.11,108738095,81553572.0,10873809.0,5436905.0,10873809,48932143.0,119.0,-27.57,-4.57,-15.53,-8.11,75.0,10.0,5.0,10.0,45.0
2023-09-14,2023-09-22,19744.85,19742.35,0.01,Neutral,Technology,Zaggle Prepaid Ocean Services Ltd.,Small Cap,1.0,164.0,11.0,175.0,164.0,0.0,158.35,-3.45,173.18,5.6,16.94,10.36,6.76,6.15,48.75,8.89,46.98,25.33,2.48,4.14,46.98,33.03,34352255,25764192.0,3435225.0,1717613.0,3435225,15458515.0,90.0,2.46,66.67,1.88,87.23,75.0,10.0,5.0,10.0,45.0
2023-09-13,2023-09-20,19980.75,20133.3,-0.76,High,Industrials,R R Kabel Ltd.,Mid Cap,5.0,1035.0,104.0,1139.0,1180.0,14.01,1198.05,15.75,2518.6,143.34,52.26,15.68,8.33,2.13,1390.47,6.39,14.22,15.57,0.36,3.37,13.66,8.27,18986851,9435794.0,1887159.0,943580.0,6605057,5658201.0,14.0,17.09,60.56,16.83,61.5,49.7,9.94,4.97,34.79,29.8
2023-09-08,2023-09-21,19840.55,19901.4,-0.31,Neutral,Services,EMS Ltd.,Small Cap,10.0,211.0,88.0,299.0,282.05,33.67,279.9,32.65,337.2,59.81,149.98,83.15,86.87,30.55,487.83,28.64,22.27,28.26,0.09,20.18,22.31,2.1,15224925,7612462.0,1522492.0,761247.0,5328724,4567476.0,70.0,23.15,9.44,19.57,10.78,50.0,10.0,5.0,35.0,30.0
2023-09-06,2023-09-18,20155.95,20192.35,-0.18,High,Healthcare,Jupiter Life Line Hospitals Ltd.,Small Cap,10.0,735.0,233.0,968.0,973.0,32.38,1075.75,46.36,253.6,-65.5,181.89,40.64,26.71,8.0,363.91,,20.03,20.94,1.29,-0.47,20.03,11.75,11824163,5912080.0,1182416.0,591209.0,4138458,3547247.0,20.0,13.95,52.68,11.12,66.1,50.0,10.0,5.0,35.0,30.0
2023-09-04,2023-09-11,19890.0,19819.95,0.35,High,Industrials,Ratnaveer Precision Engineering Ltd.,Small Cap,10.0,98.0,52.0,150.0,123.2,25.71,129.35,31.99,330.75,237.5,133.05,130.63,144.37,54.0,106.05,,29.12,12.62,2.17,5.21,29.12,3.21,16840000,8420000.0,1684000.0,842000.0,5894000,5052000.0,150.0,7.26,13.58,5.16,18.99,50.0,10.0,5.0,35.0,30.0
2023-08-30,2023-09-11,19890.0,19819.95,0.35,High,Energy,Rishabh Instruments Ltd.,Small Cap,10.0,441.0,61.0,502.0,460.05,4.32,443.15,0.49,703.0,59.41,72.54,34.01,25.86,8.44,408.75,15.16,12.39,13.77,0.26,8.57,11.67,3.91,11128858,5564428.0,1112886.0,556443.0,3895101,3338656.0,34.0,12.84,32.18,13.09,33.69,50.0,10.0,5.0,35.0,30.0
2023-08-24,2023-09-05,19564.65,19528.8,0.18,High,Industrials,Vishnu Prakash R.Punglia Ltd.,Small Cap,10.0,99.0,62.0,161.0,165.0,66.67,145.7,47.17,29.62,-70.08,,,,,314.51,13.66,38.31,33.72,0.8,7.74,38.31,2.94,31200000,15450000.0,3090000.0,1545000.0,10815000,9270000.0,150.0,10.41,13.61,7.27,13.61,49.52,9.9,4.95,34.66,29.71
2023-08-22,2023-08-31,19375.55,19347.45,0.15,Low,Industrials,Aeroflex Industries Ltd.,Small Cap,2.0,108.0,71.0,179.0,190.0,75.93,163.25,51.16,536.6,396.85,194.73,125.8,126.8,34.41,114.09,,26.43,31.96,0.39,11.19,26.43,10.82,32500000,16000000.0,3200000.0,1600000.0,11200000,9599980.0,130.0,2.64,40.91,2.33,46.32,49.23,9.85,4.92,34.46,29.54
2023-08-18,2023-08-29,19374.85,19306.05,0.36,Low,Manufacturing,Pyramid Technoplast Ltd.,Small Cap,10.0,166.0,22.0,188.0,187.0,12.65,177.65,7.02,156.01,-6.02,9.94,33.81,29.09,14.72,107.25,10.79,29.61,21.37,0.52,6.62,29.61,4.84,9220000,2766000.0,1229333.0,614667.0,4610000,1659600.0,90.0,10.24,16.21,8.63,19.23,30.0,13.33,6.67,50.0,18.0
2023-08-10,2023-08-23,19439.2,19396.45,0.22,Low,Services,TVS Supply Chain Solutions Ltd.,Mid Cap,1.0,197.0,3.0,200.0,207.05,5.1,201.0,2.03,130.57,-33.72,1.37,2.39,2.55,7.89,723.55,,5.5,7.64,2.75,0.41,5.5,11.26,44670050,33502538.0,4467004.0,2233503.0,4467005,20101522.0,76.0,1.04,189.42,0.94,209.43,75.0,10.0,5.0,10.0,45.0
2023-08-04,2023-08-18,19301.75,19365.25,-0.33,Low,Healthcare,Concord Biotech Ltd.,Small Cap,1.0,741.0,122.0,863.0,900.05,21.46,942.8,27.23,1373.6,85.37,67.67,19.3,12.37,3.78,1290.0,44.37,20.06,24.27,0.02,28.14,20.0,6.01,20925652,10457825.0,2091565.0,1045783.0,7320479,6274695.0,20.0,22.95,32.29,22.95,32.29,49.98,10.0,5.0,34.98,29.99
2023-08-03,2023-08-16,19369.0,19434.55,-0.34,Low,Financials,SBFC Finance Ltd.,Small Cap,10.0,57.0,26.0,83.0,82.0,43.86,92.2,61.75,85.48,49.96,203.61,56.69,42.07,11.6,1466.88,66.94,9.93,,2.2,20.23,7.97,2.96,179889950,89013156.0,17802632.0,8901316.0,62309210,53407893.0,260.0,1.56,36.54,1.41,40.43,49.48,9.9,4.95,34.64,29.69
2023-07-26,2023-08-07,19576.85,19517.0,0.31,Neutral,Healthcare,Yatharth Hospital & Trauma Care Services Ltd.,Small Cap,10.0,300.0,75.0,375.0,306.1,2.03,333.85,11.28,1032.5,244.17,86.37,41.76,32.34,8.66,182.96,25.71,35.95,26.1,1.44,12.64,35.95,11.4,22885023,11442510.0,2288503.0,1144251.0,8009759,6865506.0,50.0,10.09,39.16,7.66,39.16,50.0,10.0,5.0,35.0,30.0
2023-07-17,2023-07-27,19850.9,19778.3,0.37,High,Technology,Netweb Technologies India Ltd.,Small Cap,2.0,500.0,394.0,894.0,947.0,89.4,910.4,82.08,4548.0,809.6,220.69,88.29,73.07,19.48,93.67,15.81,68.01,64.42,0.3,10.55,68.01,27.73,12621000,6300500.0,1260100.0,630050.0,4410350,3780300.0,30.0,9.22,59.67,8.37,59.72,49.92,9.98,4.99,34.94,29.95
2023-07-12,2023-07-21,19800.45,19979.15,-0.89,High,Financials,Utkarsh Small Finance Bank Ltd.,Small Cap,10.0,25.0,16.0,41.0,40.0,60.0,48.0,92.0,13.76,-44.96,135.71,91.83,82.57,78.38,2000.32,,22.64,,8.03,14.42,20.22,1.12,200000000,148500000.0,19800000.0,9900000.0,19800000,89100000.0,600.0,4.52,6.78,3.69,6.77,74.25,9.9,4.95,9.9,44.55
2023-07-04,2023-07-14,19493.45,19413.75,0.41,High,Consumer Discretionary,Senco Gold Ltd.,Small Cap,10.0,317.0,103.0,420.0,430.0,35.65,405.3,27.85,320.95,1.25,190.56,72.05,61.23,16.28,944.97,8.53,18.9,14.2,1.25,3.89,18.96,2.32,12776025,6388012.0,1277603.0,638801.0,4471609,3832807.0,47.0,22.93,15.53,20.41,15.53,50.0,10.0,5.0,35.0,30.0
2023-06-27,2023-07-10,19400.35,19331.8,0.35,High,Manufacturing,Cyient DLM Ltd.,Small Cap,10.0,265.0,135.0,400.0,403.0,52.08,420.6,58.72,914.1,244.94,95.87,50.48,42.31,52.17,197.87,11.31,23.1,13.48,1.59,4.0,30.45,7.63,22373584,16330189.0,2177358.0,1088679.0,2177358,9798113.0,56.0,10.07,66.25,4.0,66.23,72.99,9.73,4.87,9.73,43.79
2023-06-26,2023-07-07,19422.8,19497.3,-0.38,High,Manufacturing,ideaForge Technology Ltd.,Small Cap,10.0,672.0,525.0,1197.0,1300.0,93.45,1294.95,92.7,730.95,8.77,125.81,81.99,77.77,85.2,324.72,,13.11,12.51,0.27,17.2,9.85,7.88,8441764,6321490.0,842865.0,421432.0,842865,3792894.0,22.0,8.12,87.5,7.68,87.54,74.88,9.98,4.99,9.98,44.93
2023-06-20,2023-07-04,19406.6,19322.55,0.43,High,Consumer Discretionary,HMA Agro Industries Ltd.,Small Cap,10.0,585.0,40.0,625.0,625.0,6.84,585.65,0.11,23.92,-95.91,1.74,3.82,1.29,0.96,374.65,5.7,30.93,42.15,0.75,3.82,30.93,7.42,8205127,4102562.0,820513.0,410257.0,2871795,2461537.0,25.0,18.83,19.4,23.49,24.91,50.0,10.0,5.0,35.0,30.0
2023-06-06,2023-06-16,18723.3,18688.1,0.19,High,Consumer Discretionary,IKIO Lighting Ltd.,Small Cap,10.0,285.0,90.0,375.0,392.5,37.72,403.85,41.7,196.85,-30.93,163.06,69.01,58.13,14.31,140.83,18.63,36.0,26.0,1.03,15.12,36.46,17.02,21280701,10640349.0,2128070.0,1064036.0,7448246,6384209.0,52.0,7.9,32.13,6.54,43.6,50.0,10.0,5.0,35.0,30.0
2023-04-25,2023-05-09,18303.4,18264.4,0.21,High,Healthcare,Mankind Pharma Ltd.,Mid Cap,1.0,1080.0,121.0,1201.0,1300.0,20.37,1080.0,0.0,2503.8,131.83,49.16,4.99,1.41,0.92,7145.89,28.27,27.6,26.1,0.14,18.67,27.7,7.03,40058844,20029421.0,4005885.0,2002942.0,14020596,12017652.0,13.0,36.27,29.78,33.82,31.93,50.0,10.0,5.0,35.0,30.0
2023-04-03,2023-04-18,17766.6,17706.85,0.34,High,Energy,Avalon Technologies Ltd.,Small Cap,2.0,436.0,7.0,443.0,436.0,0.0,398.0,-8.72,2296.7,426.77,3.77,0.44,0.41,0.88,,11.6,85.9,27.4,3.64,8.0,85.86,,19839446,14879586.0,1983944.0,991972.0,1983944,8927751.0,34.0,11.3,55.54,10.44,41.77,75.0,10.0,5.0,10.0,45.0
2023-03-20,2023-04-03,17427.95,17359.75,0.39,Neutral,Industrials,Udayshivakumar Infra Ltd.,Small Cap,10.0,35.0,10.0,45.0,0.0,-100.0,31.5,-10.0,19.14,-45.31,42.92,63.54,65.14,14.95,78.34,13.41,17.78,20.71,0.39,6.54,17.78,1.87,18857142,1885713.0,3771429.0,1885714.0,11314286,,428.0,3.33,9.67,2.19,15.95,10.0,20.0,10.0,60.0,
2023-03-13,2023-03-23,17097.4,17151.9,-0.32,Low,Consumer Discretionary,Global Surfaces Ltd.,Small Cap,10.0,140.0,18.0,158.0,164.0,17.14,171.05,22.18,31.0,-77.86,8.95,35.0,29.29,5.12,148.93,21.97,26.59,20.85,0.28,18.72,32.51,3.54,11070000,5535000.0,1107000.0,553500.0,3874500,3321000.0,100.0,10.52,21.84,8.41,16.65,50.0,10.0,5.0,35.0,30.0
2023-03-01,2023-03-14,17160.55,17154.3,0.04,Low,Auto & Auto Ancillaries,Divgi TorqTransfer Systems Ltd.,Small Cap,5.0,590.0,29.0,619.0,620.0,5.08,605.2,2.58,1181.8,100.31,7.83,0.89,2.41,4.31,356.2,28.07,14.52,29.47,0.0,19.08,13.57,4.78,6985090,5238818.0,698508.0,349255.0,698509,3143290.0,25.0,16.76,35.16,15.09,39.1,75.0,10.0,5.0,10.0,45.0
2022-12-30,2023-01-12,17920.85,17895.7,0.14,Low,Manufacturing,Sah Polymers Ltd.,Small Cap,10.0,65.0,10.0,75.0,85.0,30.77,89.25,37.31,73.5,13.08,2.4,33.94,30.2,39.78,27.74,9.61,16.42,14.0,1.15,5.43,16.42,3.8,10200000,7650000.0,1020000.0,510000.0,1020000,4590000.0,230.0,2.81,33.51,1.7,38.28,75.0,10.0,5.0,10.0,45.0
2022-12-23,2023-01-04,18230.65,18232.55,-0.01,Neutral,Services,Radiant Cash Management Services Ltd.,Small Cap,1.0,94.0,6.0,100.0,103.0,9.57,104.9,11.6,35.41,-62.33,1.01,0.94,0.09,0.21,155.19,20.73,27.34,33.07,0.21,13.31,27.34,6.81,26676977,13338488.0,2667698.0,1333849.0,9336942,11755681.0,150.0,3.77,17.34,3.58,26.25,50.0,10.0,5.0,35.0,44.07
2022-12-20,2022-12-30,18259.1,18191.0,0.37,Neutral,Consumer Discretionary,Elin Electronics Ltd.,Small Cap,5.0,247.0,4.0,251.0,244.0,-1.21,227.65,-7.83,86.3,-65.06,4.51,2.99,3.89,2.2,,7.31,13.85,15.82,0.32,3.58,12.92,,19230746,9615372.0,1923075.0,961537.0,6730762,5769223.0,60.0,9.59,29.69,7.88,31.33,50.0,10.0,5.0,35.0,30.0
2022-12-19,2022-12-29,18045.7,18122.5,-0.42,Low,Financials,KFin Technologies Ltd.,Small Cap,10.0,366.0,-3.0,363.0,367.0,0.27,363.85,-0.59,840.0,129.51,4.17,0.25,0.2,1.36,736.72,,29.99,,0.19,23.0,29.99,9.52,40983606,30737706.0,4098360.0,2049180.0,4098360,18442623.0,40.0,8.86,41.31,10.19,35.92,75.0,10.0,5.0,10.0,45.0
2022-12-13,2022-12-23,17977.65,18127.35,-0.83,Low,Consumer Discretionary,Landmark Cars Ltd.,Small Cap,5.0,506.0,-15.0,491.0,471.0,-6.92,458.4,-9.41,475.7,-5.99,8.71,1.59,0.78,0.59,268.27,6.27,26.66,18.86,1.25,2.22,26.52,7.5,10911160,5444662.0,1088932.0,544467.0,3811265,3266797.0,29.0,17.88,27.61,16.72,30.27,49.9,9.98,4.99,34.93,29.94
2022-12-12,2022-12-22,18288.8,18199.1,0.49,Low,Consumer Discretionary,Sula Vineyards Ltd.,Small Cap,2.0,357.0,-15.0,342.0,358.0,0.28,331.15,-7.24,133.3,-62.66,4.13,1.69,1.15,1.65,449.19,,13.19,20.86,0.58,11.49,11.45,7.6,26900530,13450264.0,2690053.0,1345027.0,9415186,8070158.0,42.0,6.53,49.24,6.19,57.65,50.0,10.0,5.0,35.0,30.0
2022-12-12,2022-12-23,17977.65,18127.35,-0.83,Low,Financials,Abans Holdings Ltd.,Small Cap,2.0,270.0,3.0,273.0,273.0,1.11,218.4,-19.11,201.0,-25.56,4.1,2.15,0.13,0.4,678.17,14.48,9.0,11.0,0.12,9.59,9.01,1.98,12800000,1280000.0,2560000.0,1280000.0,7680000,0.0,55.0,13.37,18.96,12.36,21.85,10.0,20.0,10.0,60.0,0.0
2022-11-30,2022-12-12,18402.15,18496.6,-0.51,Neutral,Auto & Auto Ancillaries,Uniparts India Ltd.,Small Cap,10.0,577.0,41.0,618.0,575.0,-0.35,539.65,-6.47,836.0,44.89,67.14,19.46,14.66,4.63,713.93,22.13,26.8,31.0,0.19,13.6,24.35,3.8,14481942,7240970.0,1448194.0,724098.0,5068680,4344582.0,25.0,37.74,12.89,36.98,15.6,50.0,10.0,5.0,35.0,30.0
2022-11-28,2022-12-08,18570.85,18560.5,0.06,High,Agriculture,Dharmaj Crop Guard Ltd.,Small Cap,10.0,237.0,38.0,275.0,266.05,12.26,266.3,12.36,264.35,11.54,48.21,52.97,50.93,21.53,101.17,11.72,34.64,32.87,0.43,7.28,34.64,7.06,10596924,5270961.0,1054192.0,527097.0,3689674,3162540.0,60.0,11.62,14.55,8.49,27.92,49.74,9.95,4.97,34.82,29.84
2022-11-14,2022-11-24,18326.1,18267.25,0.32,High,Real Estate,Keystone Realtors Ltd.,Small Cap,10.0,541.0,-5.0,536.0,555.0,2.59,556.85,2.93,361.2,-33.23,3.84,3.78,1.53,0.53,,16.6,14.97,8.32,1.62,10.42,14.97,,11737521,5868759.0,1173752.0,586877.0,4108133,3521255.0,27.0,13.96,365.54,11.93,45.36,50.0,10.0,5.0,35.0,30.0
2022-11-11,2022-11-23,18325.2,18244.2,0.44,High,Energy,Inox Green Energy Services Ltd.,Small Cap,10.0,65.0,-1.0,64.0,60.0,-7.69,59.1,-9.08,161.07,147.8,1.05,0.39,0.64,4.7,795.0,58.24,-0.61,2.93,0.99,-2.6,-0.61,1.89,113846152,85384615.0,11384615.0,5692307.0,11384615,51230769.0,230.0,-0.25,-327.0,-0.17,-383.35,75.0,10.0,5.0,10.0,45.0
2022-11-10,2022-11-22,18179.15,18159.95,0.11,High,Manufacturing,Kaynes Technology India Ltd.,Small Cap,10.0,587.0,185.0,772.0,778.0,32.54,689.95,17.54,3501.0,496.42,98.47,23.07,17.47,4.1,212.0,13.26,24.5,24.44,0.84,5.9,20.54,14.28,14613624,7294035.0,1458807.0,729404.0,5105825,4376421.0,25.0,9.7,84.95,7.17,81.88,49.91,9.98,4.99,34.94,29.95
2022-11-09,2022-11-21,18246.4,18307.65,-0.33,High,Financials,Five-Star Business Finance Ltd.,Mid Cap,1.0,474.0,-2.0,472.0,468.8,-1.1,490.0,3.38,516.85,9.04,1.77,0.78,0.28,0.11,3856.98,73.13,13.86,,0.69,36.11,13.86,3.72,33617061,16808529.0,3361707.0,1680853.0,11765972,12405094.0,31.0,15.57,30.44,19.14,24.76,50.0,10.0,5.0,35.0,36.9
2022-11-09,2022-11-21,18246.4,18307.65,-0.33,High,Materials,Archean Chemical Industries Ltd.,Small Cap,2.0,407.0,127.0,534.0,450.0,10.57,458.15,12.57,485.85,19.37,48.91,16.9,10.92,9.96,345.44,42.42,113.11,34.62,3.53,16.68,72.24,16.1,35928869,26946653.0,3592887.0,1796443.0,3592886,16167991.0,36.0,18.26,22.29,27.44,14.83,75.0,10.0,5.0,10.0,45.0
2022-11-03,2022-11-16,18398.25,18403.4,-0.03,High,Healthcare,Global Health Ltd.,Mid Cap,2.0,336.0,30.0,366.0,401.0,19.35,415.3,23.6,1365.0,306.25,28.64,5.16,1.73,0.88,1675.55,21.92,13.1,16.3,0.5,9.0,12.14,5.26,65641952,32820975.0,6564196.0,3282097.0,22974684,19692584.0,44.0,7.75,43.35,8.76,38.36,50.0,10.0,5.0,35.0,30.0
2022-11-03,2022-11-16,18398.25,18403.4,-0.03,High,Consumer Discretionary,Bikaji Foods International Ltd.,Small Cap,1.0,300.0,21.0,321.0,322.8,7.6,317.45,5.82,521.8,73.93,80.63,7.47,6.34,4.77,834.8,27.35,9.5,13.89,0.17,4.72,9.51,9.14,29373984,14561991.0,2912398.0,1456200.0,10193395,8737194.0,50.0,3.15,119.05,3.05,98.45,49.57,9.91,4.96,34.7,29.74
2022-11-02,2022-11-15,18362.75,18329.15,0.18,High,Financials,Fusion Micro Finance Ltd.,Small Cap,10.0,368.0,-4.0,364.0,359.5,-2.31,324.8,-11.74,175.08,-52.42,8.59,1.52,1.09,0.51,1416.47,45.67,1.68,,1.2,1.81,1.63,2.28,29999813,14999906.0,2999981.0,1499991.0,10499935,8999943.0,40.0,2.58,142.64,29.85,12.33,50.0,10.0,5.0,35.0,30.0
2022-10-31,2022-11-11,18272.35,18028.2,1.35,High,Manufacturing,DCX Systems Ltd.,Small Cap,2.0,207.0,75.0,282.0,,,308.8,49.18,161.18,-22.14,84.32,45.44,41.05,61.77,0.0,7.61,55.8,13.15,4.27,5.84,55.79,,24154587,18115941.0,2415459.0,1207729.0,2415458,10869564.0,72.0,9.19,90.0,3.06,67.73,75.0,10.0,5.0,10.0,45.0
2022-10-10,2022-10-20,17423.1,17512.25,-0.51,Neutral,Services,Tracxn Technologies Ltd.,Small Cap,1.0,80.0,-1.0,79.0,84.5,5.62,93.25,16.56,32.91,-58.86,1.66,0.72,0.94,4.87,22.98,-10.1,-24.0,-28.0,0.0,-7.44,-23.49,38.88,38672208,29004157.0,3867221.0,1933610.0,3867220,17402494.0,185.0,-0.48,240.0,-0.48,-165.46,75.0,10.0,5.0,10.0,45.0
2022-10-04,2022-10-17,17144.8,17185.7,-0.24,Low,Services,Electronics Mart India Ltd.,Small Cap,10.0,59.0,30.0,89.0,90.0,52.54,84.5,43.22,205.36,248.07,169.54,66.18,58.42,19.72,637.97,6.71,17.42,18.87,48.04,2.4,17.42,2.97,84745762,42372880.0,8474577.0,4237288.0,29661017,25423728.0,254.0,3.46,13.95,2.7,21.85,50.0,10.0,5.0,35.0,30.0
2022-09-14,2022-09-26,17156.3,17327.35,-0.99,Low,Industrials,Harsha Engineers International Ltd.,Small Cap,10.0,330.0,125.0,455.0,450.0,36.36,486.5,47.42,470.3,42.52,178.26,74.78,64.41,17.63,527.9,14.12,17.0,23.0,0.74,6.87,17.42,4.83,22886595,11401470.0,2280300.0,1140150.0,7981065,6840855.0,45.0,16.06,32.67,10.1,32.68,49.82,9.96,4.98,34.87,29.89
2022-09-05,2022-09-15,18046.35,18003.75,0.24,High,Financials,Tamilnad Mercantile Bank Ltd.,Small Cap,10.0,510.0,14.0,524.0,495.0,-2.94,509.65,-0.07,871.3,70.84,1.62,3.1,2.63,6.48,5335.71,,16.58,,,17.65,15.4,1.36,15840000,11880000.0,1584000.0,792000.0,1584000,7128000.0,28.0,57.67,9.22,56.96,8.95,75.0,10.0,5.0,10.0,45.0
2022-08-24,2022-09-06,17695.7,17665.8,0.17,Neutral,Services,Dreamfolks Services Ltd.,Small Cap,2.0,326.0,148.0,474.0,508.7,56.04,462.4,41.84,61.66,-81.09,70.53,40.94,31.1,43.66,82.17,8.46,19.78,23.99,0.02,5.75,19.78,20.73,17242368,12931777.0,1724236.0,862119.0,1724236,7759066.0,46.0,3.11,104.82,3.11,104.82,75.0,10.0,5.0,10.0,45.0
2022-08-12,2022-08-26,17619.3,17522.45,0.55,High,Manufacturing,Syrma SGS Technology Ltd.,Small Cap,10.0,220.0,48.0,268.0,260.0,18.18,310.5,41.14,1782.9,710.41,87.56,19.01,14.47,5.53,,10.02,7.83,18.39,0.24,6.0,7.83,,38187541,19093769.0,3818755.0,1909377.0,13365640,11456261.0,68.0,2.69,50.69,1.62,135.47,50.0,10.0,5.0,35.0,30.0
2022-05-24,2022-06-03,16761.65,16628.0,0.8,High,Materials,Aether Industries Ltd.,Small Cap,10.0,642.0,55.0,697.0,704.0,9.66,774.4,20.62,1699.3,164.69,17.57,,,1.14,,24.93,40.79,28.5,1.19,15.67,40.79,,12586355,6237492.0,1247499.0,623749.0,4366245,3742495.0,23.0,7.36,72.3,5.71,112.37,49.56,9.91,4.96,34.69,29.73
2022-05-20,2022-06-01,16594.4,16584.55,0.06,Neutral,Technology,eMudhra Ltd.,Small Cap,5.0,256.0,0.0,256.0,270.0,5.47,257.9,0.74,596.5,133.01,4.05,,,2.61,140.5,31.0,24.2,30.5,23.3,19.3,16.26,17.12,16124456,8062227.0,1612446.0,806223.0,5643560,4837336.0,58.0,2.49,49.42,3.25,78.81,50.0,10.0,5.0,35.0,30.0
2022-05-18,2022-05-30,16527.9,16352.45,1.07,Neutral,Consumer Discretionary,Ethos Ltd.,Small Cap,10.0,878.0,-5.0,873.0,825.0,-6.04,803.1,-8.53,2537.2,188.97,1.06,,,0.84,198.04,14.0,3.72,8.81,0.78,1.44,3.72,10.77,4581500,2290750.0,458150.0,229075.0,1603525,1613725.0,17.0,3.18,96.0,2.48,354.07,50.0,10.0,5.0,35.0,35.22
2022-05-17,2022-05-27,16296.6,16170.15,0.78,Low,Agriculture,Paradeep Phosphates Ltd.,Small Cap,10.0,42.0,0.0,42.0,44.0,4.76,43.9,4.52,154.28,267.33,3.01,,,1.37,2188.79,10.83,12.22,,0.68,4.3,12.22,1.32,357555112,178777555.0,35755511.0,17877756.0,125144290,107266533.0,350.0,3.88,10.82,5.94,7.07,50.0,10.0,5.0,35.0,30.0
2022-05-11,2022-05-24,16225.55,16214.7,0.07,Low,Industrials,Venus Pipes & Tubes Ltd.,Small Cap,10.0,326.0,20.0,346.0,337.5,3.53,354.35,8.7,2147.1,558.62,12.02,,,19.04,120.48,11.24,59.0,61.0,0.94,7.57,59.18,12.43,5074100,2537050.0,507410.0,253705.0,1775935,1522186.0,46.0,18.04,21.03,11.64,28.0,50.0,10.0,5.0,35.0,30.0
2022-05-11,2022-05-24,16225.55,16214.7,0.07,Low,Services,Delhivery Ltd.,Mid Cap,1.0,487.0,-10.0,477.0,495.2,1.68,536.35,10.13,409.7,-15.87,2.66,,,0.57,5979.85,-2.75,-14.66,,0.11,-10.83,-14.66,8.89,107517088,80313142.0,10708419.0,5354209.0,10708418,48187860.0,30.0,-6.47,-75.27,-16.4,-29.7,74.7,9.96,4.98,9.96,44.82
2022-05-10,2022-05-20,16043.8,15809.4,1.48,Low,Financials,Prudent Corporate Advisory Services Ltd.,Small Cap,5.0,630.0,18.0,648.0,650.0,3.17,561.75,-10.83,3129.2,396.7,1.26,,,1.29,,21.61,28.73,28.73,0.02,15.4,28.73,16.55,8549340,4217752.0,843551.0,421775.0,2952427,2530651.0,23.0,10.96,33.94,10.94,57.59,49.33,9.87,4.93,34.53,29.6
2022-05-04,2022-05-17,15912.6,15842.3,0.44,Low,Financials,Life Insurance Corp.of India,Large Cap,10.0,949.0,-26.0,923.0,872.0,-8.11,875.25,-7.77,395.2,-58.36,2.83,,,1.99,8230.5,0.42,45.65,,0.0,0.42,45.65,92.14,221374920,98828089.0,0.0,0.0,69179663,59296853.0,15.0,4.7,201.91,3.62,262.15,44.64,0.0,0.0,31.25,26.79
2022-04-27,2022-05-10,16248.9,16301.85,-0.32,Low,Healthcare,Rainbow Children's Medicare Ltd.,Small Cap,10.0,542.0,-10.0,532.0,510.0,-5.9,450.2,-16.94,1314.3,142.49,38.9,,,1.38,589.4,26.21,8.82,10.48,0.11,6.1,8.88,11.1,29178021,14439009.0,2887803.0,1443901.0,10107308,8663404.0,27.0,4.11,131.87,16.61,32.63,49.49,9.9,4.95,34.64,29.69
2022-04-26,2022-05-09,16227.7,16411.25,-1.12,Low,Consumer Discretionary,Campus Activewear Ltd.,Mid Cap,5.0,292.0,40.0,332.0,360.0,23.29,378.9,29.76,208.83,-28.48,152.04,,,7.68,402.55,16.84,8.99,20.72,0.43,4.0,8.6,28.38,47950000,23875000.0,4775000.0,2387500.0,16712500,14325000.0,51.0,0.88,331.82,3.72,78.49,49.79,9.96,4.98,34.85,29.87
2022-03-30,2022-04-13,17599.9,17530.3,0.4,High,Industrials,Hariom Pipe Industries Ltd.,Small Cap,10.0,153.0,25.0,178.0,220.0,43.79,231.0,50.98,340.95,122.84,1.91,,,12.15,93.05,13.72,21.38,27.41,1.13,5.94,21.38,3.67,8500000,2550000.0,,,2975000,,98.0,10.64,15.15,5.94,25.76,30.0,,,35.0,
2022-03-29,2022-04-11,17740.9,17784.35,-0.24,High,Services,Veranda Learning Solutions Ltd.,Small Cap,10.0,137.0,15.0,152.0,125.0,-8.76,131.25,-4.2,220.75,61.13,2.02,,,10.76,22.71,-288.0,134.12,17.84,-99.75,-295.6,-80.45,,14598540,10948905.0,,,1459854,3412500.0,100.0,-7.29,-68.13,-1.48,-92.29,75.0,,,10.0,23.38
2022-03-28,2022-04-07,17723.3,17807.65,-0.47,High,Services,Uma Exports Ltd.,Small Cap,10.0,68.0,0.0,68.0,76.0,11.76,79.8,17.35,21.62,-68.21,2.81,,,10.11,78.95,2.83,17.52,28.89,0.61,1.62,17.67,2.44,8823320,176440.0,0.0,0.0,6088280,0.0,220.0,4.92,12.81,3.6,18.88,2.0,0.0,0.0,69.0,0.0
2022-02-04,2022-02-16,17408.45,17352.45,0.32,Neutral,Services,Vedant Fashions Ltd.,Mid Cap,1.0,866.0,-12.0,854.0,935.0,7.97,933.55,7.8,535.1,-38.21,7.49,,,0.39,858.59,49.88,12.19,,,23.5,12.19,19.67,36364838,18182418.0,0.0,0.0,12727694,10909450.0,17.0,5.48,158.03,8.11,106.78,50.0,0.0,0.0,35.0,30.0
2022-01-27,2022-02-08,17279.85,17213.6,0.38,Low,Agriculture,Adani Wilmar Ltd.,Mid Cap,1.0,230.0,23.0,253.0,227.0,-1.3,268.25,16.63,177.68,-22.75,5.73,,,3.92,3651.42,3.85,22.06,11.06,0.39,1.96,22.06,7.97,156989181,68108695.0,0.0,0.0,47676087,40865217.0,65.0,6.37,36.11,5.5,41.82,43.38,0.0,0.0,30.37,26.03
2022-01-19,2022-01-31,17301.05,17101.95,1.16,Low,Technology,AGS Transact Technologies Ltd.,Small Cap,10.0,175.0,,,175.0,0.0,161.05,-7.97,2.59,-98.52,2.68,,,3.08,543.74,26.5,10.29,,,3.05,10.29,3.77,38857141,19428569.0,,,13600000,11657141.0,85.0,4.62,38.45,4.55,38.45,50.0,,,35.0,30.0
2021-12-21,2021-12-31,17244.5,17203.95,0.24,High,Services,CMS Info Systems Ltd.,Small Cap,10.0,216.0,-8.0,208.0,220.2,1.94,238.2,10.28,221.45,2.52,1.98,,,2.15,1059.37,23.41,18.37,,0.0,12.75,18.37,3.25,50925925,25462962.0,0.0,0.0,17824074,15277777.0,69.0,11.39,18.97,11.39,18.97,50.0,0.0,0.0,35.0,30.0
2021-12-16,2021-12-28,17177.6,17086.25,0.53,Neutral,Healthcare,Supriya Lifescience Ltd.,Small Cap,2.0,274.0,130.0,404.0,421.0,53.65,390.85,42.65,950.25,246.81,,,,,93.79,44.96,59.23,,0.47,31.25,59.23,13.44,25547445,19160585.0,0.0,0.0,2554744,11496351.0,54.0,16.92,16.19,15.39,17.81,75.0,0.0,0.0,10.0,45.0
2021-12-15,2021-12-27,16937.75,17003.75,-0.39,Neutral,Materials,HP Adhesives Ltd.,Small Cap,10.0,274.0,80.0,354.0,315.0,14.96,330.75,20.71,33.83,-87.65,,,,,37.56,14.28,132.89,,3.33,8.12,132.89,30.81,4597200,3447900.0,0.0,0.0,459720,2068700.0,50.0,7.07,38.77,5.47,50.05,75.0,0.0,0.0,10.0,45.0
2021-12-14,2021-12-24,17149.5,17072.6,0.45,Neutral,Manufacturing,Data Patterns (India) Ltd.,Small Cap,2.0,585.0,320.0,905.0,856.05,46.33,755.0,29.06,4286.9,632.8,190.86,,,23.14,216.32,41.75,30.82,36.99,0.16,24.53,30.82,13.47,10055114,5027556.0,0.0,0.0,3519290,3016533.0,25.0,11.63,50.3,10.71,54.62,50.0,0.0,0.0,35.0,30.0
2021-12-13,2021-12-23,17066.8,16955.45,0.66,Neutral,Healthcare,Medplus Health Services Ltd.,Mid Cap,2.0,796.0,125.0,921.0,1040.0,30.65,1121.15,40.85,654.9,-17.73,111.9,,,5.24,800.98,7.71,10.03,17.32,0.19,2.04,10.03,12.18,17573342,8751852.0,0.0,0.0,6126297,5251111.0,18.0,5.65,140.96,5.29,150.48,49.8,0.0,0.0,34.86,29.88
2021-12-10,2021-12-22,16865.55,16770.85,0.56,Neutral,Consumer Discretionary,Metro Brands Ltd.,Mid Cap,5.0,500.0,-55.0,445.0,437.0,-12.6,493.35,-1.33,841.75,68.35,8.49,,,1.13,840.04,19.46,7.91,15.46,0.0,7.36,7.91,16.05,27350100,13675050.0,0.0,0.0,9572535,8205030.0,30.0,2.43,205.51,2.38,210.08,50.0,0.0,0.0,35.0,30.0
2021-12-09,2021-12-21,16773.15,16614.2,0.96,Low,Technology,C.E.Info systems Ltd.,Small Cap,2.0,1033.0,,,1565.0,51.5,1393.65,34.91,858.1,-16.93,196.36,,,15.2,406.16,28.25,18.13,22.68,0.0,30.91,18.13,15.36,10063945,5031972.0,0.0,0.0,3522381,3019183.0,14.0,11.16,92.55,11.16,92.55,50.0,0.0,0.0,35.0,30.0
2021-12-08,2021-12-20,16824.25,16985.2,-0.95,Low,Real Estate,Shriram Properties Ltd.,Small Cap,10.0,118.0,-10.0,108.0,90.0,-23.73,99.6,-15.59,69.21,-41.35,1.85,,,12.72,768.78,24.15,-7.83,2.09,0.87,-13.6,-7.83,2.09,50873592,37944916.0,0.0,0.0,5059321,22766949.0,125.0,-4.59,-25.69,-4.02,-29.36,74.59,0.0,0.0,9.94,44.75
2021-12-07,2021-12-17,17276.0,17248.4,0.16,Neutral,Technology,Rategain Travel Technologies Ltd.,Small Cap,1.0,425.0,18.0,443.0,360.0,-15.29,340.05,-19.99,851.55,100.36,8.42,,,8.08,244.2,2.33,-14.94,,0.48,-10.82,-14.94,16.99,31441282,23483560.0,0.0,0.0,3131141,14090136.0,35.0,-2.92,-145.62,-2.68,-158.76,74.69,0.0,0.0,9.96,44.81
2021-12-02,2021-12-14,17283.2,17368.25,-0.49,Neutral,Financials,Anand Rathi Wealth Ltd.,Small Cap,5.0,550.0,45.0,595.0,600.0,9.09,583.55,6.1,2120.0,285.45,2.5,,,7.76,286.79,29.99,21.13,,0.14,16.15,21.13,9.49,12000000,5875000.0,0.0,0.0,4112500,3525000.0,27.0,10.84,50.75,10.84,50.75,48.96,0.0,0.0,34.27,29.38
2021-12-01,2021-12-13,17619.1,17511.3,0.62,Neutral,Manufacturing,Tega Industries Ltd.,Small Cap,10.0,453.0,270.0,723.0,760.0,67.77,726.05,60.28,2106.7,365.06,215.45,,,29.44,631.15,27.86,25.35,25.09,0.31,15.92,25.35,4.89,13669478,6834738.0,0.0,0.0,4784318,4100842.0,33.0,20.58,22.02,20.58,22.02,50.0,0.0,0.0,35.0,30.0
2021-11-30,2021-12-10,17476.05,17516.85,-0.23,Neutral,Financials,Star Health & Allied Insurance Co.Ltd.,Mid Cap,10.0,900.0,-80.0,820.0,845.0,-6.11,906.85,0.76,534.65,-40.59,1.03,,,1.1,3199.41,,-32.29,,0.07,-7.29,-32.29,14.29,71125997,60239357.0,0.0,0.0,8506656,35745901.0,16.0,-14.92,-60.32,-14.34,-62.74,84.69,0.0,0.0,11.96,50.26
2021-11-17,2021-11-30,17051.15,17053.95,-0.02,Low,Services,Go Fashion (India) Ltd.,Small Cap,10.0,690.0,495.0,1185.0,1310.0,89.86,1253.7,81.7,300.75,-56.41,100.73,,,49.7,263.9,18.49,-1.24,,0.04,-1.41,-1.24,12.73,14689983,11017488.0,0.0,0.0,1468998,6610492.0,21.0,-0.68,-1017.41,-0.66,-1052.72,75.0,0.0,0.0,10.0,45.0
2021-11-15,2021-11-26,17338.75,17536.25,-1.13,Low,Healthcare,Tarsons Products Ltd.,Small Cap,2.0,662.0,180.0,842.0,682.0,3.02,818.4,23.63,320.3,-51.62,115.77,,,10.56,268.96,46.45,31.17,34.25,0.14,29.4,31.17,13.8,15465861,7702929.0,0.0,0.0,5392052,4621757.0,22.0,13.52,48.97,12.94,51.14,49.81,0.0,0.0,34.86,29.88
2021-11-10,2021-11-23,17281.75,17416.55,-0.77,Low,Technology,Latent View Analytics Ltd.,Small Cap,1.0,197.0,265.0,462.0,512.2,160.0,488.75,148.1,236.0,19.8,145.48,,,119.44,462.04,34.55,23.28,25.75,0.05,27.99,23.28,7.82,30489362,22614214.0,0.0,0.0,3015228,13553898.0,76.0,5.26,37.42,4.62,42.61,74.17,0.0,0.0,9.89,44.45
2021-11-09,2021-11-18,17890.55,17898.65,-0.05,Low,Services,Sapphire Foods India Ltd.,Small Cap,10.0,1180.0,130.0,1310.0,1350.0,14.41,1211.55,2.67,212.08,-82.03,7.5,,,8.7,425.85,16.53,-21.41,,0.17,-9.24,-21.41,16.88,17569941,13177456.0,0.0,0.0,1756994,7906473.0,12.0,-15.72,-75.06,-15.72,-75.06,75.0,0.0,0.0,10.0,45.0
2021-11-08,2021-11-18,17890.55,17898.65,-0.05,Low,Technology,One 97 Communications Ltd.,Large Cap,1.0,2150.0,-30.0,2120.0,1950.0,-9.3,1560.8,-27.4,1678.0,-21.95,2.79,,,1.66,6265.8,-55.46,-23.24,,0.08,-53.38,-23.24,20.06,85116278,63837210.0,0.0,0.0,8511627,38302326.0,6.0,-27.9,-77.06,-26.24,-81.94,75.0,0.0,0.0,10.0,45.0
2021-11-01,2021-11-15,18140.95,18102.75,0.21,Neutral,Auto & Auto Ancillaries,S.J.S.Enterprises Ltd.,Small Cap,10.0,542.0,70.0,612.0,542.0,0.0,510.2,-5.87,2258.0,316.61,1.42,,,1.38,319.76,31.24,16.06,,0.03,18.72,16.06,5.23,14760146,7380072.0,0.0,0.0,5166052,4428043.0,27.0,15.69,34.53,15.69,34.53,50.0,0.0,0.0,35.0,30.0
2021-11-01,2021-11-15,18140.95,18102.75,0.21,Neutral,Technology,PB Fintech Ltd.,Mid Cap,2.0,980.0,,,1150.0,17.35,1202.3,22.68,1063.9,8.56,24.89,,,3.31,1952.15,-16.69,-12.11,,,-15.69,-12.11,20.23,58262397,43696799.0,0.0,0.0,5826239,26218079.0,15.0,-3.65,-268.24,-3.34,-293.2,75.0,0.0,0.0,10.0,45.0
2021-11-01,2021-11-15,18140.95,18102.75,0.21,Neutral,Healthcare,Sigachi Industries Ltd.,Small Cap,10.0,163.0,225.0,388.0,570.0,249.69,598.5,267.18,28.8,-82.33,,,,,103.24,21.45,38.11,,0.22,15.44,38.11,3.99,7695000,3847500.0,0.0,0.0,2693250,2308500.0,90.0,13.13,12.41,9.84,16.56,50.0,0.0,0.0,35.0,30.0
2021-10-29,2021-11-12,17977.6,17873.6,0.58,Neutral,Financials,Fino Payments Bank Ltd.,Small Cap,10.0,577.0,0.0,577.0,544.35,-5.66,543.9,-5.74,127.21,-77.95,1.65,,,5.92,153.68,9.36,14.59,,1.2,2.59,14.59,29.9,20802305,15562735.0,0.0,0.0,2075031,9337641.0,25.0,2.62,219.91,2.46,234.56,74.81,0.0,0.0,9.98,44.89
2021-10-28,2021-11-10,17973.45,18044.25,-0.39,Neutral,Consumer Discretionary,FSN E-Commerce Ventures Ltd.,Mid Cap,1.0,1125.0,,,2018.0,79.38,2205.8,96.07,320.0,-71.56,91.18,,,12.24,698.89,6.58,15.26,,0.38,2.53,15.26,107.31,47575326,35493996.0,0.0,0.0,4732532,21296397.0,12.0,1.33,848.65,1.31,858.83,74.61,0.0,0.0,9.95,44.76
2021-09-29,2021-10-11,17867.55,17895.2,-0.15,High,Financials,Aditya Birla Sun Life AMC Ltd.,Mid Cap,5.0,712.0,35.0,747.0,715.0,0.42,699.45,-1.76,995.3,39.79,10.36,,,3.24,1802.16,61.28,34.84,,0.0,43.64,34.84,12.03,38880000,18468000.0,0.0,0.0,12927600,11080800.0,20.0,18.27,38.96,18.27,38.96,47.5,0.0,0.0,33.25,28.5
2021-09-21,2021-10-01,17531.9,17618.15,-0.49,Neutral,Manufacturing,Paras Defence & Space Technologies Ltd.,Small Cap,10.0,175.0,220.0,395.0,469.0,168.0,492.45,181.4,1311.0,649.14,169.65,,,112.81,172.44,30.01,10.15,,0.62,10.92,10.15,3.14,9758776,4879387.0,0.0,0.0,3415572,2927485.0,85.0,5.1,34.32,4.05,43.22,50.0,0.0,0.0,35.0,30.0
2021-09-14,2021-09-24,17897.45,17822.95,0.42,High,Auto & Auto Ancillaries,Sansera Engineering Ltd.,Small Cap,2.0,744.0,60.0,804.0,811.5,9.07,818.55,10.02,4537.5,509.88,26.47,,,3.15,877.43,18.77,13.36,14.65,0.63,6.99,13.36,4.36,17244328,8558604.0,0.0,0.0,5991024,5135162.0,20.0,21.38,34.79,21.38,34.79,49.63,0.0,0.0,34.74,29.78
2021-09-01,2021-09-14,17420.35,17355.3,0.37,High,Healthcare,Ami Organics Ltd.,Small Cap,10.0,610.0,155.0,765.0,910.0,49.18,935.0,53.28,3279.4,437.61,86.64,,,13.36,166.93,23.44,38.75,25.48,0.82,15.79,38.75,12.12,9338288,4669143.0,0.0,0.0,3268401,2801485.0,24.0,16.29,37.46,14.82,41.16,50.0,0.0,0.0,35.0,30.0
2021-09-01,2021-09-14,17420.35,17355.3,0.37,High,Healthcare,Vijaya Diagnostic Centre Ltd.,Small Cap,1.0,531.0,-10.0,521.0,540.0,1.69,620.1,16.78,1437.7,170.75,13.07,,,1.09,392.91,45.78,26.81,35.04,0.01,21.85,26.81,15.07,35688064,17769031.0,0.0,0.0,12438323,10661418.0,28.0,8.33,63.77,8.33,63.77,49.79,0.0,0.0,34.85,29.87
2021-08-10,2021-08-24,16561.4,16496.45,0.39,High,Financials,Aptus Value Housing Finance India Ltd.,Mid Cap,2.0,353.0,-12.0,341.0,333.0,-5.67,346.9,-1.73,232.53,-34.13,32.41,,,1.35,1979.45,85.05,14.47,,1.27,40.74,14.47,8.59,78755000,39377500.0,0.0,0.0,27564250,23626500.0,42.0,5.54,63.66,5.39,65.54,50.0,0.0,0.0,35.0,30.0
2021-08-10,2021-08-24,16561.4,16496.45,0.39,High,Materials,Chemplast Sanmar Ltd.,Mid Cap,5.0,541.0,-15.0,526.0,550.0,1.66,535.6,-1.0,185.92,-65.63,2.7,,,2.29,-1865.68,29.55,,59.48,,10.75,,,71164509,53373383.0,0.0,0.0,7116450,32024029.0,27.0,30.6,17.68,25.95,20.85,75.0,0.0,0.0,10.0,45.0
2021-08-09,2021-08-23,16592.25,16450.5,0.86,High,Materials,Nuvoco Vistas Corp.Ltd.,Mid Cap,10.0,570.0,-12.0,558.0,485.0,-14.91,531.7,-6.72,337.8,-40.74,4.23,,,0.73,7323.72,19.86,-0.41,,1.04,-0.34,-0.41,2.57,87719297,43859648.0,0.0,0.0,30701754,26315788.0,26.0,-0.78,-727.54,-0.73,-785.41,50.0,0.0,0.0,35.0,30.0
2021-08-09,2021-08-20,16382.5,16568.85,-1.12,High,Consumer Discretionary,CarTrade Tech Ltd.,Small Cap,10.0,1618.0,140.0,1758.0,1599.8,-1.12,1501.05,-7.23,2899.8,79.22,35.45,,,2.75,1680.58,25.29,6.87,,0.0,35.9,6.87,4.41,18532216,9266107.0,0.0,0.0,6486276,5559664.0,9.0,22.05,73.37,22.05,73.37,50.0,0.0,0.0,35.0,30.0
2021-08-04,2021-08-16,16518.4,16529.1,-0.06,High,Consumer Discretionary,Exxaro Tiles Ltd.,Small Cap,10.0,120.0,5.0,125.0,126.0,5.0,132.3,10.25,6.07,-94.94,17.67,,,40.05,128.19,18.22,12.63,13.75,1.26,5.86,12.63,3.14,13424000,3288875.0,0.0,0.0,5262200,1973325.0,125.0,4.54,26.46,3.4,35.28,24.5,0.0,0.0,39.2,14.7
2021-08-04,2021-08-16,16518.4,16529.1,-0.06,High,Healthcare,Windlas Biotech Ltd.,Small Cap,5.0,460.0,80.0,540.0,437.0,-5.0,407.15,-11.49,1091.3,137.24,24.4,,,24.22,199.12,12.66,7.62,10.04,0.16,3.62,7.62,4.21,8729023,4364510.0,0.0,0.0,3055159,2618706.0,30.0,8.55,53.79,7.14,64.39,50.0,0.0,0.0,35.0,30.0
2021-08-04,2021-08-16,16518.4,16529.1,-0.06,High,Services,Devyani International Ltd.,Mid Cap,1.0,90.0,59.0,149.0,140.9,56.56,123.5,37.22,130.29,44.77,95.27,,,39.48,113.77,18.93,16.12,34.63,4.07,1.53,16.12,91.26,204222218,152754165.0,0.0,0.0,20367221,91652499.0,165.0,0.16,566.12,0.15,590.12,74.8,0.0,0.0,9.97,44.88
2021-08-04,2021-08-16,16518.4,16529.1,-0.06,High,Healthcare,Krsnaa Diagnostics Ltd.,Small Cap,5.0,954.0,222.0,1176.0,1005.55,5.4,987.0,3.46,559.95,-41.31,49.83,,,41.95,231.87,54.25,79.76,73.96,1.0,27.96,79.76,11.19,12741036,9381562.0,0.0,0.0,1250874,5628937.0,15.0,68.01,14.03,58.9,16.2,73.63,0.0,0.0,9.82,44.18
2021-07-28,2021-08-09,16281.35,16238.2,0.27,High,Auto & Auto Ancillaries,Rolex Rings Ltd.,Small Cap,10.0,900.0,455.0,1355.0,1250.0,38.89,1167.0,29.67,190.09,-78.88,143.58,,,24.49,356.73,18.12,27.83,14.33,0.7,14.03,27.83,6.71,8122222,4061110.0,0.0,0.0,2842778,2436666.0,16.0,32.68,27.54,31.93,28.19,50.0,0.0,0.0,35.0,30.0
2021-07-27,2021-08-06,16304.4,16294.6,0.06,High,Healthcare,Glenmark Life Sciences Ltd.,Mid Cap,2.0,720.0,82.0,802.0,750.0,4.17,748.5,3.96,1379.3,91.57,36.97,,,14.63,752.75,31.38,60.91,,0.0,18.64,60.91,10.31,21022222,10511110.0,0.0,0.0,7357778,6306660.0,20.0,32.61,22.08,28.69,25.09,50.0,0.0,0.0,35.0,30.0
2021-07-16,2021-07-29,15762.7,15709.4,0.34,Neutral,Materials,Tatva Chintan Pharma Chem Ltd.,Small Cap,10.0,1083.0,1110.0,2193.0,2111.85,95.0,2312.2,113.5,1784.2,64.75,185.23,,,35.35,165.96,23.39,36.85,,0.54,17.06,36.85,13.11,4616804,2308401.0,0.0,0.0,1615882,1385040.0,13.0,26.02,41.63,23.58,45.93,50.0,0.0,0.0,35.0,30.0
2021-07-14,2021-07-23,15856.8,15824.05,0.21,High,Consumer Discretionary,Zomato Ltd.,Mid Cap,1.0,76.0,22.0,98.0,115.0,51.32,125.85,65.59,320.0,321.05,51.79,,,7.45,8096.11,-15.35,-16.04,,0.0,-38.54,-16.04,6.25,1233552631,920289474.0,0.0,0.0,122705263,552173505.0,195.0,-1.23,-62.01,-1.04,-73.03,74.6,0.0,0.0,9.95,44.76
2021-07-07,2021-07-19,15754.5,15923.4,-1.06,Neutral,Industrials,G R Infraprojects Ltd.,Small Cap,5.0,837.0,575.0,1412.0,1715.85,105.0,1747.1,108.73,800.6,-4.35,168.58,,,12.57,3980.03,24.19,27.21,21.48,1.13,12.06,27.21,2.03,11508704,5641851.0,0.0,0.0,3949297,3385110.0,17.0,98.59,8.49,98.59,8.49,49.02,0.0,0.0,34.32,29.41
2021-07-07,2021-07-19,15754.5,15923.4,-1.06,Neutral,Materials,Clean Science & Technology Ltd.,Mid Cap,1.0,900.0,615.0,1515.0,1755.0,95.0,1585.25,76.14,794.35,-11.74,156.37,,,9.0,539.67,52.89,45.0,49.52,0.0,36.87,45.0,17.71,17184682,8592340.0,0.0,0.0,6014639,5155404.0,16.0,18.68,48.19,18.68,48.19,50.0,0.0,0.0,35.0,30.0
2021-06-23,2021-07-05,15793.4,15722.2,0.45,High,Agriculture,India Pesticides Ltd.,Small Cap,1.0,296.0,35.0,331.0,350.0,18.24,343.15,15.93,132.72,-55.16,42.95,,,11.3,389.48,28.91,41.62,,0.08,20.52,41.62,8.5,27027026,13513512.0,0.0,0.0,9459460,8108107.0,50.0,12.03,24.6,11.68,25.34,50.0,0.0,0.0,35.0,30.0
2021-06-16,2021-06-28,15915.35,15860.35,0.35,High,Consumer Discretionary,Dodla Dairy Ltd.,Small Cap,10.0,428.0,80.0,508.0,550.0,28.5,609.9,42.5,1019.4,138.18,84.88,,,11.34,549.69,6.57,11.88,17.49,0.35,2.32,11.88,5.76,12153668,6076833.0,0.0,0.0,4253784,3646099.0,35.0,8.55,50.06,8.38,51.06,50.0,0.0,0.0,35.0,30.0
2021-06-16,2021-06-28,15915.35,15860.35,0.35,High,Healthcare,Krishna Institute of Medical Sciences Ltd.,Small Cap,10.0,825.0,75.0,900.0,1009.0,22.3,996.95,20.84,746.4,-9.53,5.26,,,2.9,863.73,28.43,28.11,,0.31,15.33,28.11,7.41,25997133,19306768.0,0.0,0.0,2574235,11584060.0,18.0,26.48,31.15,25.68,32.13,74.26,0.0,0.0,9.9,44.56
2021-06-14,2021-06-24,15737.3,15686.95,0.32,High,Industrials,Shyam Metalics & Energy Ltd.,Small Cap,10.0,306.0,130.0,436.0,380.0,24.18,376.15,22.92,1065.0,248.04,155.71,,,11.64,3285.28,14.43,12.8,9.3,0.47,7.74,12.8,2.53,29705880,14702940.0,0.0,0.0,10292058,8821764.0,45.0,14.57,21.0,13.34,22.94,49.5,0.0,0.0,34.65,29.7
2021-06-14,2021-06-24,15737.3,15686.95,0.32,High,Auto & Auto Ancillaries,Sona BLW Precision Forgings Ltd.,Mid Cap,10.0,291.0,3.0,294.0,301.0,3.44,361.2,24.12,830.0,185.22,3.46,,,1.58,1303.9,28.11,17.34,19.91,0.28,13.72,17.34,12.79,190721649,143041238.0,0.0,0.0,19072164,85824742.0,51.0,3.76,77.49,3.69,78.89,75.0,0.0,0.0,10.0,45.0
2021-04-07,2021-04-19,14306.6,14617.85,-2.13,Low,Real Estate,Macrotech Developers Ltd.,Mid Cap,10.0,486.0,0.0,486.0,436.0,-10.29,465.25,-4.27,1135.0,133.54,3.05,,,0.4,3841.11,15.29,19.86,,4.48,5.93,19.86,4.68,51440328,25411522.0,0.0,0.0,17788066,15246913.0,30.0,18.81,25.83,16.65,29.19,49.4,0.0,0.0,34.58,29.64
2021-03-24,2021-04-07,14716.45,14683.5,0.22,Neutral,Services,Barbeque-Nation Hospitality Ltd.,Small Cap,5.0,500.0,0.0,500.0,489.85,-2.03,587.8,17.56,668.05,33.61,5.11,,,13.13,0.48,19.75,-26.69,,3.23,-3.87,-26.69,22.4,9057470,6763103.0,0.0,0.0,901747,4057861.0,30.0,-9.7,-51.54,-8.77,-57.0,74.67,0.0,0.0,9.96,44.8
2021-03-17,2021-03-30,14628.5,14507.3,0.84,Low,Services,Nazara Technologies Ltd.,Small Cap,4.0,1101.0,740.0,1841.0,1990.0,80.74,1592.0,44.6,392.85,-64.32,103.77,,,75.29,481.98,3.48,-6.07,,,-10.15,-6.07,7.23,5294392,3955659.0,0.0,0.0,527421,2373395.0,13.0,-8.74,-125.95,-8.74,-125.95,74.71,0.0,0.0,9.96,44.83
2021-03-17,2021-03-26,14506.3,14324.9,1.27,Low,Financials,Suryoday Small Finance Bank Ltd.,Small Cap,10.0,305.0,-10.0,295.0,292.0,-4.26,277.8,-8.92,145.16,-52.41,2.18,,,3.09,1190.96,19.22,11.43,,1.19,13.02,11.43,2.8,19093070,9296534.0,0.0,0.0,6507575,5577920.0,49.0,11.35,26.87,10.48,29.11,48.69,0.0,0.0,34.08,29.21
2021-03-16,2021-03-26,14506.3,14324.9,1.27,Low,Consumer Discretionary,Kalyan Jewellers India Ltd.,Mid Cap,10.0,87.0,-5.0,82.0,73.95,-15.0,75.2,-13.56,553.15,535.8,2.76,,,2.82,2057.89,7.47,6.84,10.37,1.69,1.4,6.84,3.78,135057470,67413792.0,0.0,0.0,47189655,40448275.0,172.0,1.52,57.36,1.38,62.98,49.91,0.0,0.0,34.94,29.95
2021-03-15,2021-03-25,14570.9,14549.4,0.15,Low,Auto & Auto Ancillaries,Craftsman Automation Ltd.,Small Cap,5.0,1490.0,30.0,1520.0,1359.0,-8.79,1435.6,-3.65,10417.0,599.13,5.21,,,3.44,716.19,27.08,6.36,,1.57,2.74,6.36,4.52,5528161,2764079.0,0.0,0.0,1934857,1658447.0,10.0,20.41,73.0,19.44,76.65,50.0,0.0,0.0,35.0,30.0
2021-03-15,2021-03-25,14570.9,14549.4,0.15,Low,Materials,Laxmi Organic Industries Ltd.,Small Cap,2.0,130.0,40.0,170.0,155.5,19.62,164.45,26.5,177.36,36.43,175.43,,,20.1,471.45,9.34,16.05,,0.37,4.56,16.05,7.34,46153846,23076922.0,0.0,0.0,16153847,13846153.0,115.0,2.92,44.55,2.66,48.82,50.0,0.0,0.0,35.0,30.0
2021-03-12,2021-03-24,14712.45,14814.75,-0.69,Neutral,Materials,Anupam Rasayan India Ltd.,Small Cap,10.0,555.0,60.0,615.0,520.0,-6.31,526.8,-5.08,1181.0,112.79,65.74,,,10.77,824.52,25.01,9.63,,1.38,9.82,9.63,8.06,13715495,6747746.0,0.0,0.0,4723424,4048647.0,27.0,6.15,90.31,5.3,104.68,49.2,0.0,0.0,34.44,29.52
2021-03-08,2021-03-19,14471.15,14557.85,-0.6,Low,Services,Easy Trip Planners Ltd.,Small Cap,2.0,187.0,,,212.25,13.5,208.45,11.47,5.86,-96.87,77.53,,,70.4,132.14,27.76,40.96,,,19.28,40.96,20.07,27272727,20454546.0,0.0,0.0,2727272,12272727.0,80.0,3.19,58.63,3.19,58.63,75.0,0.0,0.0,10.0,45.0
2021-03-03,2021-03-15,15048.4,15030.95,0.12,Neutral,Manufacturing,MTAR Technologies Ltd.,Small Cap,10.0,575.0,580.0,1155.0,1050.0,82.61,1082.5,88.26,7797.0,1256.0,164.99,,,28.4,239.26,28.57,13.62,14.28,0.13,14.36,13.62,7.31,10372419,5186209.0,0.0,0.0,3630347,3111725.0,26.0,10.95,52.53,10.18,56.47,50.0,0.0,0.0,35.0,30.0
2021-02-23,2021-03-05,14977.95,15080.75,-0.68,Neutral,Agriculture,Heranba Industries Ltd.,Small Cap,10.0,627.0,270.0,897.0,900.0,43.54,627.0,0.0,176.53,-71.85,67.45,,,11.84,381.26,15.07,35.61,37.83,0.13,10.1,35.61,7.63,9971937,4985968.0,0.0,0.0,3490178,2990520.0,23.0,25.03,25.05,24.43,25.67,50.0,0.0,0.0,35.0,29.99
2021-02-16,2021-02-26,14888.6,15097.35,-1.38,High,Technology,RailTel Corp.of India Ltd.,Small Cap,10.0,94.0,10.0,104.0,109.0,15.96,121.35,29.1,265.65,182.61,65.14,,,16.78,1394.63,27.65,10.61,,0.0,12.1,10.61,2.2,87153369,43326683.0,0.0,0.0,30328680,25957446.0,155.0,4.4,21.39,4.4,21.39,49.71,0.0,0.0,34.8,29.78
2021-02-15,2021-02-25,15079.85,14982.0,0.65,High,Healthcare,Nureca Ltd.,Small Cap,10.0,400.0,70.0,470.0,615.0,53.75,645.75,61.44,366.6,-8.35,3.1,,,166.65,51.65,9.81,55.94,,0.61,6.43,55.94,20.09,2501315,1856250.0,0.0,0.0,247500,1113750.0,35.0,8.53,46.88,6.4,62.5,74.21,0.0,0.0,9.89,44.53
2021-01-25,2021-02-05,14952.6,14895.65,0.38,High,Consumer Discretionary,Stove Kraft Ltd.,Small Cap,10.0,385.0,35.0,420.0,498.0,29.35,445.95,15.83,794.95,106.48,8.02,,,26.04,-29.94,5.02,-5.27,9.16,,0.47,-5.27,,10717532,8038150.0,0.0,0.0,1071753,4822890.0,38.0,1.05,365.33,0.97,395.3,75.0,0.0,0.0,10.0,45.0
2021-01-21,2021-02-03,14754.9,14647.85,0.73,High,Financials,Home First Finance Co.India Ltd.,Small Cap,2.0,518.0,,,618.8,19.46,527.55,1.84,1104.8,113.28,52.53,,,6.59,988.19,73.48,10.88,,2.67,18.88,10.88,4.56,22272556,11136277.0,0.0,0.0,7795395,6681766.0,28.0,9.63,53.77,9.07,57.12,50.0,0.0,0.0,35.0,30.0
2021-01-20,2021-02-02,14481.1,14281.2,1.4,High,Consumer Discretionary,Indigo Paints Ltd.,Small Cap,10.0,1490.0,750.0,2240.0,2607.5,75.0,3117.15,109.2,1091.0,-26.78,189.57,,,15.93,,14.52,27.76,30.91,0.25,7.63,27.76,34.45,7853422,3891710.0,0.0,0.0,2724198,2335020.0,10.0,10.5,141.94,10.05,148.22,49.55,0.0,0.0,34.69,29.73
2021-01-18,2021-01-29,13946.6,13817.55,0.93,Low,Financials,Indian Railway Finance Corp.Ltd.,Mid Cap,10.0,26.0,0.0,26.0,24.9,-4.23,24.8,-4.62,79.28,204.92,3.78,,,3.66,1042.84,20.39,27.3,,0.0,13.93,27.3,29.62,1782069000,890938346.0,0.0,0.0,623656843,534563007.0,575.0,0.23,113.31,0.21,124.64,49.99,0.0,0.0,35.0,30.0
2020-12-21,2021-01-01,13996.1,13981.75,0.1,High,Services,Antony Waste Handling Cell Ltd.,Small Cap,5.0,315.0,175.0,490.0,436.1,38.44,407.35,29.32,364.55,15.73,,,,,229.96,30.06,34.41,32.45,0.99,13.36,34.41,3.83,9523345,4761672.0,0.0,0.0,3333171,2857003.0,47.0,24.26,12.98,21.95,14.35,50.0,0.0,0.0,35.0,30.0
2020-12-15,2020-12-24,13672.15,13601.1,0.52,High,Consumer Discretionary,Mrs.Bectors Food Specialities Ltd.,Small Cap,10.0,288.0,215.0,503.0,500.0,73.61,594.2,106.32,206.74,-28.22,176.85,,,29.33,357.77,12.14,9.93,12.82,0.41,3.97,9.93,5.2,18769701,9375692.0,0.0,0.0,6562986,5625415.0,50.0,5.3,54.32,5.17,55.65,49.95,0.0,0.0,34.97,29.97
2020-12-02,2020-12-14,13571.45,13513.85,0.43,High,Services,Burger King India Ltd.,Small Cap,10.0,60.0,43.0,103.0,112.5,87.5,135.0,125.0,91.58,52.63,86.64,,,68.15,218.89,12.28,-29.17,,0.72,-9.04,-29.17,6.68,135000000,101250000.0,0.0,0.0,13500000,60750000.0,250.0,-2.5,-24.03,-2.01,-29.91,75.0,0.0,0.0,10.0,45.0
2020-11-09,2020-11-20,12813.4,12771.7,0.33,High,Healthcare,Gland Pharma Ltd.,Mid Cap,1.0,1500.0,118.0,1618.0,1710.0,14.0,1819.55,21.3,2899.4,93.29,6.4,,,0.24,3963.47,39.48,23.75,,0.0,27.88,23.75,6.37,43196968,21598483.0,0.0,0.0,15118939,12959089.0,10.0,49.88,30.07,47.33,31.69,50.0,0.0,0.0,35.0,30.0
2020-10-20,2020-11-02,11697.35,11642.4,0.47,Neutral,Financials,Equitas Small Finance Bank Ltd.,Small Cap,10.0,33.0,1.0,34.0,31.1,-5.76,32.8,-0.61,68.93,108.88,3.91,,,2.08,2788.54,15.28,9.8,,1.88,8.32,9.8,1.27,156848484,70545453.0,0.0,0.0,49381819,42327271.0,450.0,2.31,14.27,2.14,15.42,44.98,0.0,0.0,31.48,26.99
2020-09-29,2020-10-12,11973.55,11914.2,0.5,High,Industrials,Mazagon Dock Shipbuilders Ltd.,Small Cap,10.0,145.0,105.0,250.0,214.9,48.21,171.95,18.59,2113.0,1357.24,89.71,,,35.63,3069.13,14.92,15.18,,0.0,8.62,15.18,0.95,30599017,15126750.0,,,10588725,,103.0,23.65,6.13,23.65,6.13,49.44,,,34.6,
2020-09-29,2020-10-12,11973.55,11914.2,0.5,High,Financials,UTI Asset Management Co.Ltd.,Small Cap,10.0,554.0,-14.0,540.0,500.0,-9.75,476.2,-14.04,882.4,59.28,3.34,,,2.32,2834.93,,10.3,,,31.03,10.3,2.54,38987081,19393540.0,0.0,0.0,13575479,11636124.0,27.0,21.81,25.4,21.81,25.4,49.74,0.0,0.0,34.82,29.85
2020-09-29,2020-10-15,12023.45,11971.05,0.44,High,Industrials,Likhitha Infrastructure Ltd.,Small Cap,10.0,120.0,6.0,126.0,130.0,8.33,136.5,13.75,234.29,95.24,,,,,69.96,19.18,33.06,60.7,0.03,12.21,33.06,2.51,5100000,51000.0,0.0,0.0,1785000,0.0,125.0,13.59,8.83,10.08,11.91,1.0,0.0,0.0,35.0,0.0
2020-09-22,2020-10-05,11487.8,11416.95,0.62,High,Financials,Angel Broking Ltd.,Small Cap,10.0,306.0,-5.0,301.0,275.0,-10.13,275.8,-9.87,274.0,-10.46,5.74,,,4.31,607.44,26.17,16.15,,0.86,11.66,16.15,3.87,19607835,9803916.0,0.0,0.0,6862743,5882352.0,49.0,12.03,25.43,10.59,28.9,50.0,0.0,0.0,35.0,30.0
2020-09-21,2020-10-01,11364.45,11247.55,1.04,High,Materials,Chemcon Speciality Chemicals Ltd.,Small Cap,10.0,340.0,310.0,650.0,731.0,115.0,584.8,72.0,217.28,-36.09,113.54,,,41.15,142.71,26.41,40.97,36.7,0.31,18.36,40.97,7.57,9352941,4676469.0,0.0,0.0,3273530,2805880.0,44.0,15.37,22.12,13.34,25.5,50.0,0.0,0.0,35.0,30.0
2020-09-21,2020-10-01,11364.45,11247.55,1.04,High,Financials,Computer Age Management Services Ltd.,Small Cap,10.0,1230.0,328.0,1558.0,1518.0,23.41,1401.6,13.95,671.0,-45.45,73.18,,,5.54,528.2,8.59,35.36,,,24.05,35.36,11.12,18246600,9032050.0,0.0,0.0,6322435,5419230.0,12.0,35.55,34.59,35.55,34.59,49.5,0.0,0.0,34.65,29.7
2020-09-09,2020-09-21,11503.8,11504.95,-0.01,Neutral,Technology,Route Mobile Ltd.,Small Cap,10.0,350.0,310.0,660.0,717.0,104.86,651.3,86.09,445.0,27.14,89.76,,,12.67,297.02,11.53,28.66,29.12,0.15,7.14,28.66,6.47,17142856,8571427.0,0.0,0.0,6000000,5142856.0,40.0,13.82,25.33,12.15,28.8,50.0,0.0,0.0,35.0,30.0
2020-09-07,2020-09-17,11539.4,11604.55,-0.56,Neutral,Technology,Happiest Minds Technologies Ltd.,Small Cap,2.0,166.0,0.0,166.0,350.0,110.84,370.95,123.46,310.6,87.11,77.43,,,70.94,319.01,15.84,27.14,,0.3,10.04,27.14,8.81,42290091,31717569.0,0.0,0.0,4229009,19030541.0,90.0,5.11,32.46,4.88,34.0,75.0,0.0,0.0,10.0,45.0
2020-07-13,2020-07-23,11135.0,11132.6,0.02,High,Materials,Rossari Biotech Ltd.,Small Cap,2.0,425.0,0.0,425.0,669.25,57.47,741.65,74.51,417.95,-1.66,85.26,,,7.23,286.68,17.31,31.79,26.35,0.23,10.81,31.79,7.52,11676470,5838234.0,0.0,0.0,4086765,3502940.0,35.0,12.86,33.81,12.57,33.82,50.0,0.0,0.0,35.0,30.0
2020-03-02,2020-03-16,9587.8,9955.2,-3.69,Low,Financials,SBI Cards & Payment Services Ltd.,Large Cap,10.0,755.0,0.0,755.0,661.0,-12.45,681.4,-9.75,578.05,-23.44,57.18,,,2.5,4822.82,34.72,28.39,13.57,3.74,12.33,28.39,19.27,137149314,61115982.0,0.0,0.0,42781188,36669589.0,19.0,9.25,45.8,9.19,82.17,44.56,0.0,0.0,31.19,26.74
2019-12-18,2019-12-30,12274.9,12245.8,0.24,High,Industrials,Prince Pipes & Fittings Ltd.,Small Cap,10.0,178.0,0.0,178.0,160.0,-10.11,166.9,-6.24,255.75,43.68,3.54,,,1.89,420.41,11.77,23.72,22.67,0.63,5.28,23.72,4.34,28089885,14044942.0,0.0,0.0,9831460,8426965.0,84.0,8.68,18.35,7.58,23.5,50.0,0.0,0.0,35.0,30.0
2019-12-02,2019-12-12,11944.3,11910.15,0.29,Neutral,Financials,Ujjivan Small Finance Bank Ltd.,Small Cap,10.0,37.0,0.0,37.0,58.75,58.78,55.95,51.22,67.5,82.43,110.72,,,48.97,1993.48,16.15,11.49,,2.29,9.78,11.49,3.1,202702702,136824325.0,0.0,0.0,18243243,82094594.0,400.0,1.31,28.33,1.15,32.1,67.5,0.0,0.0,9.0,40.5
2019-11-22,2019-12-04,11969.95,11994.2,-0.2,Neutral,Financials,CSB Bank Ltd.,Small Cap,10.0,195.0,0.0,195.0,275.0,41.03,300.05,53.87,311.0,59.49,62.18,,,44.46,1535.99,2.36,-9.9,,,-4.43,-9.9,3.45,21009067,15756801.0,0.0,0.0,2100906,9454080.0,75.0,-3.81,-51.12,-3.79,-51.49,75.0,0.0,0.0,10.0,45.0
2019-09-30,2019-10-14,11335.9,11305.05,0.27,Neutral,Services,Indian Railway Catering & Tourism Corp.Ltd.,Small Cap,10.0,320.0,0.0,320.0,626.0,95.62,727.75,127.42,455.4,42.31,108.79,,,14.83,1042.84,20.39,27.3,,,13.93,27.3,4.91,20160000,10000000.0,0.0,0.0,7000000,0.0,40.0,17.04,18.78,17.04,18.78,49.6,0.0,0.0,34.72,0.0
2019-09-30,2019-10-15,11360.85,11341.15,0.17,High,Agriculture,Vishwaraj Sugar Industries Ltd.,Small Cap,10.0,60.0,,,61.2,2.0,60.35,0.58,5.26,-91.23,1.0,,,0.64,211.5,,-8.0,4.5,0.31,-5.72,-8.0,0.98,10000000,1000000.0,0.0,0.0,5000000,0.0,240.0,-5.1,-11.77,-4.69,-12.79,10.0,0.0,0.0,50.0,0.0
2019-08-06,2019-08-20,11063.9,11053.9,0.09,Low,Industrials,Sterling & Wilson Solar Ltd.,Mid Cap,1.0,780.0,,,706.0,-9.49,726.2,-6.9,171.18,-78.05,1.02,,,0.3,,10.08,75.89,27.5,2.65,7.55,75.89,,36935157,30361119.0,0.0,0.0,1168291,18028846.0,19.0,39.8,19.6,39.8,19.6,82.2,0.0,0.0,3.16,48.81
2019-08-05,2019-08-19,11094.8,11047.8,0.43,Low,Financials,Spandana Sphoorty Financial Ltd.,Small Cap,10.0,856.0,,,825.0,-3.62,847.8,-0.96,220.76,-74.21,3.11,,,0.09,1889.44,80.37,18.83,,0.82,29.64,18.83,2.7,14029622,7014810.0,0.0,0.0,4910368,4208886.0,17.0,51.77,16.53,48.11,17.79,50.0,0.0,0.0,35.0,30.0
2019-07-29,2019-08-08,10899.2,10855.5,0.4,Low,Technology,Affle (India) Ltd.,Small Cap,10.0,745.0,,,926.0,24.3,873.65,17.27,1511.0,102.82,55.31,,,10.94,72.41,28.15,67.42,,0.12,19.54,67.42,24.99,6161073,4620806.0,0.0,0.0,616107,2772483.0,20.0,20.1,37.06,19.15,38.91,75.0,0.0,0.0,10.0,45.0
2019-06-24,2019-07-04,11928.8,11916.75,0.1,Neutral,Consumer Discretionary,IndiaMART InterMESH Ltd.,Small Cap,10.0,973.0,,,1180.0,21.27,1301.95,33.81,1629.0,67.42,30.83,,,14.07,16.07,15.43,7.84,,,2.36,7.84,174.22,4887862,3658397.0,0.0,0.0,487786,2195038.0,15.0,0.44,2222.06,0.44,2222.06,74.85,0.0,0.0,9.98,44.91
2019-04-24,2019-05-08,11478.7,11497.9,-0.17,Low,Materials,Neogen Chemicals Ltd.,Small Cap,10.0,215.0,,,251.0,16.74,263.55,22.58,2451.6,1040.28,30.49,,,15.86,61.49,,22.82,,1.59,6.38,22.82,8.62,6155813,3077906.0,,,2154535,1846715.0,65.0,5.23,41.11,4.5,47.78,50.0,,,35.0,30.0
2019-04-05,2019-04-16,11736.2,11690.35,0.39,High,Industrials,Polycab India Ltd.,Small Cap,10.0,538.0,,,633.0,17.66,654.8,21.71,8026.0,1391.82,92.44,,,4.5,,11.5,15.79,22.97,0.24,5.31,15.79,,25022067,12423532.0,0.0,0.0,8696474,7454119.0,27.0,26.27,20.48,24.95,21.56,49.65,0.0,0.0,34.76,29.79
2019-04-03,2019-04-15,11667.0,11643.45,0.2,High,Healthcare,Metropolis Healthcare Ltd.,Small Cap,2.0,880.0,,,958.0,8.86,959.85,9.07,541.7,-38.44,8.88,,,2.15,,26.61,25.58,37.59,0.0,16.84,25.58,,13685095,10038822.0,0.0,0.0,1338509,6023293.0,17.0,21.87,40.23,21.87,40.23,73.36,0.0,0.0,9.78,44.01
2019-03-29,2019-04-11,11592.55,11584.3,0.07,High,Industrials,Rail Vikas Nigam Ltd.,Small Cap,10.0,19.0,,,19.0,0.0,19.05,0.26,201.76,961.89,1.36,,,2.92,4062.12,9.12,15.23,,0.37,7.29,15.23,1.01,253457280,126400000.0,,,88480000,,780.0,2.73,6.95,2.73,6.95,49.87,,,34.91,
2019-03-13,2019-03-29,11625.45,11570.0,0.48,High,Services,MSTC Ltd.,Small Cap,10.0,120.0,,,115.0,-4.17,113.95,-5.04,714.75,495.62,1.13,,,2.95,327.92,4.05,-1.68,,2.09,-0.23,-1.68,2.31,17670400,13200000.0,0.0,0.0,1760000,0.0,90.0,-0.92,-130.37,-0.92,-130.37,74.7,0.0,0.0,9.96,0.0
2019-01-29,2019-02-07,11070.45,11062.45,0.07,High,Services,Chalet Hotels Ltd.,Small Cap,10.0,280.0,,,291.0,3.93,291.7,4.18,845.2,201.86,4.66,,,0.03,467.44,36.96,4.76,,5.37,2.52,4.76,9.54,58613571,29306785.0,0.0,0.0,20514750,17584071.0,53.0,1.35,206.67,1.13,247.66,50.0,0.0,0.0,35.0,30.0
2019-01-23,2019-02-04,10876.75,10893.65,-0.16,High,Technology,Xelpmoc Design & Tech Ltd.,Small Cap,10.0,66.0,,,,,59.85,-9.32,80.24,21.58,1.24,,,2.64,17.57,-61.66,-21.13,,,-62.03,-21.13,3.51,3501442,2613637.0,0.0,0.0,365079,1568181.0,200.0,-3.36,-19.63,-2.5,-26.37,74.64,0.0,0.0,10.43,44.79
2018-09-25,2018-10-08,10310.15,10316.45,-0.06,Low,Financials,Aavas Financiers Ltd.,Small Cap,10.0,821.0,,,750.0,-8.65,774.35,-5.68,1211.9,47.61,2.77,,,0.25,1098.47,,3.48,,2.36,20.16,3.48,5.51,21121466,10560732.0,0.0,0.0,7392514,6336439.0,18.0,3.93,208.71,3.71,221.13,50.0,0.0,0.0,35.0,30.0
2018-09-24,2018-10-10,10331.85,10301.05,0.3,Low,Manufacturing,Garden Reach Shipbuilders & Engineers Ltd.,Small Cap,10.0,118.0,,,102.5,-13.14,103.3,-12.46,2181.9,1749.07,1.81,,,0.24,1015.94,10.78,8.27,,,5.69,8.27,1.33,29210760,14319000.0,0.0,0.0,10023300,0.0,120.0,7.58,15.57,7.58,15.57,49.02,0.0,0.0,34.31,0.0
2018-09-17,2018-09-28,11008.1,10977.55,0.28,Low,Industrials,IRCON International Ltd.,Small Cap,10.0,475.0,,,412.0,-13.26,415.3,-12.57,117.09,-75.35,12.29,,,9.66,3748.09,,10.89,,,9.77,10.89,1.19,9905157,4702578.0,0.0,0.0,3291805,0.0,30.0,43.76,10.85,43.76,10.85,47.48,0.0,0.0,33.23,0.0
2018-08-08,2018-08-23,11620.7,11570.9,0.43,High,Financials,CreditAccess Grameen Ltd.,Small Cap,10.0,422.0,,,390.0,-7.58,422.05,0.01,1272.0,201.42,5.52,,,0.87,1427.08,,11.77,,2.52,14.24,11.77,3.8,26805394,13402696.0,0.0,0.0,9381888,8041617.0,35.0,9.71,43.48,8.69,48.54,50.0,0.0,0.0,35.0,30.0
2018-07-25,2018-08-06,11401.5,11360.8,0.36,High,Financials,HDFC Asset Management Co.Ltd.,Mid Cap,5.0,1100.0,,,1726.25,56.93,1815.95,65.09,2280.7,107.34,192.26,,,6.57,2159.97,,40.28,,,38.65,40.28,10.8,25457555,11088776.0,0.0,0.0,7762145,6653265.0,13.0,34.04,32.31,34.04,32.31,43.56,0.0,0.0,30.49,26.13
2018-07-18,2018-07-30,11296.65,11278.35,0.16,High,Services,TCNS Clothing Co.Ltd.,Small Cap,2.0,716.0,,,716.0,0.0,659.15,-7.94,583.95,-18.44,13.47,,,0.57,431.47,19.1,27.5,,0.0,11.55,27.5,10.18,15714038,7857018.0,0.0,0.0,5499914,4714210.0,20.0,16.0,44.75,16.0,44.75,50.0,0.0,0.0,35.0,30.0
2018-06-26,2018-07-06,10744.15,10749.75,-0.05,Neutral,Auto & Auto Ancillaries,Varroc Engineering Ltd.,Mid Cap,1.0,967.0,,,1015.0,4.96,1037.35,7.28,862.95,-10.76,9.15,,,0.84,2828.01,8.79,17.98,,,4.33,17.98,4.61,20221730,10060864.0,0.0,0.0,7042606,6036518.0,15.0,33.44,28.92,33.44,28.92,49.75,0.0,0.0,34.83,29.85
2018-06-20,2018-07-02,10732.35,10714.3,0.17,Neutral,Industrials,RITES Ltd.,Small Cap,10.0,185.0,,,190.0,2.7,213.3,15.3,209.05,13.0,71.71,,,14.24,2171.99,,18.52,,,23.13,18.52,1.81,25200000,12000000.0,0.0,0.0,8400000,0.0,80.0,18.08,10.23,18.08,10.23,47.62,0.0,0.0,33.33,0.0
2018-06-20,2018-07-02,10732.35,10714.3,0.17,Neutral,Materials,Fine Organic Industries Ltd.,Small Cap,5.0,783.0,,,815.0,4.09,822.8,5.08,5124.5,554.47,12.85,,,1.19,361.92,18.32,28.34,,,9.83,28.34,7.41,7664994,3832496.0,0.0,0.0,2682748,2299497.0,19.0,26.24,29.84,26.24,29.84,50.0,0.0,0.0,35.0,30.0
2018-05-09,2018-05-21,10616.7,10596.4,0.19,Low,Financials,IndoStar Capital Finance Ltd.,Small Cap,10.0,572.0,,,600.0,4.9,586.1,2.47,213.54,-62.67,16.08,,,1.17,2076.83,88.53,12.24,13.8,1.42,29.28,12.24,2.37,32237762,16118880.0,0.0,0.0,11283217,9671328.0,26.0,26.72,21.41,23.13,24.73,50.0,0.0,0.0,35.0,30.0
2018-03-26,2018-04-09,10333.7,10331.6,0.02,High,Services,Lemon Tree Hotels Ltd.,Small Cap,10.0,56.0,,,61.6,10.0,71.65,27.95,104.25,86.16,3.88,,,0.12,951.25,29.05,0.58,,0.32,2.39,0.58,4.75,185479400,92739700.0,0.0,0.0,64917790,55643820.0,265.0,0.07,823.16,0.07,823.16,50.0,0.0,0.0,35.0,30.0
2018-03-22,2018-04-04,10274.6,10245.0,0.29,Neutral,Financials,ICICI Securities Ltd.,Mid Cap,5.0,520.0,,,435.0,-16.35,445.1,-14.4,896.2,72.35,1.04,,,0.89,,,,,,24.05,,,70140308,55973693.0,0.0,0.0,6443416,33024165.0,28.0,10.48,49.62,10.48,49.62,79.8,0.0,0.0,9.19,47.08
2018-03-21,2018-04-04,10274.6,10245.0,0.29,Neutral,Manufacturing,Mishra Dhatu Nigam Ltd.,Small Cap,10.0,90.0,,,87.0,-3.33,90.05,0.06,437.65,386.28,1.96,,,0.72,733.43,,19.08,,0.02,15.16,19.08,2.39,48708400,23417500.0,0.0,0.0,16392250,0.0,150.0,6.74,13.35,6.74,13.35,48.08,0.0,0.0,33.65,0.0
2018-03-19,2018-04-02,10151.65,10113.7,0.38,Low,Auto & Auto Ancillaries,Sandhar Technologies Ltd.,Small Cap,10.0,332.0,,,346.1,4.25,322.15,-2.97,585.9,76.48,14.5,,,1.31,330.72,8.04,13.76,,1.3,2.42,13.76,5.64,15436144,7718071.0,0.0,0.0,5402651,4630842.0,45.0,7.73,42.93,6.57,50.51,50.0,0.0,0.0,35.0,30.0
2018-03-16,2018-03-28,10143.6,10184.15,-0.4,Low,Manufacturing,Hindustan Aeronautics Ltd.,Mid Cap,10.0,1215.0,,,1152.0,-5.19,1132.85,-6.76,4668.0,284.2,1.73,,,0.39,12943.6,22.02,22.25,26.66,0.08,13.39,22.25,3.23,34107525,16719374.0,0.0,0.0,11703563,0.0,12.0,78.49,15.48,78.49,15.48,49.02,0.0,0.0,34.31,0.0
2018-03-16,2018-04-02,10151.65,10113.7,0.38,Low,Real Estate,Karda Constructions Ltd.,Small Cap,10.0,180.0,,,136.0,-24.44,142.8,-20.67,0.14,-99.92,1.55,,,2.01,35.87,44.19,30.36,12.51,3.69,7.3,30.36,5.93,4300000,430000.0,0.0,0.0,2150000,0.0,80.0,8.03,22.42,6.53,27.57,10.0,0.0,0.0,50.0,0.0
2018-03-15,2018-03-27,10188.0,10130.65,0.57,Low,Financials,Bandhan Bank Ltd.,Mid Cap,10.0,375.0,,,499.0,33.07,476.85,27.16,178.23,-52.47,38.68,,,1.06,5104.11,,14.2,,0.23,25.55,14.2,9.24,119280494,59640246.0,0.0,0.0,41748173,35784147.0,40.0,5.38,69.66,4.94,75.88,50.0,0.0,0.0,35.0,30.0
2018-03-13,2018-03-23,9968.8,10114.75,-1.44,Low,Manufacturing,Bharat Dynamics Ltd.,Small Cap,10.0,428.0,,,370.0,-13.55,389.8,-8.93,1110.1,159.37,1.5,,,1.37,1630.64,,24.13,,,9.43,24.13,3.55,22451953,10996874.0,0.0,0.0,7697813,0.0,35.0,26.75,16.0,26.75,16.0,48.98,0.0,0.0,34.29,0.0
2018-02-26,2018-03-09,10271.3,10242.65,0.28,Low,Industrials,H.G.Infra Engineering Ltd.,Small Cap,10.0,270.0,,,270.0,0.0,267.75,-0.83,432.75,60.28,8.37,,,3.08,205.17,,33.04,,0.89,5.06,33.04,8.3,17111111,8555555.0,0.0,0.0,5988889,5133150.0,55.0,9.12,29.61,7.56,35.69,50.0,0.0,0.0,35.0,30.0
2018-02-12,2018-02-26,10526.55,10491.05,0.34,Low,Healthcare,Aster DM Healthcare Ltd.,Mid Cap,10.0,190.0,,,183.0,-3.68,181.55,-4.45,697.15,266.92,2.1,,,1.18,2292.06,,16.33,,1.18,4.47,16.33,3.81,51586145,25793072.0,0.0,0.0,18055151,15475843.0,78.0,5.71,33.27,5.28,35.99,50.0,0.0,0.0,35.0,30.0
2018-01-29,2018-02-08,10518.5,10476.7,0.4,Low,Materials,Galaxy Surfactants Ltd.,Small Cap,10.0,1480.0,,,1525.0,3.04,1700.45,14.9,2332.8,57.62,54.27,,,5.92,635.04,12.8,28.68,10.85,0.58,6.74,28.68,9.16,6331674,3165836.0,0.0,0.0,2216086,1899500.0,10.0,41.27,35.86,41.27,35.86,50.0,0.0,0.0,35.0,30.0
2018-01-17,2018-01-30,11120.85,11130.4,-0.09,High,Consumer Discretionary,Amber Enterprises India Ltd.,Small Cap,10.0,859.0,,,1175.0,36.79,1245.25,44.97,6672.5,676.78,174.99,,,11.57,353.99,8.3,10.39,,0.99,1.93,10.39,6.81,6984865,3467432.0,0.0,0.0,2427203,2080459.0,17.0,11.61,73.99,9.57,89.77,49.64,0.0,0.0,34.75,29.79
2018-01-16,2018-01-29,11079.35,11069.65,0.09,High,Technology,Newgen Software Technologies Ltd.,Small Cap,10.0,245.0,,,254.1,3.71,252.4,3.02,467.85,90.96,15.62,,,5.18,267.91,,20.07,,0.19,12.87,20.07,5.89,17331483,8665740.0,0.0,0.0,6066020,5199444.0,61.0,7.67,31.92,7.24,33.82,50.0,0.0,0.0,35.0,30.0
2018-01-10,2018-01-22,10883.2,10894.7,-0.11,High,Manufacturing,Apollo Micro Systems Ltd.,Small Cap,10.0,275.0,,,465.0,69.09,441.75,60.64,403.45,46.71,101.93,,,40.19,76.25,,34.33,,1.25,8.77,34.33,6.51,5763886,2826800.0,0.0,0.0,2069046,1696080.0,50.0,12.38,22.21,8.94,30.75,49.04,0.0,0.0,35.9,29.43
2017-12-15,2017-12-29,10492.35,10477.9,0.14,High,Materials,Astron Paper & Board Mill Ltd.,Small Cap,10.0,50.0,,,115.0,130.0,120.75,141.5,2.8,-94.4,103.35,,,73.32,54.03,,24.69,,1.79,5.4,24.69,3.59,14000000,1330000.0,0.0,0.0,4655000,0.0,280.0,3.06,16.32,2.14,23.34,9.5,0.0,0.0,33.25,0.0
2017-12-06,2017-12-18,10263.1,10333.25,-0.68,Neutral,Services,Future Supply Chain Solutions Ltd.,Small Cap,10.0,664.0,,,664.0,0.0,686.35,3.37,2.75,-99.59,12.36,,,3.28,326.05,12.87,16.94,19.37,0.25,7.93,16.94,9.08,9784570,4892284.0,0.0,0.0,3424600,2935370.0,22.0,11.42,58.14,11.42,58.14,50.0,0.0,0.0,35.0,30.0
2017-12-05,2017-12-15,10345.65,10252.1,0.91,High,Healthcare,Shalby Ltd.,Small Cap,10.0,248.0,,,239.7,-3.35,239.6,-3.39,138.65,-44.09,4.34,,,2.98,288.9,30.39,26.16,3.78,1.17,18.5,26.16,8.27,20354838,10116918.0,0.0,0.0,7081844,6070150.0,60.0,6.94,35.71,5.7,43.51,49.7,0.0,0.0,34.79,29.82
2017-11-07,2017-11-17,10324.55,10214.75,1.07,Neutral,Financials,HDFC Standard Life Insurance Co.Ltd.,Mid Cap,10.0,290.0,,,310.0,6.9,344.6,18.83,521.2,79.72,16.6,,,0.91,4476.09,,25.68,,,88.05,25.68,15.18,299827818,133447758.0,0.0,0.0,93413431,80068600.0,50.0,4.44,65.3,4.44,65.3,44.51,0.0,0.0,31.16,26.7
2017-11-02,2017-11-14,10223.4,10224.95,-0.02,Low,Consumer Discretionary,Khadim India Ltd.,Small Cap,10.0,750.0,,,730.0,-2.67,688.85,-8.15,114.17,-84.78,2.45,,,2.34,192.26,,18.12,,0.56,4.92,18.12,7.01,7240759,3620379.0,0.0,0.0,2534266,2172227.0,20.0,17.78,42.18,17.12,43.8,50.0,0.0,0.0,35.0,30.0
2017-11-01,2017-11-13,10322.0,10321.75,0.0,High,Financials,"New India Assurance Co.Ltd.,The",Large Cap,5.0,800.0,,,750.0,-6.25,727.1,-9.11,167.02,-79.12,2.34,,,0.11,12657.39,,6.93,,,4.0,6.93,5.3,120000000,58200000.0,0.0,0.0,40740000,0.0,18.0,10.25,78.07,9.95,80.41,48.5,0.0,0.0,33.95,0.0
2017-10-31,2017-11-10,10304.35,10308.95,-0.04,High,Services,Mahindra Logistics Ltd.,Small Cap,10.0,429.0,,,429.0,0.0,429.5,0.12,435.85,1.6,,,,,363.46,3.22,13.72,19.16,0.06,1.72,13.72,8.75,19332346,9603672.0,0.0,0.0,6722572,5762203.0,34.0,6.29,68.16,6.29,68.16,49.68,0.0,0.0,34.77,29.81
2017-10-25,2017-11-06,10431.75,10452.5,-0.2,High,Financials,Reliance Nippon Life Asset Management Ltd.,Mid Cap,10.0,252.0,,,295.9,17.42,284.4,12.86,1070.0,324.6,118.4,,,5.65,1653.47,,22.31,,,28.96,22.31,7.92,61200000,30600000.0,0.0,0.0,21420000,18360000.0,59.0,6.9,36.51,6.63,38.03,50.0,0.0,0.0,35.0,30.0
2017-10-11,2017-10-25,10321.15,10207.7,1.11,High,Financials,General Insurance Corp.of India,Large Cap,5.0,912.0,,,850.0,-6.8,874.3,-4.13,331.15,-63.69,2.25,,,0.63,17991.67,,18.84,,,,18.84,4.85,124700000,62282640.0,0.0,0.0,43597850,0.0,16.0,33.23,27.44,32.58,27.99,49.95,0.0,0.0,34.96,0.0
2017-10-09,2017-10-23,10176.65,10146.55,0.3,High,Financials,Indian Energy Exchange Ltd.,Small Cap,10.0,1650.0,,,1500.0,-9.09,1629.15,-1.26,107.0,-93.52,2.56,,,2.61,305.62,,41.61,,,47.84,41.61,18.2,6065009,3032503.0,0.0,0.0,2122754,1819501.0,9.0,37.45,44.06,37.45,44.06,50.0,0.0,0.0,35.0,30.0
2017-10-06,2017-10-18,10209.4,10234.45,-0.24,High,Financials,MAS Financial Services Ltd.,Small Cap,10.0,459.0,,,660.0,43.79,654.4,42.57,282.7,-38.41,148.33,,,15.97,383.6,74.94,26.62,5.07,2.97,19.74,26.62,6.95,10039277,4935096.0,0.0,0.0,3454569,2961057.0,32.0,13.6,33.75,12.33,37.21,49.16,0.0,0.0,34.41,29.49
2017-10-04,2017-10-16,10207.4,10167.45,0.39,High,Materials,Godrej Agrovet Ltd.,Mid Cap,10.0,460.0,,,615.6,33.83,595.65,29.49,623.55,35.55,150.96,,,7.16,958.41,,25.83,,0.53,5.64,25.83,9.44,25158964,12362090.0,0.0,0.0,8653464,7417254.0,32.0,11.16,41.22,10.79,42.63,49.14,0.0,0.0,34.4,29.48
2017-09-22,2017-10-05,9927.0,9914.9,0.12,Neutral,Consumer Discretionary,Prataap Snacks Ltd.,Small Cap,5.0,938.0,,,1270.0,35.39,1180.65,25.87,1108.5,18.18,,,,,241.82,4.68,4.52,,0.16,1.15,4.52,8.27,5137966,2547982.0,0.0,0.0,1783589,1528789.0,15.0,4.9,191.38,4.46,210.52,49.59,0.0,0.0,34.71,29.75
2017-09-20,2017-10-03,9893.3,9788.6,1.07,Neutral,Financials,SBI Life Insurance Co.Ltd.,Large Cap,10.0,700.0,,,735.0,5.0,707.55,1.08,1696.4,142.34,12.56,,,0.81,5878.8,,18.56,,,,18.56,12.61,120000000,53000000.0,0.0,0.0,37100000,31800000.0,21.0,9.55,73.33,9.55,73.33,44.17,0.0,0.0,30.92,26.5
2017-09-15,2017-09-27,9920.6,9871.5,0.5,Neutral,Financials,ICICI Lombard General Insurance Co.Ltd.,Mid Cap,10.0,661.0,,,651.1,-1.5,681.2,3.06,1590.0,140.54,8.17,,,1.23,3919.43,,18.44,,0.13,,18.44,8.06,86247187,40967413.0,0.0,0.0,28677190,24580447.0,22.0,14.14,46.75,14.14,46.75,47.5,0.0,0.0,33.25,28.5
2017-09-13,2017-09-25,9960.1,9964.4,-0.04,Neutral,Industrials,Capacit'e Infraprojects Ltd.,Small Cap,10.0,250.0,,,399.0,59.6,342.55,37.02,182.89,-26.84,131.32,,,17.57,299.14,,29.52,,0.4,6.08,29.52,4.34,16000000,8000000.0,0.0,0.0,5600000,4800000.0,60.0,13.36,18.72,10.21,24.49,50.0,0.0,0.0,35.0,30.0
2017-09-11,2017-09-21,10139.6,10141.15,-0.02,High,Consumer Discretionary,Matrimony.com Ltd.,Small Cap,5.0,985.0,,,985.0,0.0,904.65,-8.16,523.8,-46.82,1.88,,,18.16,7.52,14.1,,,,8.42,,,5101808,3822130.0,0.0,0.0,509617,2293277.0,15.0,10.6,92.95,9.97,98.78,74.92,0.0,0.0,9.99,44.95
2017-09-06,2017-09-18,10133.1,10085.4,0.47,High,Industrials,Bharat Road Network Ltd.,Small Cap,10.0,205.0,,,205.0,0.0,208.45,1.68,15.84,-92.27,1.33,,,5.69,421.73,,-7.29,,0.36,-152.61,-7.29,2.66,29300000,21975000.0,0.0,0.0,2930000,0.0,73.0,-5.63,-36.43,-3.66,-55.97,75.0,0.0,0.0,10.0,0.0
2017-09-06,2017-09-18,10133.1,10085.4,0.47,High,Consumer Discretionary,Dixon Technologies (India) Ltd.,Small Cap,10.0,1766.0,,,2725.0,54.3,2891.55,63.73,13100.0,641.79,134.66,,,10.6,190.49,5.18,30.61,,0.23,2.82,30.61,10.18,3393425,1696712.0,0.0,0.0,1187699,1018027.0,8.0,42.31,41.74,41.04,43.03,50.0,0.0,0.0,35.0,30.0
2017-08-22,2017-09-04,9984.15,9974.4,0.1,High,Consumer Discretionary,Apex Frozen Foods Ltd.,Small Cap,10.0,175.0,,,202.0,15.43,212.1,21.2,336.5,92.29,1.91,,,8.53,96.78,7.87,28.98,,1.09,3.51,28.98,4.34,8700000,4150000.0,0.0,0.0,2905000,2490000.0,80.0,10.39,16.85,7.98,21.94,47.7,0.0,0.0,33.39,28.62
2017-08-01,2017-08-11,9712.15,9820.25,-1.1,Low,Industrials,Cochin Shipyard Ltd.,Small Cap,10.0,432.0,,,440.15,1.89,528.15,22.26,1315.0,204.4,63.51,,,8.51,2031.02,,16.2,,0.06,14.14,16.2,2.41,33984000,16580000.0,0.0,0.0,11606000,0.0,30.0,27.56,15.68,22.97,18.81,48.79,0.0,0.0,34.15,0.0
2017-07-31,2017-08-10,9872.85,9908.05,-0.36,Low,Services,Security & Intelligence Services (India) Ltd.,Small Cap,10.0,815.0,,,879.8,7.95,757.05,-7.11,419.1,-48.58,5.64,,,19.51,171.34,13.79,17.74,,2.65,1.64,17.74,32.68,9565404,7174054.0,0.0,0.0,956540,4304432.0,18.0,3.86,210.93,3.63,224.57,75.0,0.0,0.0,10.0,45.0
2017-07-12,2017-07-25,10010.55,9966.4,0.44,High,Manufacturing,Salasar Techno Engineering Ltd.,Small Cap,10.0,108.0,,,250.0,131.48,262.5,143.06,4.08,-96.22,9999.0,,,58.92,91.01,,22.45,,0.59,4.92,22.45,1.18,3321000,0.0,0.0,0.0,1660500,0.0,125.0,18.45,5.85,13.83,7.81,0.0,0.0,0.0,50.0,0.0
2017-06-28,2017-07-10,9719.3,9665.8,0.55,High,Financials,AU Small Finance Bank Ltd.,Mid Cap,10.0,358.0,,,530.0,48.04,541.65,51.3,1010.3,182.21,78.77,,,3.52,1999.56,,56.18,21.12,2.97,58.91,56.18,5.09,53422169,26211083.0,0.0,0.0,18347760,15726649.0,41.0,29.65,12.08,29.65,12.08,49.06,0.0,0.0,34.34,29.44
2017-06-21,2017-07-04,9645.9,9615.0,0.32,High,Services,GTPL Hathway Ltd.,Small Cap,10.0,170.0,,,170.0,0.0,171.65,0.97,54.86,-67.73,1.48,,,0.99,371.75,24.47,3.76,,0.84,2.4,3.76,4.77,28517650,14258824.0,0.0,0.0,9981178,8555294.0,88.0,1.21,140.85,1.06,161.07,50.0,0.0,0.0,35.0,30.0
2017-06-19,2017-06-30,9457.7,9504.1,-0.49,Low,Financials,Central Depository Services (India) Ltd.,Small Cap,10.0,149.0,,,250.0,67.79,261.6,75.57,1264.0,748.32,148.71,,,23.83,462.29,,15.27,,,43.71,15.27,3.37,35167208,17233604.0,0.0,0.0,12063523,10340162.0,100.0,6.49,22.95,6.49,22.95,49.0,0.0,0.0,34.3,29.4
2017-06-16,2017-06-29,9561.0,9491.25,0.73,Neutral,Healthcare,Eris Lifesciences Ltd.,Small Cap,1.0,603.0,,,611.0,1.33,601.5,-0.25,1191.9,97.66,4.68,,,3.51,547.92,40.6,56.86,48.57,0.0,34.29,56.86,15.13,28875000,21543750.0,0.0,0.0,2872500,12926250.0,24.0,17.64,34.18,17.64,34.18,74.61,0.0,0.0,9.95,44.77
2017-06-14,2017-06-27,9594.05,9574.95,0.2,Neutral,Technology,Tejas Networks Ltd.,Small Cap,10.0,257.0,,,257.0,0.0,263.5,2.53,486.2,89.18,2.16,,,3.1,500.0,19.07,12.24,,0.46,6.15,12.24,3.7,30221332,22666000.0,,,3022133,13599600.0,55.0,7.39,34.79,5.94,43.25,75.0,,,10.0,45.0
2017-05-17,2017-05-29,9560.05,9595.1,-0.37,High,Industrials,PSP Projects Ltd.,Small Cap,10.0,210.0,,,190.0,-9.52,199.5,-5.0,767.0,265.24,8.38,,,6.47,87.58,8.41,44.12,,0.67,5.33,44.12,9.15,10080000,7560000.0,0.0,0.0,1008000,4536000.0,70.0,8.66,24.26,6.92,30.32,75.0,0.0,0.0,10.0,45.0
2017-05-08,2017-05-19,9469.9,9429.45,0.43,High,Financials,Housing & Urban Development Corp.Ltd.,Mid Cap,10.0,60.0,,,73.0,21.67,72.55,20.92,166.58,177.63,55.45,,,10.79,8908.26,,10.05,,2.7,24.2,10.05,1.43,204058747,100095000.0,0.0,0.0,70066500,0.0,200.0,4.05,14.82,4.05,14.82,49.05,0.0,0.0,34.34,0.0
2017-04-26,2017-05-09,9337.35,9314.05,0.25,High,Services,S.Chand & Co.Ltd.,Small Cap,5.0,670.0,,,700.0,4.48,676.0,0.9,148.08,-77.9,44.27,,,6.07,453.63,13.54,4.22,,0.17,5.84,4.22,4.13,10873982,5436990.0,0.0,0.0,3805894,3262194.0,22.0,5.52,121.33,4.75,141.05,50.0,0.0,0.0,35.0,30.0
2017-03-22,2017-04-05,9264.4,9237.85,0.29,High,Services,Shankara Building Products Ltd.,Small Cap,10.0,460.0,,,555.05,20.66,632.45,37.49,126.48,-72.5,51.62,,,15.35,239.98,2.88,4.93,,0.63,0.62,4.93,4.45,7500029,3750000.0,0.0,0.0,2625024,2250000.0,32.0,5.02,91.63,4.81,95.73,50.0,0.0,0.0,35.0,30.0
2017-03-20,2017-03-31,9158.9,9173.75,-0.16,High,Services,CL Educate Ltd.,Small Cap,10.0,502.0,,,402.0,-19.92,422.1,-15.92,57.01,-88.64,3.65,,,1.63,267.56,,1.97,,0.14,2.83,1.97,2.32,4760000,2380000.0,0.0,0.0,1666000,1428000.0,29.0,4.11,122.27,3.47,144.51,50.0,0.0,0.0,35.0,30.0
2017-03-08,2017-03-21,9133.95,9126.85,0.08,High,Services,Avenue Supermarts Ltd.,Mid Cap,10.0,299.0,,,600.0,100.67,641.6,114.58,3801.4,1171.37,,,,,1897.84,,23.56,,0.68,3.7,23.56,11.11,62541806,31270902.0,,,21889633,18762541.0,50.0,5.67,52.71,5.1,58.58,50.0,,,35.0,30.0
2017-03-06,2017-03-17,9207.8,9153.7,0.59,High,Services,Music Broadcast Ltd.,Small Cap,10.0,333.0,,,413.0,24.02,372.9,11.98,5.99,-98.2,,,,,140.16,32.01,49.72,,2.32,17.31,49.72,13.59,14670530,7335264.0,,,5134686,4401158.0,45.0,9.44,35.28,7.45,44.69,50.0,,,35.0,30.0
2017-01-23,2017-02-03,8735.15,8734.25,0.01,High,Financials,BSE Ltd.,Small Cap,2.0,806.0,,,1085.0,34.62,1069.2,32.66,3092.0,283.62,48.64,,,6.48,2344.02,58.25,5.92,5.63,0.0,25.57,5.92,1.92,15427197,7713598.0,,,5399519,4628158.0,18.0,24.57,32.8,24.57,32.8,50.0,,,35.0,30.0
2016-12-06,2016-12-19,8126.0,8139.45,-0.17,Neutral,Healthcare,Laurus Labs Ltd.,Small Cap,10.0,428.0,,,489.9,14.46,480.4,12.24,1980.0,362.62,10.54,,,1.58,951.38,21.78,18.01,,1.07,8.03,18.01,4.87,31116785,15397309.0,0.0,0.0,10778118,9238385.0,35.0,14.54,29.44,13.58,31.53,49.48,0.0,0.0,34.64,29.69
2016-11-29,2016-12-09,8271.7,8246.85,0.3,Neutral,Manufacturing,Sheela Foam Ltd.,Small Cap,5.0,730.0,,,860.0,17.81,1032.0,41.37,634.1,-13.14,14.51,,,0.44,368.32,,33.99,,0.14,7.01,33.99,11.47,6986301,3493149.0,0.0,0.0,2445206,2095889.0,20.0,18.49,39.47,18.49,39.47,50.0,0.0,0.0,35.0,30.0
2016-10-26,2016-11-08,8540.0,8497.05,0.51,Neutral,Consumer Discretionary,Varun Beverages Ltd.,Small Cap,10.0,445.0,,,430.0,-3.37,459.5,3.26,432.0,-2.92,4.94,,,0.82,1533.06,28.72,16.22,,1.15,10.72,16.22,4.85,25000000,12250000.0,0.0,0.0,8575000,7350000.0,33.0,13.64,32.64,12.51,35.57,49.0,0.0,0.0,34.3,29.4
2016-10-25,2016-11-07,8535.75,8433.75,1.21,Low,Financials,PNB Housing Finance Ltd.,Mid Cap,10.0,775.0,,,860.0,10.97,891.15,14.99,1120.0,44.52,37.33,,,1.32,2240.48,,17.6,,12.2,12.13,17.6,4.59,38733870,19241934.0,0.0,0.0,13469355,11537902.0,19.0,25.81,30.03,19.78,39.19,49.68,0.0,0.0,34.77,29.79
2016-10-05,2016-10-19,8697.5,8677.9,0.23,Neutral,Auto & Auto Ancillaries,Endurance Technologies Ltd.,Small Cap,10.0,472.0,,,572.0,21.19,646.9,37.06,2656.5,462.82,53.43,,,2.69,1396.34,19.23,16.45,5.45,0.11,5.56,16.45,4.95,24613024,12306511.0,0.0,0.0,8614559,7383906.0,30.0,14.62,32.29,14.62,32.29,50.0,0.0,0.0,35.0,30.0
2016-09-22,2016-10-04,8770.0,8738.1,0.37,Neutral,Manufacturing,HPL Electric & Power Ltd.,Small Cap,10.0,202.0,,,190.0,-5.94,189.3,-6.29,269.05,33.19,5.77,,,3.31,355.28,13.03,10.99,,1.54,3.31,10.99,2.64,17871287,8935642.0,0.0,0.0,6254951,5361385.0,70.0,7.98,25.32,5.76,35.07,50.0,0.0,0.0,35.0,30.0
2016-09-19,2016-09-29,8792.7,8745.15,0.54,Neutral,Financials,ICICI Prudential Life Insurance Co.Ltd.,Mid Cap,10.0,334.0,,,330.0,-1.2,297.55,-10.91,443.8,32.87,11.83,,,1.42,5742.52,,31.22,,,8.17,31.22,9.01,181341058,81603476.0,0.0,0.0,57122434,48962085.0,44.0,11.51,29.01,11.51,29.01,45.0,0.0,0.0,31.5,27.0
2016-09-14,2016-09-26,8807.9,8831.55,-0.27,Neutral,Auto & Auto Ancillaries,GNA Axles Ltd.,Small Cap,10.0,207.0,,,252.0,21.74,245.05,18.38,598.35,189.06,17.18,,,11.84,136.14,,20.87,,0.79,5.1,20.87,2.31,6300000,3050000.0,,,2135000,1830000.0,70.0,17.12,12.09,12.09,17.12,48.41,,,33.89,29.05
2016-09-12,2016-09-23,8880.75,8867.45,0.15,High,Technology,L&T Technology Services Ltd.,Mid Cap,2.0,860.0,,,920.0,6.98,869.0,1.05,3228.6,275.42,5.01,,,1.74,1161.85,,39.97,,0.11,14.62,39.97,7.83,10400000,5200000.0,0.0,0.0,3640000,3120000.0,16.0,42.7,20.14,42.7,20.14,50.0,0.0,0.0,35.0,30.0
2016-08-19,2016-08-31,8754.05,8744.35,0.11,High,Financials,RBL Bank Ltd.,Small Cap,10.0,225.0,,,274.2,21.87,299.4,33.07,403.35,79.27,85.08,,,5.7,2988.24,,11.21,,3.53,9.04,11.21,2.51,53909628,26954813.0,0.0,0.0,18868370,16172887.0,65.0,8.79,25.6,7.91,28.45,50.0,0.0,0.0,35.0,30.0
2016-08-02,2016-08-12,8605.45,8592.15,0.15,Neutral,Services,S.P.Apparels Ltd.,Small Cap,10.0,268.0,,,275.0,2.61,288.75,7.74,964.6,259.93,2.21,,,1.9,128.45,,34.34,,1.77,6.9,34.34,3.58,8922375,4461160.0,0.0,0.0,3122845,2676685.0,55.0,21.79,12.3,14.84,18.05,50.0,0.0,0.0,35.0,30.0
2016-08-01,2016-08-11,8572.8,8575.3,-0.03,Neutral,Industrials,Dilip Buildcon Ltd.,Small Cap,10.0,219.0,,,240.0,9.59,251.75,14.95,406.2,85.48,9.76,,,2.35,1092.51,,22.38,,2.02,5.36,22.38,2.35,29861976,14930987.0,0.0,0.0,10451692,8958592.0,65.0,18.77,11.67,16.08,13.62,50.0,0.0,0.0,35.0,30.0
2016-07-20,2016-08-01,8654.3,8638.5,0.18,High,Healthcare,Advanced Enzyme Technologies Ltd.,Small Cap,10.0,896.0,,,1210.0,35.04,1178.1,31.48,281.6,-68.57,94.03,,,11.67,278.73,46.91,28.14,37.56,0.25,26.92,28.14,7.0,4594875,2285091.0,,,1599565,1371053.0,16.0,36.45,24.58,35.53,25.22,49.73,,,34.81,29.84
2016-07-11,2016-07-21,8582.7,8565.85,0.2,High,Technology,Larsen & Toubro Infotech Ltd.,Mid Cap,1.0,710.0,,,667.0,-6.06,697.6,-1.75,4018.2,465.94,19.91,,,7.39,1863.27,,49.52,,0.02,15.88,49.52,6.47,17500000,8750000.0,0.0,0.0,6125000,5250000.0,20.0,55.23,12.85,55.23,12.85,50.0,0.0,0.0,35.0,30.0
2016-06-29,2016-07-12,8502.6,8467.9,0.41,High,Services,Quess Corp Ltd.,Small Cap,10.0,317.0,,,500.0,57.73,503.1,58.71,334.95,5.66,59.02,,,31.23,347.64,5.86,24.28,24.27,0.76,2.88,24.28,10.33,12618297,9463724.0,0.0,0.0,1261829,5678234.0,45.0,7.45,42.57,6.7,47.31,75.0,0.0,0.0,10.0,45.0
2016-06-21,2016-07-01,8313.05,8287.75,0.31,High,Energy,Mahanagar Gas Ltd.,Small Cap,10.0,421.0,,,540.0,28.27,520.3,23.59,1058.0,151.31,72.84,,,6.82,1527.98,26.73,20.2,30.78,0.0,14.55,20.2,2.72,24694500,12247250.0,0.0,0.0,8573075,7348350.0,35.0,31.25,13.47,31.25,13.47,49.6,0.0,0.0,34.72,29.76
2016-05-04,2016-05-19,7875.5,7870.15,0.07,Neutral,Consumer Discretionary,Parag Milk Foods Ltd.,Small Cap,10.0,215.0,,,217.5,1.16,247.0,14.88,271.65,26.35,1.15,,,2.12,289.72,,22.67,,3.21,2.13,22.67,11.31,34271577,25478687.0,0.0,0.0,3397155,15103935.0,65.0,4.31,49.92,3.61,59.63,74.34,0.0,0.0,9.91,44.07
2016-04-28,2016-05-10,7873.55,7866.05,0.1,High,Financials,Ujjivan Financial Services Ltd.,Small Cap,10.0,210.0,,,231.9,10.43,231.55,10.26,,,33.84,,,4.02,859.0,,10.29,,1.75,12.39,10.29,2.89,42023609,21011803.0,0.0,0.0,14708264,12607081.0,70.0,7.49,28.04,6.41,32.76,50.0,0.0,0.0,35.0,30.0
2016-04-27,2016-05-09,7755.25,7733.45,0.28,Neutral,Healthcare,Thyrocare Technologies Ltd.,Small Cap,10.0,446.0,,,665.0,49.1,618.8,38.74,534.15,19.76,73.18,,,8.73,375.7,,17.37,,,25.9,17.37,8.59,10744708,5372353.0,0.0,0.0,3760648,3223411.0,33.0,9.02,49.45,9.02,49.45,50.0,0.0,0.0,35.0,30.0
2016-04-05,2016-04-21,7953.65,7914.75,0.49,High,Financials,Equitas Holdings Ltd.,Small Cap,10.0,110.0,,,145.1,31.91,135.2,22.91,,,14.93,,,1.4,954.99,,0.21,,,18.95,0.21,3.61,197880429,98815213.0,,,69170651,59289127.0,135.0,0.05,2039.07,0.04,2465.11,49.94,,,34.96,29.96
2016-03-21,2016-04-04,7733.15,7713.05,0.26,High,Technology,Infibeam Incorporation Ltd.,Small Cap,10.0,432.0,,,453.0,4.86,445.75,3.18,15.12,-96.5,0.86,,,1.31,278.33,,-4.09,,0.01,-28.59,-4.09,6.79,10416666,7812501.0,0.0,0.0,1041666,0.0,34.0,-1.97,-219.21,-1.58,-272.72,75.0,0.0,0.0,10.0,0.0
2016-03-18,2016-04-01,7718.05,7738.4,-0.26,High,Industrials,Bharat Wire Ropes Ltd.,Small Cap,10.0,45.0,,,47.25,5.0,45.55,1.22,164.36,265.24,1.01,,,2.08,70.85,12.04,2.85,,0.32,2.58,2.85,1.88,15555555,11083335.0,0.0,0.0,1477777,0.0,300.0,0.67,66.81,0.44,102.16,71.25,0.0,0.0,9.5,0.0
2016-03-16,2016-03-30,7651.1,7597.0,0.71,High,Healthcare,Healthcare Global Enterprises Ltd.,Small Cap,10.0,218.0,,,210.2,-3.58,171.0,-21.56,666.05,205.53,2.36,,,0.83,284.29,19.1,-0.89,,1.02,-0.56,-0.89,5.9,29800000,22350000.0,0.0,0.0,2980000,13410000.0,65.0,-0.32,-675.86,-0.28,-782.56,75.0,0.0,0.0,10.0,45.0
2016-02-08,2016-02-18,7177.4,7108.45,0.97,Neutral,Technology,Quick Heal Technologies Ltd.,Small Cap,10.0,321.0,,,305.0,-4.98,253.85,-20.92,144.49,-54.99,4.34,,,3.82,361.41,,16.84,,,19.26,16.84,5.96,14057719,6950977.0,0.0,0.0,4865685,4170586.0,45.0,9.05,35.49,8.04,39.93,49.45,0.0,0.0,34.61,29.67
2016-02-02,2016-02-12,7023.65,6976.35,0.68,Low,Services,TeamLease Services Ltd.,Small Cap,10.0,850.0,,,860.0,1.18,1032.0,21.41,1148.6,35.13,26.97,,,10.61,159.5,,24.12,,0.0,1.6,24.12,8.77,4984438,3730843.0,0.0,0.0,497430,2238498.0,15.0,21.03,40.41,18.86,45.06,74.85,0.0,0.0,9.98,44.91
2016-01-27,2016-02-08,7489.7,7489.1,0.01,Neutral,Auto & Auto Ancillaries,Precision Camshafts Ltd.,Small Cap,10.0,186.0,,,165.0,-11.29,177.45,-4.6,116.78,-37.22,2.62,,,2.01,270.74,,26.68,,0.66,12.11,26.68,6.39,22053225,11026612.0,0.0,0.0,7718629,6615967.0,80.0,7.77,23.94,6.71,27.72,50.0,0.0,0.0,35.0,30.0
2015-12-17,2016-01-06,7788.05,7784.65,0.04,Neutral,Healthcare,Narayana Hrudayalaya Ltd.,Small Cap,10.0,250.0,,,291.0,16.4,336.95,34.78,1791.4,616.56,24.43,,,1.89,825.19,10.04,-1.42,,0.32,2.19,-1.42,6.46,24523297,12261648.0,0.0,0.0,8583154,7356988.0,60.0,1.42,176.66,1.42,176.66,50.0,0.0,0.0,35.0,30.0
2015-12-08,2015-12-23,7830.45,7786.1,0.57,High,Healthcare,Dr.Lal PathLabs Ltd.,Small Cap,10.0,550.0,,,720.0,30.91,825.0,50.0,1987.0,261.27,63.56,,,4.24,383.86,24.12,27.85,,,13.74,27.85,14.24,11600000,5800000.0,0.0,0.0,4060000,3480000.0,20.0,10.64,51.67,10.64,51.67,50.0,0.0,0.0,35.0,30.0
2015-12-08,2015-12-23,7830.45,7786.1,0.57,High,Healthcare,Alkem Laboratories Ltd.,Mid Cap,2.0,1050.0,,,1380.0,31.43,1381.7,31.59,5163.5,391.76,57.19,,,3.17,3468.7,17.91,15.4,10.26,0.35,13.04,15.4,4.05,12853442,6277264.0,,,4394086,3766358.0,14.0,36.7,28.61,36.7,28.61,48.84,,,34.19,29.3
2015-10-28,2015-11-16,7732.95,7762.25,-0.38,Low,Materials,S H Kelkar & Co.Ltd.,Small Cap,10.0,180.0,,,223.7,24.28,209.85,16.58,141.02,-21.66,25.55,,,1.98,325.83,19.1,17.7,,0.4,10.88,17.7,7.72,28231827,14115913.0,0.0,0.0,9881140,8469547.0,80.0,4.13,43.54,3.8,47.36,50.0,0.0,0.0,35.0,30.0
2015-10-27,2015-11-10,7877.6,7915.2,-0.48,Low,Services,InterGlobe Aviation Ltd.,Mid Cap,10.0,765.0,,,855.8,11.87,877.25,14.67,4984.0,551.5,17.8,,,0.92,-139.39,26.78,305.58,48.6,8.42,9.05,305.58,61.69,39546814,18673407.0,0.0,0.0,13071385,11204044.0,15.0,37.69,20.3,35.95,21.28,47.22,0.0,0.0,33.05,28.33
2015-10-14,2015-11-02,8054.55,8065.8,-0.14,Neutral,Services,Coffee Day Enterprises Ltd.,Small Cap,10.0,328.0,,,317.0,-3.35,271.0,-17.38,30.14,-90.81,4.39,,,0.9,303.75,,-32.62,,3.18,-414.77,-32.62,14.35,35060975,17301829.0,,,12111281,10381097.0,45.0,-7.46,-43.99,-6.19,-53.01,49.35,,,34.54,29.61
2015-08-31,2015-09-16,7886.85,7829.1,0.74,Neutral,Industrials,Sadbhav Infrastructure Project Ltd.,Small Cap,10.0,103.0,,,111.0,7.77,106.2,3.11,2.6,-97.48,3.04,,,1.69,843.59,,-7.32,,1.45,-56.98,-7.32,3.8,47733659,33979857.0,,,4530647,20387914.0,145.0,-1.97,-52.39,-1.74,-59.34,71.19,,,9.49,42.71
2015-08-28,2015-09-21,7911.5,7981.9,-0.88,Neutral,Consumer Discretionary,Prabhat Dairy Ltd.,Small Cap,10.0,115.0,,,113.0,-1.74,115.95,0.83,,,0.88,,,0.34,235.31,11.72,1.66,,0.59,0.44,1.66,3.49,31739442,15869720.0,0.0,0.0,11108805,0.0,102.0,0.54,211.16,0.4,288.76,50.0,0.0,0.0,35.0,0.0
2015-08-25,2015-09-10,7729.05,7818.6,-1.15,Low,Services,Pennar Engineered Building Systems Ltd.,Small Cap,10.0,178.0,,,177.95,-0.03,169.5,-4.78,,,2.2,,,0.41,128.5,10.81,18.7,,0.32,4.86,18.7,4.3,8774567,4387282.0,0.0,0.0,3071099,2632369.0,80.0,7.09,25.12,6.41,27.76,50.0,0.0,0.0,35.0,30.0
2015-08-25,2015-09-10,7729.05,7818.6,-1.15,Low,Materials,Shree Pushkar Chemicals & Fertilisers Ltd.,Small Cap,10.0,65.0,,,60.05,-7.62,63.05,-3.0,492.75,658.08,0.97,,,1.54,88.16,,24.58,,0.28,6.99,24.58,1.58,10769200,5384600.0,0.0,0.0,3769220,0.0,200.0,8.68,7.49,6.17,10.53,50.0,0.0,0.0,35.0,0.0
2015-08-24,2015-09-09,7805.85,7688.25,1.53,Low,Services,Navkar Corp.Ltd.,Small Cap,10.0,155.0,,,152.0,-1.94,166.85,7.65,84.88,-45.24,6.47,,,1.62,504.81,36.67,15.89,,0.82,22.4,15.89,3.37,38709676,19354838.0,,,13548387,11612902.0,95.0,6.78,22.87,5.21,29.73,50.0,,,35.0,30.0
2015-08-07,2015-08-26,7865.25,7880.7,-0.2,Low,Industrials,Power Mech Projects Ltd.,Small Cap,10.0,640.0,,,640.0,0.0,580.0,-9.38,2490.5,289.14,27.53,,,3.42,353.94,,22.14,,0.63,5.19,22.14,2.28,4269000,2134500.0,0.0,0.0,1494150,1280700.0,20.0,56.19,11.39,48.06,13.32,50.0,0.0,0.0,35.0,30.0
2015-07-27,2015-08-11,8548.45,8525.6,0.27,High,Healthcare,Syngene International Ltd.,Small Cap,10.0,250.0,,,295.0,18.0,310.55,24.22,365.3,46.12,51.47,,,4.78,844.9,33.59,23.27,21.14,0.18,20.08,23.27,5.92,22000000,10000000.0,0.0,0.0,7000000,6000000.0,60.0,8.75,28.57,8.75,28.57,45.45,0.0,0.0,31.82,27.27
2015-06-24,2015-07-09,8364.85,8363.05,0.02,High,Consumer Discretionary,Manpasand Beverages Ltd.,Small Cap,10.0,320.0,,,300.0,-6.25,327.75,2.42,,,1.98,,,1.16,179.74,15.54,21.73,,0.69,6.96,21.73,12.75,12500000,9375000.0,0.0,0.0,1250000,5625000.0,45.0,5.46,58.62,4.1,78.13,75.0,0.0,0.0,10.0,45.0
2015-05-08,2015-05-26,8377.1,8370.25,0.08,High,Industrials,PNC Infratech Ltd.,Small Cap,10.0,378.0,,,387.0,2.38,360.5,-4.63,133.18,-64.77,4.51,,,0.28,693.22,,8.51,,0.39,5.79,8.51,2.39,12921708,6435853.0,0.0,0.0,4505098,3861511.0,35.0,16.82,22.48,13.05,28.97,49.81,0.0,0.0,34.86,29.88
2015-04-28,2015-05-14,8232.45,8235.45,-0.04,Low,Services,UFO Moviez India Ltd.,Small Cap,10.0,625.0,,,600.0,-4.0,597.3,-4.43,58.12,-90.7,4.49,,,1.02,388.01,,10.94,,0.2,12.94,10.94,4.4,9600000,4800000.0,0.0,0.0,3360000,2880000.0,24.0,13.49,46.33,13.49,46.33,50.0,0.0,0.0,35.0,30.0
2015-04-21,2015-05-06,8316.6,8324.8,-0.1,Low,Services,MEP Infrastructure Developers Ltd.,Small Cap,10.0,63.0,,,65.0,3.17,58.4,-7.3,0.67,-98.94,1.02,,,0.97,246.3,7.26,-79.77,,0.62,0.86,-79.77,3.23,51074941,38306206.0,,,5107494,11139346.0,225.0,0.39,162.97,0.27,237.63,75.0,,,10.0,21.81
2015-04-15,2015-04-30,8224.5,8239.75,-0.19,Low,Services,VRL Logistics Ltd.,Small Cap,10.0,205.0,,,288.0,40.49,294.1,43.46,287.15,40.07,58.22,,,7.92,336.81,14.4,18.65,,1.18,3.8,18.65,5.72,22823333,11411658.0,0.0,0.0,7988175,6846994.0,65.0,6.68,30.67,6.27,32.71,50.0,0.0,0.0,35.0,30.0
2015-03-18,2015-04-09,8756.2,8714.4,0.48,High,Industrials,Inox Wind Ltd.,Small Cap,10.0,325.0,,,400.0,23.08,438.4,34.89,69.51,-78.61,35.68,,,2.15,625.86,,31.32,18.16,1.24,10.17,31.32,15.13,31918226,15709112.0,,,10996380,9425467.0,45.0,7.21,45.1,6.49,50.05,49.22,,,34.45,29.53
2015-03-10,2015-04-06,8615.8,8586.25,0.34,Neutral,Services,Adlabs Entertainment Ltd.,Small Cap,10.0,180.0,,,162.2,-9.89,191.5,6.39,51.08,-71.62,1.17,,,1.3,260.03,,-16.74,,3.64,-49.08,-16.74,3.53,20326227,15244671.0,0.0,0.0,2032622,9146802.0,65.0,-8.52,-21.12,-6.57,-27.4,75.0,0.0,0.0,10.0,45.0
2015-03-03,2015-03-19,8749.45,8685.9,0.73,Low,Services,Ortel Communications Ltd.,Small Cap,10.0,181.0,,,160.05,-11.57,162.25,-10.36,1.67,-99.08,1.0,,,0.39,20.25,,-243.7,,6.87,-8.93,-243.7,22.41,12000000,9000000.0,,,1200000,2557425.0,75.0,-4.95,-36.57,-3.97,-45.57,75.0,,,10.0,21.31
2014-12-03,2014-12-19,8230.45,8159.3,0.87,Neutral,Services,Monte Carlo Fashions Ltd.,Small Cap,10.0,645.0,,,584.0,-9.46,567.3,-12.05,527.45,-18.22,13.96,,,6.96,388.22,,14.55,,0.24,10.66,14.55,3.69,5433016,2716507.0,,,1901556,1629904.0,23.0,25.45,25.35,25.45,25.35,50.0,,,35.0,30.0
2014-09-16,2014-10-01,7960.5,7964.8,-0.05,Neutral,Services,Shemaroo Entertainment Ltd.,Small Cap,10.0,170.0,,,180.0,5.88,171.0,0.59,117.12,-31.11,5.69,,,7.79,174.46,25.12,15.63,19.33,0.87,10.56,15.63,1.93,7333332,3529411.0,0.0,0.0,2745098,2117605.0,85.0,14.08,12.07,10.28,16.53,48.13,0.0,0.0,37.43,28.88
2014-09-05,2014-09-23,8144.4,8146.3,-0.02,High,Agriculture,Sharda Cropchem Ltd.,Small Cap,10.0,156.0,,,260.0,66.67,230.95,48.04,723.5,363.78,32.06,,,5.85,516.5,19.86,19.34,21.22,0.0,14.89,19.34,2.72,22555124,11277561.0,,,7894294,3383268.0,90.0,9.37,16.66,9.37,16.66,50.0,,,35.0,15.0
2014-08-26,2014-09-12,8087.05,8085.7,0.02,High,Services,Snowman Logistics Ltd.,Small Cap,10.0,47.0,,,76.0,61.7,79.8,69.79,34.64,-26.3,16.98,,,41.26,221.3,25.97,18.4,9.9,0.59,14.96,10.5,2.64,42000000,31500000.0,0.0,0.0,4200000,9450000.0,300.0,1.87,25.18,1.4,33.68,75.0,0.0,0.0,10.0,22.5
2014-04-21,2014-09-05,8099.9,8095.95,0.05,High,Services,Wonderla Holidays Ltd.,Small Cap,10.0,125.0,,,,,157.8,26.24,500.3,300.24,16.71,,,7.55,152.44,,31.7,40.4,0.15,24.06,27.57,4.32,14500000,7250000.0,0.0,0.0,5075000,2175000.0,100.0,7.97,15.68,5.93,21.09,50.0,0.0,0.0,35.0,15.0
2013-05-20,2013-06-05,5908.3,5919.45,-0.19,Low,Consumer Discretionary,Just Dial Ltd.,Small Cap,10.0,530.0,,,590.0,11.32,612.35,15.54,666.15,25.69,10.12,,,3.53,,,53.6,59.3,,,48.93,,17497458,13123095.0,,,1749745,3936925.0,25.0,,,,,75.0,,,10.0,22.5
2013-03-13,2013-04-01,5697.35,5682.55,0.26,Low,Financials,Repco Home Finance Ltd.,Small Cap,10.0,172.0,,,159.95,-7.01,161.8,-5.93,341.7,98.66,3.39,,,0.51,,,22.28,,,,22.28,,15720262,7770130.0,,,5439092,2331039.0,75.0,,,,,49.43,,,34.6,14.83
2013-02-01,2013-02-20,5966.3,5939.7,0.45,Neutral,Services,V-Mart Retail Ltd.,Small Cap,10.0,210.0,,,214.0,1.9,203.3,-3.19,753.7,258.9,1.52,,,0.79,,,20.2,,,,20.2,,4496000,2248000.0,,,1573600,674400.0,66.0,,,,,50.0,,,35.0,15.0
2012-12-11,2012-12-28,5887.15,5870.1,0.29,High,Technology,Bharti Infratel Ltd.,Mid Cap,10.0,220.0,,,200.0,-9.09,191.65,-12.89,373.2,69.64,2.84,,,0.19,,,5.3,7.8,,,5.2,,188900000,94450000.0,,,66115000,28335000.0,50.0,,,,,50.0,,,35.0,15.0
2012-12-10,2012-12-27,5930.2,5905.6,0.42,High,Consumer Discretionary,PC Jeweller Ltd.,Small Cap,10.0,135.0,,,137.0,1.48,149.2,10.52,13.2,-90.22,7.33,,,1.68,,13.0,0.41,,,7.61,0.41,,45133500,22387500.0,,,15671250,6716250.0,90.0,,,,,49.6,,,34.72,14.88
2012-12-07,2012-12-26,5864.95,5855.75,0.16,High,Financials,Credit Analysis & Research Ltd.,Small Cap,10.0,750.0,,,940.0,25.33,922.55,23.01,1616.7,115.56,45.8,,,6.18,,,30.7,,,,30.71,,7199700,3599850.0,,,2519895,1079954.0,20.0,,,,,50.0,,,35.0,15.0
2012-11-21,2012-12-06,5926.3,5900.5,0.44,High,Consumer Discretionary,Tara Jewels Ltd.,Small Cap,10.0,230.0,,,242.0,5.22,229.9,-0.04,,,1.49,,,2.05,,,19.25,,,,19.25,,7804347,3863152.0,,,2704207,1158945.0,50.0,,,,,49.5,,,34.65,14.85
2012-06-29,2012-07-18,5199.1,5192.85,0.12,Neutral,Industrials,VKS Projects Ltd.,Small Cap,10.0,55.0,,,56.35,2.45,55.0,0.0,,,1.15,,,1.13,,,33.6,33.5,1.13,,24.66,,10000000,5000000.0,,,3500000,,100.0,,,,,50.0,,,35.0,
2012-05-16,2012-05-30,4964.25,4990.1,-0.52,Neutral,Services,Speciality Restaurants Ltd.,Small Cap,10.0,150.0,,,152.0,1.33,159.6,6.4,154.1,2.73,4.68,,,0.55,,,19.7,24.8,,,17.0,,11739415,5869707.0,,,4108796,1760912.0,40.0,,,,,50.0,,,35.0,15.0
2012-04-24,2012-05-09,4967.9,4999.95,-0.64,Low,Consumer Discretionary,Tribhovandas Bhimji Zaveri Ltd.,Small Cap,10.0,120.0,,,115.05,-4.13,111.0,-7.5,635.05,429.21,1.29,,,0.68,,,44.2,28.5,,,44.2,,16666667,8333332.0,,,5833334,2499999.0,45.0,,,,,50.0,,,35.0,15.0
2012-03-27,2012-04-12,5246.75,5226.85,0.38,Low,Services,MT Educare Ltd.,Small Cap,10.0,80.0,,,86.05,7.56,90.35,12.94,1.72,-97.85,6.01,,,2.17,,,13.6,13.0,,,13.6,,12375000,6187500.0,,,4331250,1737914.0,80.0,,,,,50.0,,,35.0,14.04
2012-03-22,2012-04-12,5246.75,5226.85,0.38,Low,Industrials,National Buildings Construction Corp.Ltd.,Small Cap,10.0,106.0,,,101.0,-4.72,96.95,-8.54,78.5,-25.94,7.07,,,3.4,,,2147.0,,,,2147.0,,12000000,5940000.0,,,4158000,,60.0,,,,,49.5,,,34.65,
2012-03-09,2012-03-28,5231.7,5243.15,-0.22,Low,Consumer Discretionary,Olympic Cards Ltd.,Small Cap,10.0,30.0,,,29.95,-0.17,28.5,-5.0,2.9,-90.33,0.0,,,1.36,,,26.7,24.6,1.55,,19.81,,8251000,4125500.0,,,2887850,,200.0,,,,,50.0,,,35.0,
2012-02-22,2012-03-09,5294.1,5220.45,1.41,Low,Financials,Multi Commodity Exchange of India Ltd.,Small Cap,10.0,1032.0,,,1408.0,36.43,1296.7,25.65,3300.4,219.81,49.12,,,24.14,,,20.77,,,,20.77,,6427378,3088689.0,,,2162082,926606.0,6.0,,,,,48.06,,,33.64,14.42
2011-09-30,2011-11-02,5216.75,5257.95,-0.78,High,Financials,Indo Thai Securities Ltd.,Small Cap,10.0,74.0,,,76.0,2.7,23.15,-68.72,33.52,-54.7,0.0,,,3.35,,,33.71,,,,33.71,,4000000,2000000.0,,,1400000,,80.0,,,,,50.0,,,35.0,
2011-09-29,2011-10-19,5080.45,5037.5,0.85,High,Technology,Taksheel Solutions Ltd.,Small Cap,10.0,150.0,,,157.0,4.67,58.15,-61.23,,,0.24,,,6.18,,,30.26,,0.09,18.62,30.26,,5500000,2750000.0,,,1925000,,45.0,,,,,50.0,,,35.0,
2011-09-29,2011-10-19,5080.45,5037.5,0.85,High,Manufacturing,Flexituff International Ltd.,Small Cap,10.0,155.0,,,156.9,1.23,165.55,6.81,2.97,-98.08,0.51,,,1.6,,,20.7,,0.78,,20.7,,6750000,3375000.0,,,2362500,,40.0,,,,,50.0,,,35.0,
2011-09-28,2011-10-17,5156.2,5132.3,0.47,High,Financials,Onelife Capital Advisors Ltd.,Small Cap,10.0,110.0,,,110.0,0.0,145.95,32.68,40.08,-63.56,1.02,,,2.5,,,-4.2,,,,-4.2,,3350000,1675000.0,0.0,0.0,1172500,0.0,50.0,,,,,50.0,0.0,0.0,35.0,0.0
2011-09-28,2011-10-20,5086.55,5139.15,-1.02,High,Energy,M & B Switchgears Ltd.,Small Cap,10.0,186.0,,,190.0,2.15,318.4,71.18,184.92,-0.58,1.03,,,2.35,,,10.3,15.47,0.68,,10.3,,5000000,2500000.0,,,1750000,,30.0,,,,,50.0,,,35.0,
2011-09-27,2011-10-14,5057.35,5077.85,-0.4,High,Industrials,Tijaria Polypipes Ltd.,Small Cap,10.0,60.0,,,61.0,1.67,18.6,-69.0,6.6,-89.0,,,,,,,19.47,,,,19.47,,10000000,0.0,0.0,0.0,5000000,0.0,100.0,,,,,0.0,0.0,0.0,50.0,0.0
2011-09-21,2011-10-07,4883.65,4751.3,2.79,Neutral,Manufacturing,RDB Rasayans Ltd.,Small Cap,10.0,79.0,,,85.0,7.59,26.5,-66.46,161.6,104.56,0.0,,,3.96,,,10.6,14.0,0.7,,10.19,,4500000,2250000.0,,,1575000,,80.0,,,,,50.0,,,35.0,
2011-09-19,2011-10-04,4823.5,4849.5,-0.54,Low,Industrials,Prakash Constrowell Ltd.,Small Cap,10.0,138.0,,,147.2,6.67,230.0,66.67,0.52,-99.62,0.31,,,4.68,,,33.09,,,,33.09,,4347826,2173913.0,,,1521739,,50.0,,,,,50.0,,,35.0,
2011-09-07,2011-09-26,4878.6,4867.75,0.22,Neutral,Consumer Discretionary,PG Electroplast Ltd.,Small Cap,10.0,210.0,,,215.0,2.38,415.3,97.76,493.45,134.98,0.98,,,1.64,,,41.0,31.36,,,41.0,,5745000,2872500.0,,,2010750,,30.0,,,,,50.0,,,35.0,
2011-08-24,2011-09-08,5139.2,5124.65,0.28,High,Industrials,TD Power Systems Ltd.,Small Cap,10.0,256.0,,,260.0,1.56,275.25,7.52,786.05,207.05,6.52,,,0.38,,,30.25,,,,30.25,,8867187,4433592.0,,,3103516,1304550.0,25.0,,,,,50.0,,,35.0,14.71
2011-08-23,2011-09-16,5123.35,5075.7,0.94,High,Consumer Discretionary,SRS Ltd.,Small Cap,10.0,58.0,,,68.0,17.24,33.25,-42.67,,,0.75,,,0.32,,,11.9,13.6,0.87,,11.9,,35000000,17500000.0,,,12250000,,100.0,,,,,50.0,,,35.0,
2011-08-16,2011-09-05,4998.9,5040.0,-0.82,Neutral,Healthcare,Brooks Laboratories Ltd.,Small Cap,10.0,100.0,,,100.0,0.0,61.5,-38.5,55.8,-44.2,0.0,,,3.36,,,47.4,27.3,0.46,,47.4,,6300000,3150000.0,,,2205000,,60.0,,,,,50.0,,,35.0,
2011-08-10,2011-08-26,4839.25,4839.6,-0.01,Low,Services,Tree House Education & Accessories Ltd.,Small Cap,10.0,135.0,,,132.0,-2.22,117.6,-12.89,5.78,-95.72,1.02,,,2.76,,,5.7,,,,7.5,,8432189,4216095.0,,,2951266,1264828.0,40.0,,,,,50.0,,,35.0,15.0
2011-07-27,2011-08-12,5194.4,5138.3,1.09,Low,Financials,L&T Finance Holdings Ltd.,Mid Cap,10.0,52.0,,,53.85,3.56,50.05,-3.75,265.0,409.62,1.93,,,9.61,,,13.58,,5.51,9.69,13.58,,237705361,102314220.0,0.0,0.0,71619953,27330300.0,100.0,,,,,43.04,0.0,0.0,30.13,11.5
2011-07-20,2011-08-04,5412.4,5404.8,0.14,Low,Financials,Inventure Growth & Securities Ltd.,Small Cap,10.0,117.0,,,117.0,0.0,206.75,76.71,0.86,-99.26,0.25,,,8.66,,,7.72,,0.55,25.48,7.72,,7000000,3500000.0,,,2450000,,50.0,,,,,50.0,,,35.0,
2011-07-11,2011-07-28,5492.4,5546.8,-0.98,Low,Technology,Bharatiya Global Infomedia Ltd.,Small Cap,10.0,82.0,,,81.9,-0.12,29.9,-63.54,3.11,-96.21,0.0,,,5.06,,,14.24,,0.19,6.41,14.24,,6720000,3360000.0,,,2352000,,75.0,,,,,50.0,,,35.0,
2011-06-27,2011-07-13,5542.05,5526.15,0.29,Neutral,Industrials,Readymade Steel India Ltd.,Small Cap,10.0,108.0,,,115.0,6.48,66.45,-38.47,1.88,-98.26,0.03,,,4.18,,,5.14,,,,5.14,,3217153,1608576.0,,,1126004,,60.0,,,,,50.0,,,35.0,
2011-06-20,2011-07-07,5633.35,5625.45,0.14,High,Consumer Discretionary,Rushil Decor Ltd.,Small Cap,10.0,72.0,,,74.5,3.47,119.5,65.97,16.14,-77.58,0.23,,,6.57,,,18.06,,,,18.06,,5400000,2700000.0,,,1890000,,90.0,,,,,50.0,,,35.0,
2011-06-20,2011-07-07,5633.35,5625.45,0.14,High,Healthcare,Birla Pacific Medspa Ltd.,Small Cap,10.0,10.0,,,10.1,1.0,25.35,153.5,,,1.04,,,1.82,,,,,,,,,65175000,32587500.0,,,22811250,,500.0,,,,,50.0,,,35.0,
2011-05-30,2011-06-22,5304.65,5275.85,0.55,Low,Manufacturing,Timbor Home Ltd.,Small Cap,10.0,63.0,,,72.0,14.29,91.55,45.32,,,0.65,,,14.22,,,14.6,,,,14.6,,3690000,1845000.0,,,1291500,,100.0,,,,,50.0,,,35.0,
2011-05-30,2011-06-14,5485.6,5482.8,0.05,Neutral,Services,VMS Industries Ltd.,Small Cap,10.0,40.0,,,43.95,9.88,28.5,-28.75,17.31,-56.73,0.0,,,3.41,,,12.81,,,,12.81,,6437500,3218750.0,,,2253125,,160.0,,,,,50.0,,,35.0,
2011-05-09,2011-05-27,5413.7,5412.35,0.02,Low,Healthcare,Aanjaneya Lifecare Ltd.,Small Cap,10.0,234.0,,,218.0,-6.84,311.1,32.95,,,0.14,,,1.84,,,48.5,,0.91,,30.33,,5000000,2500000.0,,,1750000,,25.0,,,,,50.0,,,35.0,
2011-05-04,2011-05-23,5456.7,5486.35,-0.54,Low,Industrials,Sanghvi Forging & Engineering Ltd.,Small Cap,10.0,85.0,,,88.0,3.53,112.0,31.76,,,0.0,,,2.93,,21.55,20.95,,0.86,,20.95,,4341195,2170597.0,,,1519419,,70.0,,,,,50.0,,,35.0,
2011-04-29,2011-09-20,5042.55,5031.95,0.21,High,Materials,Vaswani Industries Ltd.,Small Cap,10.0,49.0,,,33.7,-31.22,18.4,-62.45,44.57,-9.04,0.16,,,6.83,,,9.29,13.74,1.67,3.93,9.29,,10000000,5000000.0,,,3500000,,120.0,,,,,50.0,,,35.0,
2011-04-27,2011-05-12,5537.8,5565.05,-0.49,Low,Materials,Servalakshmi Paper Ltd.,Small Cap,10.0,29.0,,,29.0,0.0,19.05,-34.31,,,0.34,,,1.9,,,-0.16,,,,-0.16,,20689656,10344828.0,,,7241380,,200.0,,,,,50.0,,,35.0,
2011-04-26,2011-05-13,5492.35,5486.15,0.11,Low,Industrials,Innoventive Industries Ltd.,Small Cap,10.0,117.0,,,111.95,-4.32,94.05,-19.62,,,0.85,,,1.48,,,48.72,,,,48.72,,18581650,9290825.0,,,6503578,,50.0,,,,,50.0,,,35.0,
2011-04-25,2011-05-10,5555.55,5551.1,0.08,Low,Services,Future Ventures India Ltd.,Small Cap,10.0,10.0,,,9.0,-10.0,8.2,-18.0,,,0.26,,,0.61,,,-1.78,,,,-1.78,,750000000,375000000.0,0.0,0.0,262500000,0.0,600.0,,,,,50.0,0.0,0.0,35.0,0.0
2011-04-20,2011-05-09,5575.2,5551.45,0.43,Low,Manufacturing,Paramount Printpackaging Ltd.,Small Cap,10.0,35.0,,,36.5,4.29,27.05,-22.71,,,0.33,,,9.31,,,10.32,,,,10.32,,13094175,6547088.0,,,4582961,,150.0,,,,,50.0,,,35.0,
2011-04-18,2011-05-06,5477.65,5459.85,0.33,Low,Financials,Muthoot Finance Ltd.,Small Cap,10.0,175.0,,,196.6,12.34,175.9,0.51,2737.1,1464.06,25.01,,,8.5,,,48.0,,,,39.12,,51500000,25750000.0,,,18025000,7725000.0,40.0,,,,,50.0,,,35.0,15.0
2011-03-22,2011-04-08,5886.75,5885.7,0.02,High,Technology,Shilpi Cable Technologies Ltd.,Small Cap,10.0,69.0,,,78.0,13.04,48.05,-30.36,,,1.04,,,5.74,,,24.61,,1.66,,24.61,,8098145,4049073.0,,,2834351,,79.0,,,,,50.0,,,35.0,
2011-03-16,2011-03-30,5755.8,5736.35,0.34,High,Financials,PTC India Financial Services Ltd.,Small Cap,10.0,28.0,,,26.75,-4.46,24.9,-11.07,29.08,3.86,2.85,,,1.18,,,4.0,,,,4.0,,156700000,78350000.0,,,54845000,23505000.0,250.0,,,,,50.0,,,35.0,15.0
2011-03-08,2011-03-24,5501.8,5480.25,0.39,High,Services,Lovable Lingerie Ltd.,Small Cap,10.0,205.0,,,240.0,17.07,249.55,21.73,71.05,-65.34,21.87,,,20.84,,,43.33,,0.01,,43.33,,4550000,2275000.0,,,1592500,682500.0,30.0,,,,,50.0,,,35.0,15.0
2011-02-23,2011-03-11,5456.15,5494.4,-0.7,Neutral,Materials,Fineotex Chemical Ltd.,Small Cap,10.0,70.0,,,80.0,14.29,140.9,101.29,57.45,-17.93,0.0,,,4.38,,,23.93,,,,23.93,,4211160,2105580.0,,,1473906,,90.0,,,,,50.0,,,35.0,
2011-02-21,2011-03-11,5456.15,5494.4,-0.7,Neutral,Services,Sudar Garments Ltd.,Small Cap,10.0,77.0,,,80.05,3.96,113.1,46.88,,,0.17,,,2.27,,,31.8,22.1,1.5,,21.3,,9088000,4544000.0,,,3180800,,81.0,,,,,50.0,,,35.0,
2011-02-21,2011-03-10,5516.1,5531.0,-0.27,High,Technology,Acropetal Technologies Ltd.,Small Cap,10.0,90.0,,,92.0,2.22,98.45,9.39,,,1.12,,,1.21,,,22.99,,,,22.99,,18888889,9444444.0,,,6611112,,60.0,,,,,50.0,,,35.0,
2011-01-24,2011-02-10,5246.05,5253.55,-0.14,Low,Materials,Omkar Speciality Chemicals Ltd.,Small Cap,10.0,98.0,,,92.0,-6.12,46.45,-52.6,3.41,-96.52,0.82,,,9.9,,,24.68,28.2,,,24.68,,8100000,4050000.0,,,2835000,,60.0,,,,,50.0,,,35.0,
2011-01-10,2011-01-27,5725.3,5687.4,0.67,Low,Services,Midvalley Entertainment Ltd.,Small Cap,10.0,70.0,,,73.0,4.29,58.05,-17.07,,,0.35,,,9.01,,,0.07,,,,0.07,,8571429,4285714.0,,,3000000,,95.0,,,,,50.0,,,35.0,
2010-12-31,2011-01-20,5656.0,5691.05,-0.62,Low,Consumer Discretionary,C.Mahendra Exports Ltd.,Small Cap,10.0,110.0,,,114.0,3.64,110.75,0.68,,,1.02,,,4.82,,,1.54,,,,1.54,,15000000,7500000.0,,,5250000,,60.0,,,,,50.0,,,35.0,
2010-12-27,2011-01-12,5800.05,5754.1,0.8,Low,Manufacturing,Shekhawati Poly-Yarn Ltd.,Small Cap,10.0,30.0,,,50.0,66.67,47.5,58.33,31.68,5.6,,,,,,,17.39,,,,17.39,,12000000,,,,6000000,,200.0,,,,,,,,50.0,
2010-12-13,2010-12-30,6062.35,6060.35,0.03,High,Financials,Punjab & Sind Bank,Small Cap,10.0,120.0,,,144.0,20.0,127.15,5.96,21.33,-82.23,49.8,,,44.45,,,23.76,,,,23.76,,40000000,19000000.0,,,13300000,,50.0,,,,,47.5,,,33.25,
2010-12-08,2010-12-27,6013.3,6011.6,0.03,High,Consumer Discretionary,Ravikumar Distilleries Ltd.,Small Cap,10.0,64.0,,,72.0,12.5,80.05,25.08,18.17,-71.61,0.15,,,3.01,,,13.27,,,,13.27,,11500000,5750000.0,,,4025000,,100.0,,,,,50.0,,,35.0,
2010-12-08,2010-12-23,6005.9,5984.4,0.36,High,Services,A2Z Maintenance & Engineering Services Ltd.,Small Cap,10.0,400.0,,,500.0,25.0,328.55,-17.86,14.93,-96.27,0.68,,,0.33,,,23.84,,,8.03,23.84,,19407750,9653874.0,,,6757713,3137940.0,15.0,,,,,49.74,,,34.82,16.17
2010-11-26,2010-12-15,5931.15,5944.1,-0.22,Neutral,Materials,MOIL Ltd.,Small Cap,10.0,375.0,,,565.0,50.67,465.05,24.01,237.76,-36.6,49.16,,,32.86,,,27.77,,,,27.77,,33600000,16464000.0,,,11524800,,17.0,,,,,49.0,,,34.3,
2010-11-24,2010-12-20,5926.85,5948.75,-0.37,Neutral,Healthcare,Claris Lifesciences Ltd.,Small Cap,10.0,228.0,,,224.4,-1.58,205.85,-9.71,,,1.31,,,1.6,,,24.15,,,,24.15,,12632477,7579487.0,,,3789743,1843003.0,22.0,,,,,60.0,,,30.0,14.59
2010-11-18,2010-12-06,6033.65,5992.8,0.68,Neutral,Industrials,RPP Infra Projects Ltd.,Small Cap,10.0,75.0,,,75.0,0.0,68.9,-8.13,51.49,-31.35,0.16,,,5.6,,,33.66,,,,33.66,,6500000,3050000.0,,,2135000,,80.0,,,,,46.92,,,32.85,
2010-11-01,2010-11-16,6143.45,6121.6,0.36,Neutral,Materials,Gravita India Ltd.,Small Cap,10.0,125.0,,,201.1,60.88,209.7,67.76,1447.4,1057.92,6.04,,,37.34,,,49.71,,,,49.71,,3600000,1775000.0,,,1242500,,50.0,,,,,49.31,,,34.51,
2010-10-18,2010-11-04,6209.6,6160.5,0.8,High,Energy,Coal India Ltd.,Large Cap,10.0,245.0,,,291.0,18.78,342.55,39.82,425.0,73.47,24.7,,,2.31,,,38.04,,,,38.04,,631636440,284236398.0,,,198965479,,25.0,,,,,45.0,,,31.5,
2010-10-13,2010-10-27,6075.45,6082.0,-0.11,Low,Industrials,Gyscoal Alloys Ltd.,Small Cap,10.0,71.0,,,75.15,5.85,81.65,15.0,3.14,-95.58,1.54,,,8.0,,,14.65,,,,14.65,,7700000,3850000.0,,,2695000,,90.0,,,,,50.0,,,35.0,
2010-10-12,2010-10-27,6075.45,6082.0,-0.11,Low,Real Estate,Prestige Estates Projects Ltd.,Small Cap,10.0,183.0,,,190.0,3.83,193.15,5.55,1481.9,709.78,4.32,,,0.08,,,19.02,,,,19.02,,65573770,39245901.0,,,19622951,11773770.0,30.0,,,,,59.85,,,29.93,17.95
2010-10-06,2010-10-20,6002.95,6027.3,-0.4,Low,Real Estate,Oberoi Realty Ltd.,Mid Cap,10.0,260.0,,,271.1,4.27,282.9,8.81,1765.7,579.12,22.15,,,0.94,,,24.55,,,,24.55,,39562000,23737200.0,,,11868600,7121160.0,20.0,,,,,60.0,,,30.0,18.0
2010-10-06,2010-10-27,6075.45,6082.0,-0.11,Low,Technology,BS Transcomm Ltd.,Small Cap,10.0,248.0,,,257.0,3.63,381.25,53.73,,,0.52,,,1.04,,,29.0,,,,29.0,,7679410,3839705.0,,,2687794,,25.0,,,,,50.0,,,35.0,
2010-09-30,2010-10-18,6112.75,6062.65,0.83,Neutral,Industrials,Commercial Engineers & Body Builders Co.Ltd.,Small Cap,10.0,127.0,,,119.0,-6.3,112.9,-11.1,233.12,83.56,3.68,,,0.38,,,26.97,,,,26.97,,13575831,8145499.0,,,4072749,2443649.0,55.0,,,,,60.0,,,30.0,18.0
2010-09-28,2010-10-14,6234.3,6233.9,0.01,High,Industrials,Bedmutha Industries Ltd.,Small Cap,10.0,102.0,,,113.5,11.27,179.15,75.64,109.96,7.8,0.67,,,8.51,,,37.96,,,,37.96,,9000000,4500000.0,,,3150000,,65.0,,,,,50.0,,,35.0,
2010-09-27,2010-10-14,6234.3,6233.9,0.01,High,Services,Sea TV Network Ltd.,Small Cap,10.0,100.0,,,120.0,20.0,106.0,6.0,3.0,-97.0,1.66,,,7.45,,,15.33,,,,15.33,,5020000,2510000.0,,,1757000,,65.0,,,,,50.0,,,35.0,
2010-09-24,2010-10-14,6234.3,6233.9,0.01,High,Industrials,Ashoka Buildcon Ltd.,Small Cap,10.0,324.0,,,342.0,5.56,330.75,2.08,107.75,-66.74,25.52,,,3.46,,,21.3,10.9,,,17.38,,6944444,4145833.0,,,2072917,1243750.0,21.0,,,,,59.7,,,29.85,17.91
2010-09-23,2010-10-12,6135.95,6135.85,0.0,High,Manufacturing,Tecpro Systems Ltd.,Small Cap,10.0,355.0,,,380.0,7.04,405.7,14.28,,,27.99,,,9.07,,,32.04,,1.41,,32.04,,7550000,4410000.0,,,2205000,1323000.0,15.0,,,,,58.41,,,29.21,17.52
2010-09-22,2010-10-11,6105.95,6103.45,0.04,High,Industrials,Gallantt Ispat Ltd.,Small Cap,10.0,50.0,,,52.0,4.0,81.05,62.1,,,,,,,,,,,,,,,6700000,670000.0,,,3350000,,125.0,,,,,10.0,,,50.0,
2010-09-22,2010-10-13,6091.45,6090.9,0.01,High,Services,VA Tech Wabag Ltd.,Small Cap,5.0,1310.0,,,1500.0,14.5,1707.95,30.38,2061.4,57.36,36.13,,,8.55,,,18.4,33.7,,,18.4,,3607581,1803789.0,,,1262654,541136.0,5.0,,,,,50.0,,,35.0,15.0
2010-09-22,2010-10-12,6135.95,6135.85,0.0,High,Services,Cantabil Retail India Ltd.,Small Cap,10.0,135.0,,,114.7,-15.04,105.0,-22.22,231.22,71.27,1.71,,,2.63,,,49.66,,,,49.66,,7777778,3888889.0,,,2722222,,50.0,,,,,50.0,,,35.0,
2010-09-21,2010-10-08,6121.4,6120.3,0.02,High,Industrials,Ramky Infrastructure Ltd.,Small Cap,10.0,450.0,,,471.55,4.79,387.4,-13.91,279.1,-37.98,4.52,,,0.99,,,23.22,,,,23.22,,11777777,7066667.0,,,3533333,2038461.0,14.0,,,,,60.0,,,30.0,17.31
2010-09-21,2010-10-08,6121.4,6120.3,0.02,High,Energy,Orient Green Power Co.Ltd.,Small Cap,10.0,47.0,,,45.7,-2.77,44.7,-4.89,8.83,-81.21,2.09,,,0.18,,,-3.17,,,,-3.17,,191489361,95744681.0,,,67021276,24545375.0,125.0,,,,,50.0,,,35.0,12.82
2010-09-21,2010-10-08,6121.4,6120.3,0.02,High,Materials,Electrosteel Steels Ltd.,Small Cap,10.0,11.0,,,11.15,1.36,11.25,2.27,,,5.86,,,6.19,,,,,1.48,,,,259343616,155606170.0,,,77803084,,600.0,,,,,60.0,,,30.0,
2010-09-17,2010-10-06,6150.95,6145.8,0.08,High,Services,Eros International Media Ltd.,Small Cap,10.0,175.0,,,205.45,17.4,190.25,8.71,7.81,-95.54,25.79,,,11.95,,21.04,31.6,6.49,1.09,11.83,31.6,,20000000,12000000.0,,,6000000,3600000.0,40.0,,,,,60.0,,,30.0,18.0
2010-09-17,2010-10-05,6145.8,6159.45,-0.22,High,Healthcare,Microsec Financial Services Ltd.,Small Cap,10.0,118.0,,,130.0,10.17,111.35,-5.64,280.75,137.92,5.91,,,11.04,,,19.68,,,60.95,19.68,,12500000,6250000.0,,,4375000,,52.0,,,,,50.0,,,35.0,
2010-09-16,2010-10-06,6150.95,6145.8,0.08,High,Services,Career Point Infosystems Ltd.,Small Cap,10.0,310.0,,,461.1,48.74,628.15,102.63,141.59,-54.33,47.45,,,31.74,,,14.6,,,,14.6,,3712822,2188694.0,,,1094346,656040.0,20.0,,,,,58.95,,,29.47,17.67
2010-09-13,2010-09-29,6029.15,6029.5,-0.01,High,Industrials,Indosolar Ltd.,Small Cap,10.0,29.0,,,29.5,1.72,23.7,-18.28,209.95,623.97,1.44,,,1.81,,,-46.06,,,,-46.06,,123103448,61551724.0,,,43086207,,200.0,,,,,50.0,,,35.0,
2010-08-23,2010-09-09,5608.3,5607.85,0.01,High,Services,Gujarat Pipavav Port Ltd.,Small Cap,10.0,46.0,,,56.1,21.96,54.05,17.5,166.75,262.5,13.2,,,9.15,,,-33.4,-0.3,,,-33.4,,120403021,70937465.0,,,35468732,20482326.0,130.0,,,,,58.92,,,29.46,17.01
2010-08-05,2010-08-25,5505.3,5505.1,0.0,High,Industrials,Prakash Steelage Ltd.,Small Cap,10.0,110.0,,,122.0,10.91,185.35,68.5,3.59,-96.74,1.27,,,6.62,,,35.03,,,,35.03,,6250000,3075000.0,,,2152500,,60.0,,,,,49.2,,,34.44,
2010-08-02,2010-08-18,5416.25,5414.15,0.04,Neutral,Consumer Discretionary,Bajaj Corp Ltd.,Small Cap,5.0,660.0,,,760.0,15.15,758.75,14.96,495.55,-24.92,20.19,,,6.62,,,327.66,,,25.45,327.66,,4500000,2700000.0,,,1350000,810000.0,10.0,,,,,60.0,,,30.0,18.0
2010-07-28,2010-08-16,5418.3,5452.1,-0.62,Neutral,Financials,SKS Microfinance Ltd.,Small Cap,10.0,985.0,,,1040.0,5.58,1088.65,10.52,,,20.38,,,2.81,,,18.4,,2.84,20.01,18.4,,16791579,10074948.0,,,5037474,3022484.0,7.0,,,,,60.0,,,30.0,18.0
2010-07-19,2010-08-04,5441.35,5439.55,0.03,High,Manufacturing,Midfield Industries Ltd.,Small Cap,10.0,133.0,,,159.4,19.85,163.05,22.59,,,1.86,,,13.51,,,24.16,,1.26,9.07,24.16,,4500000,2250000.0,,,1575000,,50.0,,,,,50.0,,,35.0,
2010-07-05,2010-07-21,5368.85,5368.0,0.02,High,Services,Hindustan Media Ventures Ltd.,Small Cap,10.0,166.0,,,177.95,7.2,188.95,13.83,75.96,-54.24,8.98,,,1.0,,,19.12,,,,19.12,,16265060,9759036.0,,,4879518,2777120.0,40.0,,,,,60.0,,,30.0,17.07
2010-06-29,2010-07-16,5376.65,5378.75,-0.04,High,Industrials,Technofab Engineering Ltd.,Small Cap,10.0,240.0,,,276.0,15.0,296.95,23.73,,,4.28,,,10.03,,,38.2,,0.39,,38.2,,2990000,1470000.0,,,1029000,,25.0,,,,,49.16,,,34.41,
2010-06-24,2010-07-28,5436.1,5430.6,0.1,High,Materials,Aster Silicates Ltd.,Small Cap,10.0,118.0,,,128.05,8.52,205.55,74.19,,,0.01,,,7.41,,,14.18,16.36,0.72,,14.18,,4500000,2250000.0,,,1575000,,50.0,,,,,50.0,,,35.0,
2010-06-14,2010-07-01,5312.05,5312.5,-0.01,High,Healthcare,Parabolic Drugs Ltd.,Small Cap,10.0,75.0,,,75.0,0.0,64.85,-13.53,5.7,-92.4,1.48,,,0.4,,,19.96,6.21,,,19.96,,26666667,13083333.0,,,9158334,,80.0,,,,,49.06,,,34.34,
2010-04-29,2010-05-20,4924.3,4919.65,0.09,Low,Energy,SJVN Ltd.,Mid Cap,10.0,26.0,,,27.1,4.23,25.1,-3.46,59.32,128.15,9.03,,,3.12,,,12.5,,0.26,,12.5,,415000000,246990000.0,,,123495000,,250.0,,,,,59.52,,,29.76,
2010-04-29,2010-05-21,4946.7,4947.6,-0.02,Low,Industrials,Jaypee Infratech Ltd.,Mid Cap,10.0,102.0,,,98.0,-3.92,91.45,-10.34,,,1.77,,,0.61,,,21.42,,,,21.42,,224799496,121391729.0,0.0,0.0,60695864,,50.0,,,,,54.0,0.0,0.0,27.0,
2010-04-27,2010-05-19,5065.1,5066.2,-0.02,Neutral,Services,Mandhana Industries Ltd.,Small Cap,10.0,130.0,,,131.0,0.77,133.55,2.73,,,7.97,,,2.81,,,27.35,25.18,,,27.35,,8300000,4150000.0,,,2905000,1153850.0,50.0,,,,,50.0,,,35.0,13.9
2010-04-26,2010-05-18,5059.55,5059.9,-0.01,Low,Industrials,Tarapur Transformers Ltd.,Small Cap,10.0,75.0,,,75.0,0.0,57.4,-23.47,12.3,-83.6,0.03,,,2.74,,,10.99,,,,10.99,,8500000,4250000.0,,,2975000,,90.0,,,,,50.0,,,35.0,
2010-04-23,2010-05-13,5157.55,5156.65,0.02,Neutral,Services,Nitesh Estates Ltd.,Small Cap,10.0,54.0,,,54.0,0.0,51.4,-4.81,3.43,-93.65,2.54,,,0.16,,,5.3,,,,5.3,,75000000,37500000.0,,,26250000,10848200.0,100.0,,,,,50.0,,,35.0,14.46
2010-04-21,2010-05-10,5026.6,5018.05,0.17,Low,Services,Talwalkars Better value Fitness Ltd.,Small Cap,10.0,128.0,,,147.95,15.59,163.15,27.46,1.45,-98.87,35.43,,,8.43,,,33.3,,,,33.3,,6050000,3025000.0,,,2117500,,50.0,,,,,50.0,,,35.0,
2010-03-23,2010-04-12,5354.15,5361.75,-0.14,High,Consumer Discretionary,Intrasoft Technologies Ltd.,Small Cap,10.0,145.0,,,140.0,-3.45,159.35,9.9,95.86,-33.89,21.97,,,13.51,,,14.41,,,,14.41,,3700000,1850000.0,,,1295000,,40.0,,,,,50.0,,,35.0,
2010-03-23,2010-04-16,5273.4,5273.6,-0.0,Neutral,Consumer Discretionary,Goenka Diamond & Jewels Ltd.,Small Cap,10.0,135.0,,,124.0,-8.15,127.6,-5.48,0.82,-99.39,0.78,,,0.66,,,38.96,,,,38.96,,10000000,5000000.0,,,3500000,,40.0,,,,,50.0,,,35.0,
2010-03-19,2010-04-09,5302.4,5304.45,-0.04,High,Consumer Discretionary,Shree Ganesh Jewellery House Ltd.,Small Cap,10.0,260.0,,,250.0,-3.85,164.55,-36.71,,,1.38,,,1.39,,,33.31,,0.93,,33.31,,14269831,8561899.0,,,4280949,2499975.0,25.0,,,,,60.0,,,30.0,17.52
2010-03-17,2010-04-06,5369.65,5368.4,0.02,High,Technology,Persistent Systems Ltd.,Small Cap,10.0,310.0,,,361.6,16.65,406.35,31.08,5279.0,1602.9,144.43,,,21.69,,,18.5,42.8,,,18.55,,5419706,2926638.0,,,1463319,,20.0,,,,,54.0,,,27.0,
2010-03-11,2010-04-05,5291.4,5290.5,0.02,High,Manufacturing,Pradip Overseas Ltd.,Small Cap,10.0,110.0,,,115.0,4.55,107.05,-2.68,,,8.57,,,10.53,,,32.75,29.0,2.59,,32.75,,10600000,5050000.0,,,3535000,,60.0,,,,,47.64,,,33.35,
2010-03-11,2010-03-30,5302.95,5302.85,0.0,High,Industrials,IL&FS Transportation Networks Ltd.,Small Cap,10.0,258.0,,,266.6,3.33,274.65,6.45,1.92,-99.26,52.61,,,4.56,,,5.18,,,,5.18,,27131782,16279070.0,,,8139534,4883720.0,25.0,,,,,60.0,,,30.0,18.0
2010-03-08,2010-03-29,5283.9,5282.0,0.04,High,Services,DQ Entertainment (International) Ltd.,Small Cap,10.0,80.0,,,135.0,68.75,108.55,35.69,,,93.86,,,19.45,,,11.0,,0.25,10.78,11.0,,16048011,9436200.0,,,4718100,2830860.0,80.0,,,,,58.8,,,29.4,17.64
2010-02-23,2010-03-18,5232.55,5231.9,0.01,High,Financials,United Bank of India,Small Cap,10.0,66.0,,,74.9,13.48,68.65,4.02,,,47.08,,,9.8,,,14.13,,,,14.13,,50000000,28500000.0,,,14250000,,100.0,,,,,57.0,,,28.5,
2010-02-18,2010-03-11,5116.35,5116.25,0.0,High,Industrials,Man Infraconstruction Ltd.,Small Cap,10.0,252.0,,,318.0,26.19,349.85,38.83,126.86,-49.66,96.06,,,10.26,,,44.0,47.9,0.02,14.05,43.7,,5625150,3240000.0,,,1620000,972000.0,22.0,,,,,57.6,,,28.8,17.28
2010-02-16,2010-03-10,5101.6,5101.5,0.0,High,Industrials,Texmo Pipes & Products Ltd.,Small Cap,10.0,90.0,,,92.8,3.11,137.15,52.39,55.08,-38.8,1.02,,,7.26,,,39.39,,,,39.39,,5000000,2450000.0,0.0,0.0,1715000,0.0,75.0,,,,,49.0,0.0,0.0,34.3,0.0
2010-02-09,2010-02-25,4859.0,4858.6,0.01,Neutral,Services,Hathway Cable & Datacom Ltd.,Small Cap,10.0,240.0,,,250.0,4.17,207.65,-13.48,9.45,-96.06,1.43,,,0.28,,,-24.31,,,,-24.31,,27750000,16650000.0,,,8325000,4995000.0,25.0,,,,,60.0,,,30.0,18.0
2010-02-08,2010-03-03,5015.8,5017.0,-0.02,High,Industrials,ARSS Infrastructure Projects Ltd.,Small Cap,10.0,450.0,,,630.0,40.0,737.45,63.88,54.27,-87.94,49.34,,,18.55,,,34.47,,,,34.47,,2288888,1373333.0,,,686667,,15.0,,,,,60.0,,,30.0,
2010-02-01,2010-02-24,4869.55,4870.05,-0.01,Neutral,Manufacturing,Emmbi Polyarns Ltd.,Small Cap,10.0,45.0,,,46.0,2.22,28.75,-36.11,88.87,97.49,0.43,,,0.46,,,17.46,,2.41,5.21,17.46,,8657700,4303850.0,,,3012695,,150.0,,,,,49.71,,,34.8,
2010-01-29,2010-02-24,4869.55,4870.05,-0.01,Neutral,Services,D B Realty Ltd.,Mid Cap,10.0,468.0,,,452.1,-3.4,456.2,-2.52,96.52,-79.38,4.47,,,0.37,,,17.99,,,,17.99,,32051282,19230770.0,,,9615384,5555298.0,14.0,,,,,60.0,,,30.0,17.33
2010-01-27,2010-02-19,4887.3,4887.75,-0.01,Neutral,Consumer Discretionary,Thangamayil Jewellery Ltd.,Small Cap,10.0,75.0,,,75.7,0.93,71.05,-5.27,5062.0,6649.33,0.52,,,2.26,,,25.82,,,,25.82,,3833667,1856834.0,,,1299783,,80.0,,,,,48.43,,,33.9,
2010-01-27,2010-02-15,4827.9,4826.85,0.02,Low,Healthcare,Syncom Healthcare Ltd.,Small Cap,10.0,75.0,,,89.9,19.87,87.75,17.0,,,0.99,,,6.25,,,17.91,,1.46,,17.91,,7500000,3750000.0,,,2625000,,90.0,,,,,50.0,,,35.0,
2010-01-27,2010-02-15,4827.9,4826.85,0.02,Low,Real Estate,Vascon Engineers Ltd.,Small Cap,10.0,165.0,,,156.0,-5.45,148.05,-10.27,33.67,-79.59,1.12,,,0.62,,,6.9,7.72,0.64,,7.85,,10800000,6420000.0,,,3210000,,35.0,,,,,59.44,,,29.72,
2010-01-25,2010-02-23,4856.6,4856.4,0.0,Neutral,Services,Aqua Logistics Ltd.,Small Cap,10.0,220.0,,,225.0,2.27,244.6,11.18,,,0.26,,,3.0,,,17.63,21.8,,,17.63,,6872852,3436426.0,0.0,0.0,2405499,0.0,25.0,,,,,50.0,0.0,0.0,35.0,0.0
2010-01-18,2010-02-08,4755.35,4757.25,-0.04,Low,Services,Jubilant Foodworks Ltd.,Small Cap,10.0,145.0,,,160.0,10.34,229.1,58.0,456.7,214.97,59.39,,,3.79,,,30.0,,,,30.0,,22670447,10201702.0,,,7141191,3060510.0,40.0,,,,,45.0,,,31.5,13.5
2010-01-11,2010-02-03,4831.0,4830.1,0.02,Low,Technology,Infinite Computer Solutions India Ltd.,Small Cap,10.0,165.0,,,170.0,3.03,191.8,16.24,,,48.44,,,11.08,,,29.26,,,,29.26,,11503000,5751500.0,,,4026050,1725450.0,40.0,,,,,50.0,,,35.0,15.0
2009-12-11,2010-01-06,5278.15,5277.9,0.0,High,Services,D B Corp Ltd.,Small Cap,10.0,212.0,,,254.0,19.81,265.9,25.42,175.38,-17.27,68.52,,,3.42,,,22.74,,,,22.74,,18175000,10905000.0,,,5452500,3271500.0,30.0,,,,,60.0,,,30.0,18.0
2009-12-09,2010-01-05,5277.15,5232.2,0.86,High,Real Estate,Godrej Properties Ltd.,Small Cap,10.0,490.0,,,511.0,4.29,537.25,9.64,1628.5,232.35,7.45,,,0.38,,,25.33,,,,25.33,,9429750,5657850.0,,,2828925,1697345.0,13.0,,,,,60.0,,,30.0,18.0
2009-12-07,2010-01-04,5200.9,5201.05,-0.0,High,Energy,JSW Energy Ltd.,Mid Cap,10.0,100.0,,,106.0,6.0,100.85,0.85,494.7,394.7,2.88,,,0.4,,,29.39,,,,29.39,,269821236,161892742.0,,,80946371,42260820.0,60.0,,,,,60.0,,,30.0,15.66
2009-11-27,2010-01-11,5263.8,5244.75,0.36,High,Industrials,MBL Infrastructures Ltd.,Small Cap,10.0,180.0,,,185.0,2.78,206.55,14.75,22.85,-87.31,3.35,,,0.4,,,27.61,,,,27.61,,5700000,2800000.0,,,1960000,840000.0,35.0,,,,,49.12,,,34.39,14.74
2009-11-18,2009-12-11,5136.05,5134.65,0.03,High,Services,Cox & Kings (India) Ltd.,Small Cap,10.0,330.0,,,343.2,4.0,425.4,28.91,,,9.95,,,0.98,,,27.53,,,,27.53,,18496640,9148320.0,,,6403824,2744480.0,20.0,,,,,49.46,,,34.62,14.84
2009-10-29,2009-11-25,5091.55,5090.55,0.02,High,Agriculture,Astec LifeSciences Ltd.,Small Cap,10.0,82.0,,,83.0,1.22,84.0,2.44,722.75,781.4,0.61,,,2.36,,,35.15,,,,35.15,,7500000,3700000.0,0.0,0.0,2590000,0.0,75.0,,,,,49.33,0.0,0.0,34.53,0.0
2009-10-28,2009-11-24,5105.0,5103.55,0.03,High,Services,Den Networks Ltd.,Small Cap,10.0,195.0,,,195.0,0.0,163.4,-16.21,25.93,-86.7,1.0,,,0.1,,3.41,-7.08,-0.47,0.55,,-7.08,,20000000,11850000.0,0.0,0.0,5925000,2395020.0,30.0,,,,,59.25,0.0,0.0,29.62,11.98
2009-10-12,2009-10-30,4751.1,4750.55,0.01,Low,Energy,Indiabulls Power Ltd.,Mid Cap,10.0,45.0,,,45.05,0.11,39.5,-12.22,6.89,-84.69,40.49,,,1.09,,,4.6,,,,4.6,,390700000,234420000.0,,,117210000,61164000.0,150.0,,,,,60.0,,,30.0,15.65
2009-09-22,2009-10-15,5118.55,5118.2,0.01,High,Energy,Euro Multivision Ltd.,Small Cap,10.0,75.0,,,75.0,0.0,53.55,-28.6,,,1.23,,,1.89,,,5.83,,6.11,,5.83,,8800000,4300000.0,,,3010000,,90.0,,,,,48.86,,,34.2,
2009-09-22,2009-10-26,4997.15,4997.05,0.0,Low,Technology,Thinksoft Global Services Ltd.,Small Cap,10.0,125.0,,,126.0,0.8,164.4,31.52,857.85,586.28,0.31,,,4.31,,,31.76,,,,31.76,,3646000,1823000.0,,,1276100,,50.0,,,,,50.0,,,35.0,
2009-09-16,2009-10-09,4993.0,5002.25,-0.18,High,Industrials,Pipavav Shipyard Ltd.,Small Cap,10.0,58.0,,,61.1,5.34,56.7,-2.24,2756.6,4652.76,10.63,,,2.9,,,0.39,,,,0.39,,85450225,50910135.0,,,25455068,15272950.0,110.0,,,,,59.58,,,29.79,17.87
2009-09-07,2009-09-30,5007.65,5006.85,0.02,High,Energy,Oil India Ltd.,Mid Cap,10.0,1050.0,,,1096.0,4.38,1141.2,8.69,448.65,-57.27,53.83,,,1.76,,,23.77,,,,23.77,,26449982,14427263.0,,,7213631,,6.0,,,,,54.55,,,27.27,
2009-08-31,2009-09-23,5019.95,5020.2,-0.0,High,Consumer Discretionary,Globus Spirits Ltd.,Small Cap,10.0,100.0,,,101.0,1.0,91.0,-9.0,786.45,686.45,0.86,,,1.03,,,21.64,,,78.57,21.64,,7500000,3725000.0,,,2607500,,70.0,,,,,49.67,,,34.77,
2009-08-27,2009-09-22,4977.1,4976.05,0.02,High,Manufacturing,Jindal Cotex Ltd.,Small Cap,10.0,75.0,,,77.0,2.67,87.3,16.4,,,0.66,,,3.09,,,15.91,,,,15.91,,11250000,5375000.0,,,3762500,,90.0,,,,,47.78,,,33.44,
2009-08-07,2009-09-01,4662.2,4662.1,0.0,High,Energy,NHPC Ltd.,Mid Cap,10.0,36.0,,,42.0,16.67,36.75,2.08,72.81,102.25,29.16,,,3.87,,,11.0,,0.68,,11.0,,1677374015,981263799.0,,,490631900,,175.0,,,,,58.5,,,29.25,
2009-07-28,2009-08-20,4394.35,4394.1,0.01,Low,Energy,Adani Power Ltd.,Mid Cap,10.0,100.0,,,108.0,8.0,100.1,0.1,204.0,104.0,39.48,,,2.97,,,6.58,,2.19,,6.58,,301652031,176191219.0,,,88095609,52857350.0,65.0,,,,,58.41,,,29.2,17.52
2009-07-20,2009-08-12,4473.8,4471.35,0.05,High,Agriculture,Raj Oil Mills Ltd.,Small Cap,10.0,120.0,,,120.0,0.0,119.25,-0.62,43.38,-63.85,0.75,,,0.77,,,29.52,,,,29.52,,9500000,4750000.0,,,3325000,,50.0,,,,,50.0,,,35.0,
2009-07-14,2009-08-03,4633.8,4636.45,-0.06,High,Services,Excel Infoways Ltd.,Small Cap,10.0,85.0,,,86.0,1.18,95.85,12.76,0.99,-98.84,0.49,,,2.64,,,27.99,,,,27.99,,5667000,2833500.0,,,1983450,,80.0,,,,,50.0,,,35.0,
2009-06-23,2009-07-16,4223.5,4233.5,-0.24,Neutral,Services,Mahindra Holidays & Resorts India Ltd.,Small Cap,10.0,300.0,,,370.0,23.33,317.45,5.82,194.25,-35.25,12.83,,,3.36,,,40.78,,0.13,,40.78,,9265275,5559165.0,,,2779583,,20.0,,,,,60.0,,,30.0,
2009-02-05,2009-03-02,2764.6,2763.65,0.03,Low,Technology,Edserv Softsystems Ltd.,Small Cap,10.0,60.0,,,60.0,0.0,136.4,127.33,,,1.08,,,1.02,,,30.03,,,,30.03,,3973908,1886954.0,,,1320868,,100.0,,,,,47.48,,,33.24,
2008-10-07,2008-11-06,2998.45,2994.95,0.12,Neutral,Materials,Alkali Metals Ltd.,Small Cap,10.0,103.0,,,99.0,-3.88,173.4,68.35,91.43,-11.23,0.72,,,0.63,,,23.27,,,,23.27,,2550000,1275000.0,,,892500,,65.0,,,,,50.0,,,35.0,
2008-09-09,2008-10-13,3272.9,3279.95,-0.21,Low,Manufacturing,Chemcel Bio-tech Ltd.,Small Cap,10.0,16.0,,,16.0,0.0,5.25,-67.19,,,,,,,,,9.14,,,,9.14,,13800000,,,,6400000,,350.0,,,,,,,,46.38,
2008-09-08,2008-09-06,,,,,Materials,20 Microns Ltd.,Small Cap,10.0,55.0,,,80.0,45.45,33.65,-38.82,214.59,290.16,0.9,,,10.59,,,16.0,,,,16.0,,4350632,2066550.0,,,1446585,,100.0,,,,,47.5,,,33.25,
2008-08-11,2008-09-01,4356.1,4360.0,-0.09,Low,Materials,Resurgere Mines & Minerals India Ltd.,Small Cap,10.0,270.0,,,285.0,5.56,533.55,97.61,,,1.34,,,0.4,,,31.03,,0.24,15.73,31.03,,4450000,2520000.0,,,1260000,,20.0,,,,,56.63,,,28.31,
2008-08-07,2008-09-04,4512.95,4504.0,0.2,High,Materials,Austral Coke & Projects Ltd.,Small Cap,10.0,196.0,,,201.4,2.76,225.95,15.28,,,0.62,,,0.69,,,10.85,,,,10.85,,7260000,3630000.0,,,2541000,,34.0,,,,,50.0,,,35.0,
2008-07-29,2008-08-27,4336.85,4337.5,-0.01,Neutral,Technology,Nu Tek India Ltd.,Small Cap,10.0,192.0,,,195.0,1.56,199.15,3.72,,,2.06,,,1.01,,,23.79,,,,23.79,,4500000,2200000.0,,,1540000,,30.0,,,,,48.89,,,34.22,
2008-07-21,2008-08-11,4529.35,4529.5,-0.0,High,Services,Vishal Information Technologies Ltd.,Small Cap,10.0,150.0,,,130.0,-13.33,194.6,29.73,,,0.45,,,2.19,,,21.36,,0.01,,21.36,,2790000,1395000.0,,,976500,,40.0,,,,,50.0,,,35.0,
2008-06-30,2008-07-30,4191.2,4189.85,0.03,Neutral,Manufacturing,Birla Cotsyn (India) Ltd.,Small Cap,10.0,14.0,,,14.9,6.43,9.45,-32.5,13.26,-5.29,0.01,,,0.92,,,8.18,,0.64,,8.18,,76807142,35814285.0,,,25070000,,350.0,,,,,46.63,,,32.64,
2008-06-24,2008-07-24,4476.2,4476.8,-0.01,High,Manufacturing,Somi Conveyor Beltings Ltd.,Small Cap,10.0,35.0,,,37.65,7.57,25.9,-26.0,89.31,155.17,,,,,,,14.63,,,,14.63,,4728574,472860.0,,,2364287,,200.0,,,,,10.0,,,50.0,
2008-06-23,2008-07-14,4047.45,4049.0,-0.04,Low,Energy,KSK Energy Ventures Ltd.,Small Cap,10.0,240.0,,,210.05,-12.48,191.75,-20.1,,,2.22,,,0.22,,,17.13,,1.09,,17.13,,34611000,20766600.0,,,10383300,,25.0,,,,,60.0,,,30.0,
2008-06-12,2008-07-11,4166.0,4162.2,0.09,Neutral,Healthcare,Lotus Eye Care Hospital Ltd.,Small Cap,10.0,38.0,,,40.0,5.26,35.65,-6.18,115.89,204.97,0.63,,,1.34,,,8.35,,,,8.35,,10000000,5000000.0,,,3500000,,150.0,,,,,50.0,,,35.0,
2008-06-11,2008-07-04,3926.65,3925.75,0.02,Low,Consumer Discretionary,Archidply Industries Ltd.,Small Cap,10.0,74.0,,,72.9,-1.49,50.55,-31.69,103.5,39.86,0.2,,,3.04,,,21.87,,,,21.87,,6615720,3307860.0,,,2315502,,75.0,,,,,50.0,,,35.0,
2008-06-09,2008-07-03,4094.6,4093.35,0.03,Low,Consumer Discretionary,Avon Weighing Systems Ltd.,Small Cap,10.0,10.0,,,13.9,39.0,11.9,19.0,,,,,,,,,31.93,,,,31.93,,9836400,,,,4918200,,500.0,,,,,,,,50.0,
2008-06-09,2008-07-01,4039.75,4040.55,-0.02,Low,Industrials,Sejal Architectural Glass Ltd.,Small Cap,10.0,115.0,,,130.0,13.04,78.25,-31.96,674.0,486.09,4.26,,,7.98,,,20.38,,,,20.38,,9194155,4597078.0,,,3217954,,60.0,,,,,50.0,,,35.0,
2008-06-09,2008-07-08,4028.7,4030.0,-0.03,Low,Manufacturing,First Winner Industries Ltd.,Small Cap,10.0,125.0,,,110.0,-12.0,89.2,-28.64,,,1.05,,,1.32,,,13.36,18.95,,,13.36,,5500000,2700000.0,,,1890000,,50.0,,,,,49.09,,,34.36,
2008-05-27,2008-06-27,4315.3,4315.85,-0.01,Low,Healthcare,Bafna Pharmaceuticals Ltd.,Small Cap,10.0,40.0,,,43.8,9.5,38.5,-3.75,371.35,828.38,,,,,,,10.65,,,,10.65,,6400000,,,,3200000,,150.0,,,,,,,,50.0,
2008-05-26,2008-06-19,4582.55,4582.4,0.0,Low,Industrials,Niraj Cement Structurals Ltd.,Small Cap,10.0,190.0,,,185.0,-2.63,190.15,0.08,27.66,-85.44,0.0,,,3.81,,,12.87,,,,12.87,,3250000,1462500.0,,,1023750,,30.0,,,,,45.0,,,31.5,
2008-05-12,2008-06-04,4718.7,4715.9,0.06,Low,Healthcare,Anu's Laboratories Ltd.,Small Cap,10.0,210.0,,,,,268.05,27.64,,,2.84,,,9.64,,,,,,,,,3820000,1810000.0,,,1267000,,30.0,,,,,47.38,,,33.17,
2008-05-08,2008-06-04,4718.7,4715.9,0.06,Low,Agriculture,Gokul Refoils & Solvent Ltd.,Small Cap,10.0,195.0,,,219.9,12.77,182.05,-6.64,39.42,-79.78,2.72,,,5.59,,,20.0,,,,20.0,,7158392,3541696.0,,,2479188,,35.0,,,,,49.48,,,34.63,
2008-04-15,2008-05-07,5156.7,5144.65,0.23,High,Technology,Aishwarya Telecom Ltd.,Small Cap,10.0,35.0,,,50.1,43.14,90.85,159.57,8.17,-76.66,8.44,,,33.99,,,33.0,,,,33.0,,4000000,1950000.0,,,1365000,,200.0,,,,,48.75,,,34.12,
2008-03-25,2008-04-22,5037.05,5037.0,0.0,High,Materials,Kiri Dyes & Chemicals Ltd.,Small Cap,10.0,150.0,,,184.0,22.67,158.95,5.97,541.3,260.87,0.79,,,2.38,,,25.46,,,,25.46,,3750000,1875000.0,,,1312500,,45.0,,,,,50.0,,,35.0,
2008-03-24,2008-04-21,4955.9,4958.4,-0.05,High,Industrials,Titagarh Wagons Ltd.,Small Cap,10.0,540.0,,,540.0,0.0,706.85,30.9,818.15,51.51,10.37,,,0.98,,,28.0,,,,28.0,,2383768,1421261.0,,,710630,,10.0,,,,,59.62,,,29.81,
2008-03-11,2008-04-07,4631.35,4647.0,-0.34,Low,Consumer Discretionary,Sita Shree Food Products Ltd.,Small Cap,10.0,30.0,,,35.0,16.67,43.7,45.67,,,1.02,,,4.13,,,12.63,,,,12.63,,10500000,5250000.0,,,3675000,,200.0,,,,,50.0,,,35.0,
2008-03-10,2008-04-03,4753.9,4754.2,-0.01,Low,Industrials,Gammon Infrastructure Projects Ltd.,Small Cap,10.0,167.0,,,170.0,1.8,158.15,-5.3,,,5.17,,,1.09,,,3.94,,,,3.94,,16550000,8937000.0,,,4468500,,35.0,,,,,54.0,,,27.0,
2008-02-19,2008-03-12,4869.75,4865.9,0.08,Low,Financials,Rural Electrification Corp.Ltd.,Mid Cap,10.0,105.0,,,129.9,23.71,121.3,15.52,299.0,184.76,39.3,,,7.68,,,21.08,,,,21.08,,156120000,91330200.0,,,45665100,,60.0,,,,,58.5,,,29.25,
2008-02-18,2008-03-13,4868.7,4872.0,-0.07,Neutral,Consumer Discretionary,V-Guard Industries Ltd.,Small Cap,10.0,82.0,,,90.0,9.76,75.95,-7.38,296.45,261.52,1.74,,,4.24,,,48.23,,,,48.23,,8000000,3800000.0,,,2660000,,80.0,,,,,47.5,,,33.25,
2008-02-11,2008-03-07,4918.3,4921.4,-0.06,Low,Technology,GSS America Infotech Ltd.,Small Cap,10.0,400.0,,,380.0,-5.0,500.8,25.2,10.37,-97.41,1.06,,,0.2,,,43.31,,,,43.31,,3497495,1670000.0,,,1169000,,15.0,,,,,47.75,,,33.42,
2008-02-01,2008-02-25,5112.25,5110.75,0.03,Neutral,Industrials,Tulsi Extrusions Ltd.,Small Cap,10.0,85.0,,,99.0,16.47,140.85,65.71,,,1.54,,,2.46,,,36.62,39.63,,,36.62,,5700000,2800000.0,,,1960000,,75.0,,,,,49.12,,,34.39,
2008-01-31,2008-02-25,5112.25,5110.75,0.03,Neutral,Industrials,IRB Infrastructure Developers Ltd.,Small Cap,10.0,185.0,,,194.9,5.35,189.65,2.51,17.49,-90.55,6.42,,,0.99,,,2.76,,,,2.76,,51057666,30559600.0,,,15279800,,30.0,,,,,59.85,,,29.93,
2008-01-29,2008-02-20,5267.15,5280.8,-0.26,High,Industrials,Shriram EPC Ltd.,Small Cap,10.0,300.0,,,320.0,6.67,286.5,-4.5,5.02,-98.33,6.13,,,0.63,,,8.25,,,,8.25,,5000000,3000000.0,,,1500000,,20.0,,,,,60.0,,,30.0,
2008-01-28,2008-02-20,5267.15,5280.8,-0.26,High,Services,Bang Overseas Ltd.,Small Cap,10.0,207.0,,,250.0,20.77,174.1,-15.89,32.27,-84.41,1.14,,,1.17,,,57.96,,,,57.96,,3500000,1700000.0,,,1190000,,30.0,,,,,48.57,,,34.0,
2008-01-24,2008-02-19,5278.4,5276.9,0.03,High,Services,OnMobile Global Ltd.,Small Cap,10.0,440.0,,,440.0,0.0,518.15,17.76,50.62,-88.5,17.16,,,1.31,,,28.0,42.0,,,21.0,,10900545,6540327.0,,,3270164,,15.0,,,,,60.0,,,30.0,
2008-01-24,2008-02-18,5304.45,5302.9,0.03,Neutral,Industrials,KNR Constructions Ltd.,Small Cap,10.0,170.0,,,210.0,23.53,154.9,-8.88,118.58,-30.25,1.38,,,0.28,,,35.79,,,7.77,35.79,,7874570,3867280.0,,,2707105,,35.0,,,,,49.11,,,34.38,
2008-01-21,2008-02-13,4836.55,4838.25,-0.04,Low,Industrials,Cords Cable Industries Ltd.,Small Cap,10.0,135.0,,,143.0,5.93,139.45,3.3,332.5,146.3,6.83,,,2.58,,,49.67,,,,49.67,,3085000,1507500.0,,,1055250,,50.0,,,,,48.87,,,34.21,
2008-01-18,2008-02-12,4877.85,4857.0,0.43,Low,Industrials,J.Kumar Infraprojects Ltd.,Small Cap,10.0,110.0,,,109.0,-0.91,103.35,-6.05,463.3,321.18,2.8,,,1.69,,,37.47,,,1.32,37.47,,6500000,3150000.0,,,2205000,,55.0,,,,,48.46,,,33.92,
2008-01-15,2008-02-11,5120.55,5120.35,0.0,Neutral,Energy,Reliance Power Ltd.,Large Cap,10.0,450.0,,,530.0,17.78,372.3,-17.27,19.69,-95.62,82.62,,,14.87,,,63.0,,,,63.0,,228000000,136800000.0,,,68400000,,15.0,,,,,60.0,,,30.0,
2008-01-11,2008-02-01,5140.6,5137.45,0.06,Neutral,Financials,Future Capital Holdings Ltd.,Small Cap,10.0,765.0,,,1081.0,41.31,909.8,18.93,,,180.72,,,55.22,,,3.28,,,,3.28,,6422800,3853680.0,,,1926840,,8.0,,,,,60.0,,,30.0,
2007-12-17,2019-12-02,12137.05,12056.05,0.67,High,Auto & Auto Ancillaries,Precision Pipes & Profiles Co.Ltd.,Small Cap,10.0,150.0,,,165.0,10.0,136.1,-9.27,,,5.03,,,18.7,,,33.42,,,,33.42,,5000000,2500000.0,,,1750000,,45.0,,,,,50.0,,,35.0,
2007-12-14,2008-01-11,6166.65,6156.95,0.16,High,Agriculture,Aries Agro Ltd.,Small Cap,10.0,130.0,,,160.0,23.08,251.4,93.38,480.55,269.65,8.16,,,6.46,,,35.26,,,,35.26,,4500000,2250000.0,,,1575000,,50.0,,,,,50.0,,,35.0,
2007-12-10,2007-12-31,6095.0,6079.7,0.25,High,Real Estate,Brigade Enterprises Ltd.,Small Cap,10.0,390.0,,,430.0,10.26,379.9,-2.59,575.25,47.5,18.29,,,5.59,,,49.2,,1.65,,49.2,,19118428,11411057.0,,,5705528,,16.0,,,,,59.69,,,29.84,
2007-12-07,2007-12-28,6079.55,6081.5,-0.03,High,Industrials,Transformers & Rectifiers (India) Ltd.,Small Cap,10.0,465.0,,,790.0,69.89,729.25,56.83,270.1,-41.91,110.53,,,58.61,,,41.36,,0.92,,41.36,,2995000,1707000.0,,,853500,,15.0,,,,,56.99,,,28.5,
2007-12-05,2008-01-03,6184.25,6179.4,0.08,High,Industrials,BGR Energy Systems Ltd.,Small Cap,10.0,480.0,,,840.0,75.0,901.45,87.8,242.13,-49.56,161.67,,,46.89,,,39.0,,,5.06,39.0,,9136000,5181600.0,,,2590800,,14.0,,,,,56.72,,,28.36,
2007-12-04,2007-12-31,6095.0,6079.7,0.25,High,Services,eClerx Services Ltd.,Small Cap,10.0,315.0,,,370.0,17.46,449.65,42.75,1819.9,477.75,31.59,,,12.38,,,138.0,,,47.05,138.0,,3206349,1923809.0,,,961905,,20.0,,,,,60.0,,,30.0,
2007-11-28,2008-01-03,6184.25,6179.4,0.08,High,Materials,Burnpur Cement Ltd.,Small Cap,10.0,12.0,,,15.0,25.0,48.05,300.42,13.16,9.67,,,,,,,7.61,,,,7.61,,21900000,,,,10402500,,500.0,,,,,,,,47.5,
2007-11-22,2007-12-19,5730.25,5742.3,-0.21,Neutral,Consumer Discretionary,Jyothy Laboratories Ltd.,Small Cap,5.0,690.0,,,895.0,29.71,741.15,7.41,186.7,-72.94,66.41,,,14.67,,,16.51,,0.0,,16.51,,4430260,2215130.0,,,1550590,,10.0,,,,,50.0,,,35.0,
2007-11-20,2007-12-14,6056.2,6058.1,-0.03,High,Services,Kaushalya Infrastructure Development Corp.Ltd.,Small Cap,10.0,60.0,,,79.0,31.67,82.45,37.42,837.0,1295.0,2.84,,,10.15,,,17.65,,,,17.65,,8500000,4012500.0,,,2808750,,100.0,,,,,47.21,,,33.04,
2007-11-19,2007-12-12,6067.05,6097.25,-0.5,High,Consumer Discretionary,Renaissance Jewellery Ltd.,Small Cap,10.0,150.0,,,190.0,26.67,164.9,9.93,165.02,10.01,23.13,,,10.51,,,25.5,,,,25.5,,5324240,2662120.0,,,1863484,,45.0,,,,,50.0,,,35.0,
2007-11-19,2007-12-13,6159.25,6159.3,-0.0,High,Real Estate,Kolte-Patil Developers Ltd.,Small Cap,10.0,145.0,,,230.0,58.62,181.35,25.07,424.85,193.0,60.97,,,16.58,,,46.09,,0.48,36.41,46.09,,19000836,9406355.0,,,6584448,,40.0,,,,,49.5,,,34.65,
2007-11-15,2007-12-12,6067.05,6097.25,-0.5,High,Financials,Edelweiss Capital Ltd.,Small Cap,5.0,825.0,,,1443.75,75.0,1510.25,83.06,142.73,-82.7,153.15,,,17.22,,,28.71,,,,28.71,,8386147,4908965.0,,,2454482,,8.0,,,,,58.54,,,29.27,
2007-11-01,2007-11-26,5611.3,5608.6,0.05,Neutral,Consumer Discretionary,Empee Distilleries Ltd.,Small Cap,10.0,400.0,,,462.3,15.58,319.35,-20.16,,,8.77,,,6.11,,,22.98,,,,22.98,,4800000,2400000.0,,,1680000,,15.0,,,,,50.0,,,35.0,
2007-11-01,2007-11-27,5729.25,5731.7,-0.04,Neutral,Services,Mundra Port & Special Economic Zone Ltd.,Mid Cap,10.0,440.0,,,770.0,75.0,962.9,118.84,1798.3,308.7,159.6,,,16.19,,,25.7,,,,25.7,,40250000,24060000.0,,,12030000,,15.0,,,,,59.78,,,29.89,
2007-10-29,2007-11-21,5778.8,5780.9,-0.04,High,Financials,Religare Enterprises Ltd.,Small Cap,10.0,185.0,,,323.75,75.0,525.3,183.95,228.91,23.74,184.95,,,93.5,,,7.81,,,,7.81,,7576102,4545662.0,,,2272831,,35.0,,,,,60.0,,,30.0,
2007-10-29,2019-07-01,11839.9,11788.85,0.43,Neutral,Materials,Barak Valley Cements Ltd.,Small Cap,10.0,42.0,,,62.6,49.05,55.3,31.67,,,24.17,,,39.47,,,30.92,,0.77,,30.92,,5660000,2773500.0,,,1941450,,150.0,,,,,49.0,,,34.3,
2007-10-25,2007-11-22,5564.65,5561.05,0.06,Low,Consumer Discretionary,Varun Industries Ltd.,Small Cap,10.0,60.0,,,105.0,75.0,112.2,87.0,,,,,,,,,19.24,,,,19.24,,6570000,,,,3285000,,100.0,,,,,,,,50.0,
2007-10-19,2007-11-23,5524.3,5519.35,0.09,Low,Technology,Allied Computers International (Asia) Ltd.,Small Cap,10.0,12.0,,,21.0,75.0,37.7,214.17,,,,,,,,,66.79,,,,66.79,,5000000,500000.0,,,2250000,,500.0,,,,,10.0,,,45.0,
2007-10-18,2007-11-23,5524.3,5519.35,0.09,Low,Industrials,Rathi Bars Ltd.,Small Cap,10.0,35.0,,,38.0,8.57,31.9,-8.86,15.4,-56.0,,,,,,,22.91,,,,22.91,,7142857,,,,2471429,,150.0,,,,,,,,34.6,
2007-09-27,2007-10-25,5499.05,5496.15,0.05,High,Industrials,Maytas Infra Ltd.,Small Cap,10.0,370.0,,,515.75,39.39,613.35,65.77,38.57,-89.58,99.41,,,15.42,,,20.7,,1.62,,20.7,,8850000,5310000.0,,,2655000,,18.0,,,,,60.0,,,30.0,
2007-09-27,2007-11-02,5854.85,5866.45,-0.2,High,Energy,Circuit Systems (India) Ltd.,Small Cap,10.0,35.0,,,42.0,20.0,43.5,24.29,,,,,,,,,14.23,,,,14.23,,3000000,,,,1500000,,200.0,,,,,,,,50.0,
2007-09-25,2007-10-19,5360.35,5351.0,0.17,High,Healthcare,Saamya Biotech (India) Ltd.,Small Cap,10.0,10.0,,,17.5,75.0,15.3,53.0,,,,,,,,,,,,,,,15000000,1500000.0,,,6750000,,500.0,,,,,10.0,,,45.0,
2007-09-21,2007-10-18,5551.1,5559.3,-0.15,High,Industrials,Supreme Infrastructure India Ltd.,Small Cap,10.0,108.0,,,187.5,73.61,175.1,62.13,73.9,-31.57,52.11,,,48.23,,,32.21,,,,32.21,,3475000,1737500.0,,,1216250,,60.0,,,,,50.0,,,35.0,
2007-09-18,2007-10-15,5428.35,5428.25,0.0,High,Real Estate,Consolidated Construction Consortium Ltd.,Small Cap,10.0,510.0,,,889.9,74.49,792.1,55.31,13.95,-97.26,117.68,,,12.69,,,25.6,,,,25.6,,3700000,2220000.0,,,1110000,,12.0,,,,,60.0,,,30.0,
2007-09-18,2007-10-12,5525.3,5524.85,0.01,High,Services,Koutons Retail India Ltd.,Small Cap,10.0,415.0,,,510.05,22.9,586.5,41.33,,,66.38,,,14.82,,,21.2,,,,21.2,,3524439,2084663.0,,,1042332,,15.0,,,,,59.15,,,29.57,
2007-09-10,2007-10-17,5658.9,5668.05,-0.16,High,Services,Dhanus Technologies Ltd.,Small Cap,10.0,295.0,,,,,309.75,5.0,,,36.17,,,18.67,,,26.53,,,,26.53,,3835000,2181000.0,,,1090500,,20.0,,,,,56.87,,,28.44,
2007-09-10,2007-10-05,5208.15,5208.65,-0.01,High,Energy,Power Grid Corp.of India Ltd.,Mid Cap,10.0,52.0,,,89.8,72.69,100.6,93.46,260.5,400.96,115.9,,,6.77,,,10.16,,,,10.16,,573932895,279977448.0,,,195984213,,125.0,,,,,48.78,,,34.15,
2007-09-06,2007-10-04,5211.65,5210.8,0.02,High,Manufacturing,Kaveri Seed Co.Ltd.,Small Cap,10.0,170.0,,,204.0,20.0,230.95,35.85,725.65,326.85,5.59,,,3.26,,,40.11,,,,40.11,,4000000,1900000.0,,,1330000,,40.0,,,,,47.5,,,33.25,
2007-08-27,2007-09-20,4734.85,4732.35,0.05,High,Materials,Magnum Ventures Ltd.,Small Cap,10.0,30.0,,,36.8,22.67,49.4,64.67,18.5,-38.33,2.34,,,3.39,,,17.8,,,,17.8,,17640750,8820375.0,,,6174263,,200.0,,,,,50.0,,,35.0,
2007-08-21,2007-09-14,4530.0,4528.95,0.02,High,Energy,Indowind Energy Ltd.,Small Cap,10.0,65.0,,,75.0,15.38,113.65,74.85,8.69,-86.63,0.9,,,1.12,,,11.04,,,,11.04,,12500000,6120000.0,0.0,0.0,4284000,0.0,100.0,,,,,48.96,0.0,0.0,34.27,0.0
2007-08-20,2007-09-11,4509.65,4507.85,0.04,High,Financials,Motilal Oswal Financial Services Ltd.,Small Cap,5.0,825.0,,,911.1,10.44,976.85,18.41,994.0,20.48,43.9,,,4.44,,,20.89,,0.02,-0.23,20.89,,2982710,1704240.0,,,852120,,8.0,,,,,57.14,,,28.57,
2007-08-02,2007-08-28,4302.4,4302.6,-0.0,Neutral,Manufacturing,K.P.R.Mill Ltd.,Small Cap,10.0,225.0,,,175.0,-22.22,174.2,-22.58,1103.3,390.36,1.44,,,0.39,,,17.56,,,,17.56,,5912100,3547260.0,,,1773630,,25.0,,,,,60.0,,,30.0,
2007-08-01,2007-08-27,4193.6,4190.15,0.08,Low,Healthcare,TAKE Solutions Ltd.,Small Cap,10.0,730.0,,,880.0,20.55,927.8,27.1,13.31,-98.18,75.62,,,23.39,,0.05,36.04,,1.58,18.14,36.04,,2100000,1200000.0,,,600000,,9.0,,,,,57.14,,,28.57,
2007-07-31,2007-08-30,4360.35,4359.3,0.02,High,Real Estate,Puravankara Projects Ltd.,Mid Cap,10.0,400.0,,,310.0,-22.5,362.3,-9.42,206.34,-48.41,2.69,,,0.64,,,58.8,,3.05,31.78,58.8,,21467610,12880566.0,,,6440283,,10.0,,,,,60.0,,,30.0,
2007-07-26,2007-08-21,4209.55,4209.05,0.01,Low,Manufacturing,SEL Manufacturing Co.Ltd.,Small Cap,10.0,90.0,,,95.0,5.56,144.75,60.83,28.32,-68.53,4.1,,,3.55,,,17.94,,1.13,,17.94,,4138410,1965740.0,,,1376025,,75.0,,,,,47.5,,,33.25,
2007-07-26,2007-08-23,4160.1,4153.15,0.17,Low,Consumer Discretionary,Asian Granito India Ltd.,Small Cap,10.0,97.0,,,99.9,2.99,94.2,-2.89,49.68,-48.78,3.1,,,4.66,,,33.65,,0.85,,33.65,,7000000,3325000.0,,,2327500,,60.0,,,,,47.5,,,33.25,
2007-07-24,2007-08-21,4209.55,4209.05,0.01,Low,Financials,Central Bank of India,Small Cap,10.0,102.0,,,131.8,29.22,115.3,13.04,30.46,-70.14,89.12,,,16.2,,,15.44,,,7.99,15.44,,80000000,45600000.0,,,22800000,,60.0,,,,,57.0,,,28.5,
2007-07-23,2007-08-20,4108.95,4108.05,0.02,Low,Materials,Refex Refrigerants Ltd.,Small Cap,10.0,65.0,,,69.1,6.31,62.0,-4.62,265.25,308.08,,,,,,,30.4,,,,30.4,,3800000,380000.0,,,1710000,,80.0,,,,,10.0,,,45.0,
2007-07-23,2007-08-16,4366.0,4370.2,-0.1,Neutral,Real Estate,IVR Prime Urban Developers Ltd.,Small Cap,10.0,550.0,,,456.25,-17.05,417.9,-24.02,,,8.6,,,1.54,,,28.81,,,,28.81,,14150000,8400000.0,,,4200000,,10.0,,,,,59.36,,,29.68,
2007-07-20,2007-08-17,4171.1,4178.6,-0.18,Low,Technology,Zylog Systems Ltd.,Small Cap,10.0,350.0,,,557.0,59.14,427.5,22.14,,,89.55,,,35.13,,,26.27,,,,26.27,,3600000,2100000.0,,,1050000,,20.0,,,,,58.33,,,29.17,
2007-07-19,2007-08-14,4373.9,4373.65,0.01,Low,Technology,Omnitech InfoSolutions Ltd.,Small Cap,10.0,105.0,,,183.75,75.0,163.4,55.62,,,61.75,,,50.95,,,38.87,,,,38.87,,3333333,1583333.0,,,1108333,,60.0,,,,,47.5,,,33.25,
2007-07-17,2007-08-09,4462.25,4462.1,0.0,Neutral,Real Estate,Omaxe Ltd.,Small Cap,10.0,310.0,,,410.0,32.26,349.35,12.69,109.76,-64.59,95.32,,,13.89,,,56.39,,,,56.39,,19546520,11550000.0,,,5775000,,20.0,,,,,59.09,,,29.54,
2007-07-12,2007-08-06,4404.05,4401.55,0.06,Neutral,Healthcare,Alpa Laboratories Ltd.,Small Cap,10.0,68.0,,,61.0,-10.29,55.15,-18.9,59.51,-12.49,0.18,,,2.14,,,23.57,,,,23.57,,9500000,4625000.0,,,3237500,,100.0,,,,,48.68,,,34.08,
2007-07-10,2007-08-03,4355.75,4356.35,-0.01,Low,Industrials,Simplex Projects Ltd.,Small Cap,10.0,185.0,,,323.75,75.0,273.7,47.95,,,90.45,,,49.26,,,20.8,,0.12,,20.8,,3000000,1500000.0,,,1050000,,30.0,,,,,50.0,,,35.0,
2007-07-05,2007-08-01,4345.85,4528.85,-4.04,Low,Services,Everonn Systems India Ltd.,Small Cap,10.0,140.0,,,245.0,75.0,477.35,240.96,,,92.95,,,123.8,,,13.27,,,,13.27,,3571430,1785715.0,,,1250000,,50.0,,,,,50.0,,,35.0,
2007-07-02,2007-07-25,4620.5,4620.75,-0.01,High,Technology,Allied Digital Services Ltd.,Small Cap,10.0,190.0,,,332.5,75.0,330.15,73.76,108.53,-42.88,74.04,,,38.08,,,39.09,,0.14,,39.09,,4522435,2161217.0,,,1512853,,35.0,,,,,47.79,,,33.45,
2007-06-28,2007-07-24,4620.05,4619.35,0.02,High,Real Estate,Housing Development & Infrastructure Ltd.,Mid Cap,10.0,500.0,,,538.6,7.72,559.35,11.87,1.47,-99.71,10.13,,,1.59,,,74.86,,,,74.86,,34155000,20133000.0,,,10066500,,14.0,,,,,58.95,,,29.47,
2007-06-25,2007-07-19,4500.35,4499.55,0.02,High,Technology,Spice Communications Ltd.,Small Cap,10.0,46.0,,,,,,,,,58.6,,,4.05,,,,,,,,,113111111,66666667.0,,,33333333,,135.0,,,,,58.94,,,29.47,
2007-06-25,2007-07-23,4564.25,4566.05,-0.04,High,Energy,Suryachakra Power Corp.Ltd.,Small Cap,10.0,20.0,,,30.0,50.0,22.35,11.75,,,1.88,,,3.02,,,2.71,,,,2.71,,34000000,16800000.0,,,11760000,,300.0,,,,,49.41,,,34.59,
2007-06-18,2007-07-17,4497.1,4512.15,-0.33,High,Healthcare,Celestial Labs Ltd.,Small Cap,10.0,60.0,,,75.0,25.0,67.55,12.58,,,,,,,,,24.7,,,,24.7,,5000000,,,,1500000,,90.0,,,,,,,,30.0,
2007-06-18,2007-07-10,4419.1,4419.4,-0.01,High,Materials,Ankit Metal & Power Ltd.,Small Cap,10.0,36.0,,,37.9,5.28,36.95,2.64,1.97,-94.53,0.72,,,2.43,,,20.19,,2.07,,20.19,,9590000,4200000.0,,,2940000,,190.0,,,,,43.8,,,30.66,
2007-06-12,2007-07-09,4385.45,4384.85,0.01,High,Industrials,Roman Tarmat Ltd.,Small Cap,10.0,175.0,,,306.25,75.0,319.2,82.4,59.4,-66.06,27.49,,,21.82,,,29.49,,,,29.49,,2900000,1400000.0,,,980000,,40.0,,,,,48.28,,,33.79,
2007-06-11,2007-07-04,4358.25,4357.55,0.02,High,Services,Vishal Retail Ltd.,Small Cap,10.0,270.0,,,472.5,75.0,753.1,178.93,208.74,-22.69,45.55,,,50.4,,,19.71,,,,19.71,,4074074,2264444.0,,,1132222,,25.0,,,,,55.58,,,27.79,
2007-06-11,2007-07-05,4359.2,4359.3,-0.0,High,Real Estate,DLF Ltd.,Large Cap,2.0,525.0,,,526.6,0.3,569.8,8.53,674.0,28.38,5.13,,,0.98,,,48.82,,2.5,,48.82,,175000000,104400000.0,,,52200000,,10.0,,,,,59.66,,,29.83,
2007-06-04,2007-06-28,4263.9,4263.95,-0.0,Neutral,Agriculture,Meghmani Organics Ltd.,Small Cap,1.0,19.0,,,33.25,75.0,26.6,40.0,,,19.43,,,26.01,,,15.0,,,,15.0,,53684211,32210526.0,,,16105264,,350.0,,,,,60.0,,,30.0,
2007-06-04,2007-06-27,4286.2,4285.7,0.01,High,Industrials,Nelcast Ltd.,Small Cap,10.0,219.0,,,252.0,15.07,207.35,-5.32,123.4,-43.65,11.22,,,4.59,,,45.29,,1.68,,45.29,,4350000,2175000.0,,,1522500,,30.0,,,,,50.0,,,35.0,
2007-05-24,2007-06-19,4143.85,4147.1,-0.08,Low,Consumer Discretionary,Decolight Ceramics Ltd.,Small Cap,10.0,54.0,,,70.0,29.63,44.65,-17.31,,,0.26,,,3.1,,,25.95,,,,25.95,,7878889,3939443.0,,,2757612,,125.0,,,,,50.0,,,35.0,
2007-05-18,2007-06-13,4113.05,4155.2,-1.01,Low,Industrials,Time Technoplast Ltd.,Small Cap,10.0,315.0,,,489.8,55.49,480.9,52.67,182.36,-42.11,69.88,,,12.97,,,18.3,,,,18.3,,3921500,2196240.0,,,1098120,,20.0,,,,,56.01,,,28.0,
2007-05-15,2007-06-05,4268.9,4267.05,0.04,High,Manufacturing,Nitin Fire Protection Industries Ltd.,Small Cap,10.0,190.0,,,332.5,75.0,484.85,155.18,,,49.91,,,30.29,,,14.08,,0.05,10.58,14.08,,3390000,1620000.0,,,1134000,,35.0,,,,,47.79,,,33.45,
2007-05-09,2007-06-04,4300.7,4297.05,0.08,High,Materials,Asahi Songwon Colors Ltd.,Small Cap,10.0,90.0,,,93.0,3.33,89.95,-0.06,389.15,332.39,3.22,,,0.52,,,25.85,,1.89,,25.85,,3722222,1861111.0,,,1302778,,60.0,,,,,50.0,,,35.0,
2007-05-09,2007-06-18,4177.0,4171.45,0.13,Low,Manufacturing,Glory Polyfilms Ltd.,Small Cap,10.0,48.0,,,48.0,0.0,62.1,29.37,,,,,,,,,20.34,,,,20.34,,8220000,,,,4110000,,125.0,,,,,,,,50.0,
2007-05-07,2007-05-28,4248.35,4248.15,0.0,High,Materials,Binani Cement Ltd.,Small Cap,10.0,75.0,,,73.0,-2.67,69.05,-7.93,,,1.33,,,1.62,,,21.57,,,,21.57,,20500000,12300000.0,,,6150000,,80.0,,,,,60.0,,,30.0,
2007-05-07,2007-05-30,4292.7,4293.25,-0.01,High,Agriculture,Insecticides (India) Ltd.,Small Cap,10.0,115.0,,,110.0,-4.35,109.45,-4.83,584.3,408.09,0.32,,,4.49,,,50.6,,,,50.6,,3210000,1588950.0,,,1112265,,60.0,,,,,49.5,,,34.65,
2007-04-30,2007-05-30,4292.7,4293.25,-0.01,High,Industrials,MIC Electronics Ltd.,Small Cap,10.0,150.0,,,262.5,75.0,338.15,125.43,36.72,-75.52,47.49,,,31.11,,,31.57,,,,31.57,,5100000,2550000.0,,,1785000,,45.0,,,,,50.0,,,35.0,
2007-04-18,2007-05-24,4204.9,4246.2,-0.97,High,Industrials,Hilton Metal Forging Ltd.,Small Cap,10.0,70.0,,,73.1,4.43,67.75,-3.21,16.34,-76.66,,,,,,,38.61,,,,38.61,,5445000,545000.0,,,2450000,,175.0,,,,,10.01,,,45.0,
2007-04-18,2007-05-17,4172.1,4170.95,0.03,High,Services,Bhagwati Banquets & Hotels Ltd.,Small Cap,10.0,40.0,,,45.0,12.5,49.05,22.62,9.6,-76.0,0.42,,,3.09,,,8.12,,,,8.12,,18455400,9227700.0,,,6459390,,175.0,,,,,50.0,,,35.0,
2007-04-16,2007-05-09,4077.25,4077.0,0.01,High,Healthcare,Fortis Healthcare Ltd.,Small Cap,10.0,108.0,,,110.0,1.85,100.15,-7.27,770.0,612.96,2.72,,,3.25,,,-34.0,,2.92,0.51,-34.0,,45753963,27452378.0,,,13726189,,60.0,,,,,60.0,,,30.0,
2007-03-26,2007-04-19,3998.5,4011.6,-0.33,High,Manufacturing,Advanta India Ltd.,Small Cap,10.0,640.0,,,665.0,3.91,845.5,32.11,,,6.47,,,0.26,,,17.78,,0.35,28.06,17.78,,3380000,2028000.0,,,1014000,,10.0,,,,,60.0,,,30.0,
2007-03-20,2007-04-13,3830.35,3829.85,0.01,High,Financials,ICRA Ltd.,Small Cap,10.0,330.0,,,540.0,63.64,803.25,143.41,4232.0,1182.42,90.65,,,53.99,,,13.67,,,,13.67,,2581100,1290550.0,,,903385,,20.0,,,,,50.0,,,35.0,
2007-03-20,2007-04-12,3861.85,3862.65,-0.02,High,Real Estate,Orbit Corp.Ltd.,Small Cap,10.0,110.0,,,113.0,2.73,128.2,16.55,,,5.7,,,0.89,,,0.09,,,,0.09,,9100000,4550000.0,,,3185000,,50.0,,,,,50.0,,,35.0,
2007-03-08,2007-04-11,3848.35,3848.15,0.01,High,Industrials,Gremach Infrastructure Equipments & Projects Ltd.,Small Cap,10.0,86.0,,,92.0,6.98,83.95,-2.38,,,0.34,,,0.38,,,15.3,,,,15.3,,6860466,3087210.0,,,2161047,,70.0,,,,,45.0,,,31.5,
2007-02-23,2007-03-16,3639.35,3643.6,-0.12,Low,Services,Page Industries Ltd.,Small Cap,10.0,360.0,,,329.0,-8.61,271.8,-24.5,36385.0,10006.94,2.27,,,0.79,,,90.98,,,,90.98,,2804000,1394500.0,,,976150,,15.0,,,,,49.73,,,34.81,
2007-02-20,2007-03-19,3611.3,3608.55,0.08,Low,Manufacturing,Abhishek Mills Ltd.,Small Cap,10.0,100.0,,,85.15,-14.85,91.25,-8.75,,,1.16,,,0.32,,,28.78,,,,28.78,,4100000,1947500.0,,,1363250,,60.0,,,,,47.5,,,33.25,
2007-02-15,2007-03-19,3611.3,3608.55,0.08,Low,Manufacturing,AMD Metplast Ltd.,Small Cap,10.0,75.0,,,73.0,-2.67,77.9,3.87,53.45,-28.73,1.33,,,8.7,,,13.14,,,,13.14,,9096520,4039924.0,,,2827948,,90.0,,,,,44.41,,,31.09,
2007-02-15,2007-03-19,3611.3,3608.55,0.08,Low,Manufacturing,Jagjanani Textiles Ltd.,Small Cap,10.0,25.0,,,22.4,-10.4,23.15,-7.4,6.04,-75.84,,,,,,,16.41,,,,16.41,,8090000,,,,4045000,,200.0,,,,,,,,50.0,
2007-02-14,2007-03-20,3680.35,3678.9,0.04,Low,Industrials,Astral Poly Technik Ltd.,Small Cap,10.0,115.0,,,103.0,-10.43,105.35,-8.39,1370.4,1091.65,,,,,,,22.64,,,,22.64,,2971000,,,,1410500,,50.0,,,,,,,,47.48,
2007-02-14,2007-03-16,3639.35,3643.6,-0.12,Low,Services,Raj Television Network Ltd.,Small Cap,10.0,257.0,,,225.0,-12.45,226.0,-12.06,10.88,-95.77,0.39,,,6.92,,,10.34,,,,10.34,,3568250,1621933.0,,,1135353,,25.0,,,,,45.45,,,31.82,
2007-02-12,2007-03-08,3627.25,3626.85,0.01,Low,Services,Indus Fila Ltd.,Small Cap,10.0,170.0,,,158.9,-6.53,133.85,-21.26,,,1.19,,,0.74,,,23.85,,5.73,,23.85,,4843789,2421895.0,,,1695326,,36.0,,,,,50.0,,,35.0,
2007-02-12,2007-03-09,3761.85,3761.65,0.01,Low,Technology,Idea Cellular Ltd.,Mid Cap,10.0,75.0,,,85.0,13.33,85.7,14.27,12.95,-82.73,78.68,,,3.87,,,18.08,,2.93,7.18,18.08,,325833333,191500000.0,,,95750000,,90.0,,,,,58.77,,,29.39,
2007-02-12,2007-03-07,3661.55,3655.65,0.16,Low,Services,Evinix Accessories Ltd.,Small Cap,10.0,120.0,,,120.0,0.0,74.05,-38.29,,,1.3,,,2.47,,,36.45,,,,36.45,,3500000,1750000.0,,,1225000,,50.0,,,,,50.0,,,35.0,
2007-02-09,2007-03-07,3661.55,3655.65,0.16,Low,Technology,MindTree Consulting Ltd.,Small Cap,10.0,425.0,,,627.0,47.53,621.2,46.16,,,156.98,,,30.06,,,41.76,,,,41.76,,5593300,2964445.0,,,1482220,,15.0,,,,,53.0,,,26.5,
2007-02-09,2007-03-07,3661.55,3655.65,0.16,Low,Services,Broadcast Initiatives Ltd.,Small Cap,10.0,120.0,,,140.0,16.67,70.4,-41.33,,,1.61,,,2.89,,,-41.15,,2.56,,-41.15,,8550000,4225000.0,,,2957500,,50.0,,,,,49.42,,,34.59,
2007-02-08,2007-03-09,3761.85,3761.65,0.01,Low,Manufacturing,Mudra Lifestyle Ltd.,Small Cap,10.0,90.0,,,89.9,-0.11,63.95,-28.94,10.25,-88.61,7.01,,,3.15,,,24.31,,,,24.31,,9580000,4550500.0,,,3185350,,70.0,,,,,47.5,,,33.25,
2007-02-08,2007-03-07,3661.55,3655.65,0.16,Low,Consumer Discretionary,Oriental Trimex Ltd.,Small Cap,10.0,48.0,,,50.1,4.37,29.7,-38.12,4.83,-89.94,0.32,,,1.79,,,40.89,,,5.3,40.89,,9400000,4700000.0,,,3290000,,125.0,,,,,50.0,,,35.0,
2007-02-07,2007-03-09,3761.85,3761.65,0.01,Low,Manufacturing,Euro Ceramics Ltd.,Small Cap,10.0,165.0,,,150.0,-9.09,119.15,-27.79,,,3.89,,,2.73,,,33.67,,,,33.67,,5621500,2750000.0,,,1925000,,35.0,,,,,48.92,,,34.24,
2007-02-05,2007-02-28,3893.4,3893.9,-0.01,Neutral,Healthcare,SMS Pharmaceuticals Ltd.,Small Cap,10.0,380.0,,,360.0,-5.26,359.25,-5.46,476.6,25.42,3.47,,,2.47,,,17.41,,0.92,6.4,17.41,,2577000,1288500.0,,,901950,,15.0,,,,,50.0,,,35.0,
2007-02-05,2007-03-19,3611.3,3608.55,0.08,Low,Consumer Discretionary,Lawreshwar Polymers Ltd.,Small Cap,10.0,16.0,,,15.9,-0.62,14.0,-12.5,197.0,1131.25,,,,,,,7.27,,,,7.27,,6250000,,,,3125000,,400.0,,,,,,,,50.0,
2007-02-05,2007-03-01,3745.4,3745.3,0.0,Low,Financials,Indian Bank,Small Cap,10.0,91.0,,,93.9,3.19,98.35,8.08,805.9,785.6,56.45,,,3.18,,,23.52,,,,23.52,,85950000,46413000.0,,,23206500,,75.0,,,,,54.0,,,27.0,
2007-02-05,2007-02-26,3939.1,3938.95,0.0,Low,Industrials,C & C Constructions Ltd.,Small Cap,10.0,291.0,,,288.0,-1.03,241.45,-17.03,,,29.96,,,4.96,,,29.27,,,,29.27,,4269451,2561671.0,,,1280835,,20.0,,,,,60.0,,,30.0,
2007-01-31,2007-02-23,4046.0,4040.0,0.15,Neutral,Financials,Power Finance Corp.Ltd.,Mid Cap,10.0,85.0,,,113.0,32.94,111.65,31.35,325.5,282.94,137.17,,,8.54,,,13.06,,,,13.06,,117316700,57408350.0,,,40185845,,80.0,,,,,48.93,,,34.25,
2007-01-29,2007-02-22,4096.65,4096.2,0.01,Neutral,Services,Firstsource Solutions Ltd.,Small Cap,10.0,64.0,,,90.1,40.78,79.55,24.3,255.8,299.69,72.29,,,11.54,,,5.71,,,,5.71,,69300000,40860000.0,,,20430000,,100.0,,,,,58.96,,,29.48,
2007-01-23,2007-02-26,3939.1,3938.95,0.0,Low,Financials,Transwarranty Finance Ltd.,Small Cap,10.0,52.0,,,56.0,7.69,47.45,-8.75,11.63,-77.63,1.03,,,2.34,,,23.86,,,,23.86,,6000000,2950000.0,,,2065000,,120.0,,,,,49.17,,,34.42,
2007-01-22,2007-02-15,4046.8,4047.1,-0.01,Low,Services,Redington (India) Ltd.,Small Cap,10.0,113.0,,,130.0,15.04,163.7,44.87,407.0,260.18,59.06,,,12.16,,,15.28,,0.16,,15.28,,13231000,7938600.0,,,3969300,,60.0,,,,,60.0,,,30.0,
2007-01-18,2007-02-12,4187.2,4187.4,-0.0,High,Industrials,Technocraft Industries (India) Ltd.,Small Cap,10.0,105.0,,,137.0,30.48,100.05,-4.71,2900.9,2662.76,11.65,,,8.07,,,10.05,,,,10.05,,8320000,3950000.0,,,2765000,,65.0,,,,,47.48,,,33.23,
2007-01-18,2007-02-14,4044.9,4044.55,0.01,Low,Services,Cinemax India Ltd.,Small Cap,10.0,155.0,,,166.0,7.1,152.3,-1.74,86.96,-43.9,60.68,,,15.77,,,40.13,,2.31,57.39,40.13,,8920000,4430000.0,,,3101000,,45.0,,,,,49.66,,,34.76,
2007-01-16,2007-02-15,4046.8,4047.1,-0.01,Low,Services,House of Pearl Fashions Ltd.,Small Cap,10.0,550.0,,,499.9,-9.11,469.95,-14.55,1282.1,133.11,6.34,,,1.81,,,8.51,11.12,2.17,,8.51,,6597054,3237227.0,,,2266059,,10.0,,,,,49.07,,,34.35,
2007-01-15,2007-02-09,4223.5,4223.4,0.0,High,Services,Pochiraju Industries Ltd.,Small Cap,10.0,30.0,,,45.1,50.33,49.65,65.5,,,1.98,,,6.02,,,27.48,,,,27.48,,11523337,5761670.0,,,4033167,,200.0,,,,,50.0,,,35.0,
2007-01-15,2007-02-08,4232.0,4224.25,0.18,High,Services,Global Broadcast News Ltd.,Small Cap,10.0,250.0,,,425.0,70.0,505.9,102.36,45.27,-81.89,35.26,,,42.76,,,,,,,,,4200000,2400000.0,,,1200000,,25.0,,,,,57.14,,,28.57,
2007-01-15,2007-02-07,4198.2,4195.9,0.05,High,Real Estate,Akruti Nirman Ltd.,Small Cap,10.0,540.0,,,724.45,34.16,563.45,4.34,182.28,-66.24,118.1,,,12.4,,,59.01,,2.19,22.04,59.01,,6700000,4020000.0,,,2010000,,12.0,,,,,60.0,,,30.0,
2007-01-08,2007-01-31,4123.85,4124.45,-0.01,High,Auto & Auto Ancillaries,Autoline Industries Ltd.,Small Cap,10.0,225.0,,,230.0,2.22,257.15,14.29,82.66,-63.26,16.26,,,12.46,,,34.4,10.97,,,34.4,,3333333,1666667.0,,,1166666,,25.0,,,,,50.0,,,35.0,
2006-12-29,2007-02-07,4198.2,4195.9,0.05,High,Technology,Cambridge Technology Enterprises Ltd.,Small Cap,10.0,38.0,,,45.0,18.42,100.9,165.53,40.39,6.29,,,,,13.12,,39.0,,,20.58,39.0,3.63,4053800,631600.0,,,1711100,,150.0,4.04,9.41,2.43,15.66,15.58,,,42.21,
2006-12-14,2007-01-10,3910.95,3911.4,-0.01,High,Services,Shree Ashtavinayak Cine Vision Ltd.,Small Cap,10.0,160.0,,,193.0,20.63,225.4,40.87,,,6.13,,,3.94,30.76,,42.57,,,12.24,42.57,4.04,3300000,1650000.0,0.0,0.0,1155000,0.0,40.0,11.85,13.5,7.45,21.49,50.0,0.0,0.0,35.0,0.0
2006-12-14,2007-01-16,4090.7,4078.4,0.3,High,Auto & Auto Ancillaries,Lumax Auto Technologies Ltd.,Small Cap,10.0,75.0,,,80.0,6.67,110.7,47.6,2076.7,2668.93,,,,,14.52,,28.91,,,3.27,28.91,4.87,3012000,,,,1506000,,80.0,4.46,16.83,3.3,22.72,,,,50.0,
2006-12-11,2007-01-09,3933.3,3933.4,-0.0,High,Energy,Cairn India Ltd.,Mid Cap,10.0,160.0,,,152.0,-5.0,137.4,-14.12,,,1.36,,,0.91,5034.9,,,,,,,1.16,361799675,217079806.0,,,108539902,,35.0,,,,,60.0,,,30.0,
2006-12-11,2007-01-05,3990.15,3988.8,0.03,High,Services,Pyramid Saimira Theatre Ltd.,Small Cap,10.0,100.0,,,106.0,6.0,157.7,57.7,,,15.31,,,14.48,39.4,,7.25,,,34.47,7.25,10.25,7512835,3545318.0,,,2481722,,60.0,0.87,115.26,0.61,164.4,47.19,,,33.03,
2006-12-04,2006-12-28,3974.2,3974.25,-0.0,High,Technology,XL Telecom Ltd.,Small Cap,10.0,150.0,,,165.0,10.0,135.35,-9.77,,,,,,,78.6,,13.73,,,2.7,13.73,2.01,3956808,1890000.0,0.0,0.0,1323000,0.0,45.0,46.39,3.23,33.73,4.45,47.77,0.0,0.0,33.44,0.0
2006-12-04,2006-12-28,3974.2,3974.25,-0.0,High,Manufacturing,Ess Dee Aluminium Ltd.,Small Cap,10.0,225.0,,,265.0,17.78,238.3,5.91,,,,,,,47.14,,56.28,,,15.39,56.28,25.18,6960000,3405000.0,,,2383500,,25.0,5.03,44.74,3.7,60.77,48.92,,,34.25,
2006-12-04,2006-12-29,3971.65,3970.55,0.03,High,Materials,Nissan Copper Ltd.,Small Cap,10.0,39.0,,,39.0,0.0,130.9,235.64,,,,,,,10.96,,34.11,,1.97,4.42,34.11,2.9,6410257,2884615.0,,,2019231,,160.0,4.59,8.49,2.57,15.18,45.0,,,31.5,
2006-11-27,2006-12-18,3888.2,3888.65,-0.01,Neutral,Manufacturing,LT Overseas Ltd.,Small Cap,10.0,56.0,,,60.0,7.14,53.2,-5.0,400.4,615.0,,,,,57.1,,20.27,,,2.78,20.27,1.55,7035714,3322857.0,0.0,0.0,2326000,0.0,125.0,7.31,7.66,5.0,11.2,47.23,0.0,0.0,33.06,0.0
2006-11-23,2006-12-20,3832.15,3832.0,0.0,Neutral,Real Estate,Sobha Developers Ltd.,Small Cap,10.0,640.0,,,1120.0,75.0,926.65,44.79,1221.6,90.88,,,,,190.8,,65.21,,3.09,14.2,65.21,29.94,8893332,4802450.0,0.0,0.0,2401282,0.0,10.0,13.94,45.91,12.24,52.29,54.0,0.0,0.0,27.0,0.0
2006-11-23,2006-12-20,3832.15,3832.0,0.0,Neutral,Materials,Ruchira Papers Ltd.,Small Cap,10.0,23.0,,,24.0,4.35,21.05,-8.48,103.25,348.91,,,,,27.9,,18.67,,,7.38,18.67,0.93,10217391,5108695.0,0.0,0.0,3576087,0.0,250.0,4.65,4.95,2.08,11.07,50.0,0.0,0.0,35.0,0.0
2006-11-16,2006-12-11,3961.9,3962.0,-0.0,High,Materials,Blue Bird (India) Ltd.,Small Cap,10.0,105.0,,,128.0,21.9,94.65,-9.86,,,,,,,75.22,13.2,41.0,,1.71,6.3,41.0,4.5,8775000,4387500.0,,,3071250,,60.0,9.58,10.96,7.18,14.63,50.0,,,35.0,
2006-11-06,2006-11-30,3929.4,3928.2,0.03,High,Real Estate,Parsvnath Developers Ltd.,Small Cap,10.0,300.0,,,456.7,52.23,526.4,75.47,2.09,-99.3,,,,,237.7,,53.19,,,16.37,53.19,22.13,36325800,21675480.0,,,10837740,,20.0,7.21,41.6,5.79,51.79,59.67,,,29.83,
2006-11-06,2006-11-27,3974.95,3950.85,0.61,High,Industrials,Lanco Infratech Ltd.,Small Cap,10.0,240.0,,,270.0,12.5,241.4,0.58,,,,,,,300.09,,15.1,,1.55,6.17,15.1,44.74,44472381,26383429.0,,,13191714,,25.0,0.51,466.6,0.41,583.24,59.33,,,29.66,
2006-10-30,2006-11-21,3859.5,3856.15,0.09,High,Consumer Discretionary,Info Edge (India) Ltd.,Small Cap,10.0,320.0,,,451.05,40.95,592.55,85.17,1219.5,281.09,,,,,,28.8,54.0,,,15.81,54.0,,5323851,2874880.0,,,1437440,,20.0,6.05,52.9,4.87,65.72,54.0,,,27.0,
2006-09-29,2006-10-27,3676.85,3677.55,-0.02,High,Services,Global Vectra Helicorp Ltd.,Small Cap,10.0,185.0,,,250.0,35.14,187.5,1.35,127.58,-31.04,,,,,17.97,,45.73,,,8.68,45.73,11.53,3500000,1750000.0,0.0,0.0,1225000,0.0,30.0,6.96,26.56,5.57,33.21,50.0,0.0,0.0,35.0,0.0
2006-09-29,2006-10-27,3676.85,3677.55,-0.02,High,Financials,Development Credit Bank Ltd.,Small Cap,10.0,26.0,,,35.0,34.62,47.45,82.5,203.54,682.85,,,,,139.31,,-52.74,,2.12,-22.55,-52.74,1.42,71500000,34498750.0,0.0,0.0,24149125,0.0,250.0,-10.59,-2.46,-5.46,-4.76,48.25,0.0,0.0,33.77,0.0
2006-09-28,2006-10-20,3678.75,3677.8,0.03,High,Services,Hanung Toys & Textiles Ltd.,Small Cap,10.0,95.0,,,100.55,5.84,96.7,1.79,,,,,,,71.73,,19.4,,,7.6,19.4,2.23,9500000,4500000.0,,,3150000,,60.0,13.28,7.15,8.27,11.48,47.37,,,33.16,
2006-09-28,2006-10-30,3769.1,3739.35,0.8,High,Technology,Accel Frontline Ltd.,Small Cap,10.0,75.0,,,77.0,2.67,70.5,-6.0,87.16,16.21,,,,,60.74,,15.86,,0.83,5.7,15.86,2.14,5635950,2817975.0,,,1972582,,70.0,5.6,13.39,4.31,17.39,50.0,,,35.0,
2006-09-26,2006-10-17,3726.4,3723.95,0.07,High,Industrials,Gayatri Projects Ltd.,Small Cap,10.0,295.0,,,333.0,12.88,298.85,1.31,22.68,-92.31,,,,,92.69,,21.0,,2.74,4.8,21.0,2.86,2900000,1400000.0,,,980000,,20.0,18.92,15.59,17.02,17.33,48.28,,,33.79,
2006-09-26,2006-10-21,3680.85,3676.85,0.11,High,Consumer Discretionary,JHS Svendgaard Laboratories Ltd.,Small Cap,10.0,58.0,,,95.0,63.79,56.95,-1.81,12.45,-78.53,,,,,13.6,,23.45,,0.56,10.91,23.45,2.47,6200000,3100000.0,0.0,0.0,2170000,0.0,120.0,6.95,8.35,3.22,17.99,50.0,0.0,0.0,35.0,0.0
2006-09-21,2006-10-19,3711.1,3710.65,0.01,High,Auto & Auto Ancillaries,Fiem Industries Ltd.,Small Cap,10.0,137.0,,,169.25,23.54,121.55,-11.28,1877.6,1270.51,,,,,27.77,,27.05,,,5.86,27.05,3.83,4100000,1850000.0,,,1295000,,45.0,9.68,14.15,6.33,21.63,45.12,,,31.59,
2006-09-13,2006-10-12,3562.55,3558.55,0.11,High,Industrials,Richa Knits Ltd.,Small Cap,10.0,30.0,,,30.95,3.17,30.25,0.83,1.65,-94.5,,,,,16.99,,24.3,,,9.08,24.3,1.43,7500000,750000.0,,,2812500,,180.0,5.1,5.88,2.42,12.42,10.0,,,37.5,
2006-09-11,2006-10-04,3570.95,3569.6,0.04,High,Real Estate,Gwalior Chemical Industries Ltd.,Small Cap,10.0,81.0,,,83.5,3.09,93.85,15.86,374.2,361.98,,,,,61.36,,25.41,,,8.97,25.41,1.95,9876543,4938271.0,0.0,0.0,3456790,0.0,75.0,10.53,7.69,6.32,12.82,50.0,0.0,0.0,35.0,0.0
2006-09-05,2006-10-06,3565.45,3564.9,0.02,High,Consumer Discretionary,Usher Agro Ltd.,Small Cap,10.0,15.0,,,19.35,29.0,16.2,8.0,,,,,,,14.31,,14.2,,,,14.2,0.63,8812000,,,,4406000,,400.0,,,,,,,,50.0,
2006-09-04,2006-09-27,3579.3,3571.75,0.21,High,Technology,HOV Services Ltd.,Small Cap,10.0,200.0,,,204.0,2.0,180.3,-9.85,43.0,-78.5,,,,,11.12,46.31,23.49,,,56.13,23.49,15.3,4050000,2025000.0,,,1417500,,25.0,3.07,65.17,2.08,96.2,50.0,,,35.0,
2006-09-01,2006-09-25,3545.1,3544.05,0.03,High,Industrials,Atlanta Ltd.,Small Cap,10.0,150.0,,,175.55,17.03,192.3,28.2,37.25,-75.17,,,,,65.78,,23.66,,,14.23,23.66,2.74,4300000,2050000.0,,,1435000,,45.0,12.97,11.56,9.55,15.7,47.67,,,33.37,
2006-09-01,2006-09-26,3523.7,3523.45,0.01,High,Industrials,Action Construction Equipment Ltd.,,10.0,130.0,,,180.0,38.46,193.65,48.96,1232.0,847.69,,,,,43.1,,33.25,,,6.46,33.25,4.44,4600000,2250000.0,,,1575000,,20.0,92.18,1.41,17.32,7.51,48.91,,,34.24,
2006-08-29,2006-09-25,3545.1,3544.05,0.03,High,Energy,Deep Industries Ltd.,Small Cap,10.0,36.0,,,49.0,36.11,27.9,-22.5,312.25,767.36,,,,,193.97,,9.23,,,22.49,9.23,0.16,11300000,,,,3107500,,175.0,20.59,1.75,8.96,4.02,,,,27.5,
2006-08-28,2006-09-25,3545.1,3544.05,0.03,High,Industrials,KEW Industries Ltd.,Small Cap,10.0,30.0,,,,,23.6,-21.33,,,,,,,19.2,,15.56,,,7.54,15.56,0.92,7000000,,,,1625000,,170.0,5.08,5.9,2.32,12.93,,,,23.21,
2006-08-24,2006-09-20,3457.85,3457.35,0.01,High,Industrials,Voltamp Transformers Ltd.,Small Cap,10.0,345.0,,,370.0,7.25,416.45,20.71,10500.0,2943.48,,,,,69.47,,33.73,,0.28,,33.73,5.02,4883840,2319824.0,0.0,0.0,1623877,0.0,20.0,,,,,47.5,0.0,0.0,33.25,0.0
2006-08-01,2006-08-28,3386.0,3385.95,0.0,High,Technology,Tech Mahindra Ltd.,Small Cap,10.0,365.0,,,521.0,42.74,554.25,51.85,1524.0,317.53,,,,,597.87,,38.25,,,17.92,38.25,6.88,12746000,6952326.0,0.0,0.0,3476163,0.0,16.0,19.53,18.69,19.0,19.21,54.55,0.0,0.0,27.27,0.0
2006-07-31,2006-08-21,3356.8,3356.75,0.0,High,Services,GMR Infrastructure Ltd.,Small Cap,10.0,210.0,,,216.0,2.86,210.4,0.19,95.15,-54.69,,,,,,,9.65,,0.78,6.47,9.65,,38136980,22582188.0,0.0,0.0,11291094,0.0,25.0,2.41,87.2,2.13,98.55,59.21,0.0,0.0,29.61,0.0
2006-06-01,2006-06-23,2993.55,2994.75,-0.04,Neutral,Services,Allcargo Global Logistics Ltd.,Small Cap,10.0,675.0,,,665.0,-1.48,669.6,-0.8,10.13,-98.5,,,,,78.81,,89.28,,,10.72,89.28,31.34,2079000,1216800.0,0.0,0.0,608400,0.0,9.0,13.69,49.31,12.28,54.95,58.53,0.0,0.0,29.26,0.0
2006-05-25,2006-06-20,2919.0,2916.9,0.07,Neutral,Services,Prime Focus Ltd.,Small Cap,10.0,417.0,,,322.0,-22.78,326.15,-21.79,316.0,-24.22,,,,,66.58,,26.56,,,25.6,26.56,13.88,2757793,1654676.0,0.0,0.0,827338,0.0,12.0,7.98,52.25,6.3,66.21,60.0,0.0,0.0,30.0,0.0
2006-05-19,2006-06-12,2867.65,2866.3,0.05,Low,Industrials,Unity Infraprojects Ltd.,Small Cap,10.0,675.0,,,700.0,3.7,470.9,-30.24,,,,,,,60.66,14.2,26.73,,1.25,4.39,26.73,16.12,3443000,1671500.0,0.0,0.0,1170050,0.0,9.0,11.2,60.28,8.88,76.02,48.55,0.0,0.0,33.98,0.0
2006-05-18,2006-06-12,2867.65,2866.3,0.05,Low,Services,Deccan Aviation Ltd.,Small Cap,10.0,148.0,,,129.9,-12.23,99.1,-33.04,,,,,,,-114.15,,,,,-6.1,,,24546000,12273000.0,0.0,0.0,8591100,0.0,35.0,-2.65,-55.8,-18.92,-7.82,50.0,0.0,0.0,35.0,0.0
2006-04-17,2006-05-18,3636.45,3635.1,0.04,High,Financials,JRG Securities Ltd.,Small Cap,10.0,40.0,,,55.0,37.5,41.85,4.63,2.28,-94.3,,,,,3.63,,40.78,,,14.73,40.78,10.1,3625000,0.0,0.0,0.0,1598750,0.0,150.0,1.61,24.78,1.16,34.58,0.0,0.0,0.0,44.1,0.0
2006-04-13,2006-05-11,3755.8,3754.25,0.04,High,Materials,Reliance Petroleum Ltd.,Mid Cap,10.0,60.0,,,99.95,66.58,85.4,42.33,,,,,,,,,,,,,,,450000000,270000000.0,0.0,0.0,135000000,0.0,100.0,,,,,60.0,0.0,0.0,30.0,0.0
2006-04-10,2006-05-05,3649.45,3648.4,0.03,High,Consumer Discretionary,Plethico Pharmaceuticals Ltd.,Small Cap,10.0,300.0,,,245.0,-18.33,228.3,-23.9,,,,,,,280.89,,21.4,,,,21.4,3.25,3666667,2200000.0,0.0,0.0,1100000,0.0,20.0,,,,,60.0,0.0,0.0,30.0,0.0
2006-04-07,2006-05-05,3649.45,3648.4,0.03,High,Manufacturing,Lokesh Machines Ltd.,Small Cap,10.0,140.0,,,211.65,51.18,227.4,62.43,365.9,161.36,,,,,24.13,,27.9,,1.66,7.54,27.9,6.04,3000000,1500000.0,0.0,0.0,1050000,0.0,50.0,5.95,23.54,4.43,31.59,50.0,0.0,0.0,35.0,0.0
2006-04-03,2006-04-28,3507.45,3508.1,-0.02,High,Services,Sun TV Ltd.,Small Cap,10.0,875.0,,,1000.0,14.29,1464.65,67.39,605.0,-30.86,,,,,296.68,,19.0,,0.18,25.49,19.0,13.39,6889000,4133400.0,0.0,0.0,2066700,0.0,8.0,12.38,70.68,11.14,78.54,60.0,0.0,0.0,30.0,0.0
2006-04-03,2006-05-09,3694.65,3693.15,0.04,High,Industrials,Kamdhenu Ispat Ltd.,Small Cap,10.0,25.0,,,31.0,24.0,45.4,81.6,38.08,52.32,,,,,11.33,,22.17,,,1.34,22.17,2.01,9125300,0.0,0.0,0.0,4562650,0.0,200.0,2.75,9.08,0.9,27.79,0.0,0.0,0.0,50.0,0.0
2006-03-31,2006-04-28,3507.45,3508.1,-0.02,High,Financials,Emkay Share & Stock Brokers Ltd.,Small Cap,10.0,120.0,,,130.0,8.33,136.75,13.96,278.2,131.83,,,,,29.59,,28.48,,,27.81,28.48,1.86,6250000,3025000.0,0.0,0.0,2117500,0.0,50.0,3.65,32.85,5.76,20.82,48.4,0.0,0.0,33.88,0.0
2006-03-28,2006-04-26,3555.75,3462.65,2.69,High,Technology,R Systems International Ltd.,Small Cap,10.0,250.0,,,285.0,14.0,249.65,-0.14,279.9,11.96,,,,,70.01,,17.8,,0.05,7.89,17.8,3.82,4408355,1984000.0,0.0,0.0,1388800,0.0,25.0,11.65,21.46,9.22,27.11,45.01,0.0,0.0,31.5,0.0
2006-03-28,2006-04-25,3548.8,3548.9,-0.0,High,Industrials,Godawari Power & Ispat Ltd.,Small Cap,10.0,81.0,,,95.0,17.28,103.15,27.35,222.34,174.49,,,,,,,37.8,,0.56,9.6,37.8,,8695000,4147500.0,0.0,0.0,2903250,0.0,80.0,15.7,5.16,10.2,7.94,47.7,0.0,0.0,33.39,0.0
2006-03-20,2006-04-13,3380.4,3380.0,0.01,Neutral,Services,Kewal Kiran Clothing Ltd.,Small Cap,10.0,260.0,,,270.0,3.85,243.45,-6.37,460.35,77.06,,,,,0.86,,45.0,,0.62,13.86,45.0,278.9,3100000,1550000.0,0.0,0.0,1085000,0.0,25.0,4.03,64.48,3.02,86.14,50.0,0.0,0.0,35.0,0.0
2006-03-16,2006-04-10,3455.0,3454.8,0.01,High,Agriculture,Uttam Sugar Mills Ltd.,Small Cap,10.0,340.0,,,379.7,11.68,416.3,22.44,288.4,-15.18,,,,,61.05,,44.8,,2.41,2.85,44.8,12.12,4000000,2400000.0,0.0,0.0,1200000,0.0,20.0,2.16,157.14,1.83,186.02,60.0,0.0,0.0,30.0,0.0
2006-03-13,2006-04-05,3510.9,3483.15,0.8,High,Materials,Adhunik Metaliks Ltd.,Small Cap,10.0,37.0,,,,,41.95,13.38,,,,,,,117.53,,1.85,,,5.45,1.85,3.07,27027026,12837838.0,0.0,0.0,8986486,0.0,150.0,1.11,33.46,0.78,47.54,47.5,0.0,0.0,33.25,0.0
2006-03-09,2006-04-03,3403.15,3402.55,0.02,High,Materials,Solar Explosives Ltd.,Small Cap,10.0,190.0,,,225.0,18.42,190.0,0.0,19700.0,10268.42,,,,,,,30.05,,0.51,11.0,30.05,2.43,4400000,2170000.0,0.0,0.0,1519000,0.0,30.0,11.6,16.38,8.65,21.96,49.32,0.0,0.0,34.52,0.0
2006-03-09,2006-04-10,3455.0,3454.8,0.01,High,Manufacturing,Shivalik Global Ltd.,Small Cap,10.0,60.0,,,72.0,20.0,60.0,0.0,8.56,-85.73,,,,,34.2,,17.8,,,3.68,17.8,2.5,10000000,0.0,0.0,0.0,3500000,0.0,100.0,4.27,14.04,2.51,23.89,0.0,0.0,0.0,35.0,0.0
2006-03-07,2006-04-13,3380.4,3380.0,0.01,Neutral,Materials,Rohit Ferro-Tech Ltd.,Small Cap,10.0,30.0,,,32.7,9.0,30.0,0.0,,,,,,,36.84,,46.68,,0.74,3.2,46.68,1.43,10338860,1033886.0,0.0,0.0,5169430,0.0,200.0,2.61,11.5,1.33,22.62,10.0,0.0,0.0,50.0,0.0
2006-03-06,2006-04-04,3473.1,3473.3,-0.01,High,Industrials,Gallantt Metal Ltd.,Small Cap,10.0,10.0,,,,,14.35,43.5,537.5,5275.0,,,,,30.26,,1.57,,,,1.57,1.01,31120000,2956400.0,0.0,0.0,14782000,0.0,500.0,0.09,110.05,0.09,110.06,9.5,0.0,0.0,47.5,0.0
2006-03-06,2006-04-05,3510.9,3483.15,0.8,High,Materials,Malu Paper Mills Ltd.,Small Cap,10.0,30.0,,,,,32.45,8.17,31.47,4.9,,,,,10.13,,26.13,,,5.41,26.13,1.15,6667000,0.0,0.0,0.0,2833500,0.0,200.0,3.03,9.89,1.55,19.34,0.0,0.0,0.0,42.5,0.0
2006-02-23,2006-03-17,3226.9,3226.6,0.01,High,Materials,Visa Steel Ltd.,Small Cap,10.0,57.0,,,,,56.8,-0.35,37.33,-34.51,,,,,94.39,,7.95,,0.42,2.49,7.95,5.08,30000000,15000000.0,0.0,0.0,10500000,0.0,100.0,0.87,65.15,1.25,45.71,50.0,0.0,0.0,35.0,0.0
2006-02-22,2006-03-21,3264.65,3265.65,-0.03,High,Consumer Discretionary,Nitco Tiles Ltd.,Small Cap,10.0,168.0,,,180.0,7.14,183.25,9.08,88.12,-47.55,,,,,94.12,,8.89,,1.41,3.14,8.89,2.43,10000000,4500000.0,0.0,0.0,3150000,0.0,40.0,6.14,27.35,8.39,20.03,45.0,0.0,0.0,31.5,0.0
2006-02-21,2006-03-17,3226.9,3226.6,0.01,High,Financials,Mahindra & Mahindra Financial Services Ltd.,Small Cap,10.0,200.0,,,225.0,12.5,232.55,16.27,324.85,62.43,,,,,402.61,,22.6,,6.9,20.33,22.6,3.95,20000000,12000000.0,0.0,0.0,6000000,0.0,35.0,10.82,18.48,9.47,21.12,60.0,0.0,0.0,30.0,0.0
2006-02-20,2006-03-17,3226.9,3226.6,0.01,High,Industrials,B.L.Kashyap & Sons Ltd.,Small Cap,10.0,685.0,,,800.5,16.86,973.3,42.09,50.36,-92.65,,,,,29.67,8.11,79.45,,,3.88,79.45,20.36,2920000,1460000.0,0.0,0.0,1022000,0.0,10.0,16.55,41.38,26.27,26.08,50.0,0.0,0.0,35.0,0.0
2006-02-16,2006-03-10,3129.05,3129.1,-0.0,High,Consumer Discretionary,Gitanjali Gems Ltd.,Small Cap,10.0,195.0,,,210.0,7.69,167.6,-14.05,,,,,,,346.04,2.04,4.55,,1.4,0.65,4.55,2.61,17000000,8425000.0,0.0,0.0,5897500,0.0,35.0,2.11,92.49,8.78,22.2,49.56,0.0,0.0,34.69,0.0
2006-02-16,2006-03-16,3197.3,3195.35,0.06,High,Manufacturing,Pratibha Industries Ltd.,Small Cap,10.0,120.0,,,150.0,25.0,181.3,51.08,,,,,,,25.51,14.31,34.58,,1.46,8.93,34.58,1.29,4285000,1928250.0,0.0,0.0,1349775,0.0,50.0,8.09,14.83,6.53,18.38,45.0,0.0,0.0,31.5,0.0
2006-02-10,2006-03-16,3197.3,3195.35,0.06,High,Industrials,Indo-Tech Transformers Ltd.,Small Cap,10.0,130.0,,,135.0,3.85,239.1,83.92,3188.2,2352.46,,,,,28.88,15.04,33.3,,0.09,9.75,33.3,1.53,3945130,0.0,0.0,0.0,1947565,0.0,50.0,10.4,12.5,9.33,13.94,0.0,0.0,0.0,49.37,0.0
2006-02-08,2006-03-08,3183.45,3182.8,0.02,High,Services,Sakuma Exports Ltd.,Small Cap,10.0,50.0,,,60.0,20.0,47.1,-5.8,1.56,-96.88,,,,,9.24,,27.68,,1.66,0.83,27.68,5.0,6666667,0.0,0.0,0.0,3333334,0.0,100.0,1.43,35.0,2.47,20.23,0.0,0.0,0.0,50.0,0.0
2006-02-03,2006-03-01,3074.6,3074.7,-0.0,High,Industrials,Sadbhav Engineering Ltd.,Small Cap,10.0,185.0,,,220.0,18.92,320.65,73.32,7.15,-96.14,,,,,65.89,13.15,12.24,,,3.57,12.24,2.45,2900000,1400000.0,0.0,0.0,980000,0.0,35.0,9.24,20.03,10.45,17.7,48.28,0.0,0.0,33.79,0.0
2006-02-02,2006-02-27,3050.3,3050.05,0.01,High,Industrials,GVK Power & Infrastructure Ltd.,Small Cap,10.0,310.0,,,376.0,21.29,315.85,1.89,2.56,-99.17,,,,,109.78,,31.83,,15.77,23.91,31.83,89.22,8275556,3930889.0,0.0,0.0,2751622,0.0,20.0,1.15,270.7,0.74,416.46,47.5,0.0,0.0,33.25,0.0
2006-01-30,2006-03-02,3124.25,3123.1,0.04,High,Manufacturing,Sunil Hitech Engineers Ltd.,Small Cap,10.0,100.0,,,110.0,10.0,157.2,57.2,,,,,,,14.04,,19.86,,2.16,3.25,19.86,5.62,3465000,0.0,0.0,0.0,1732500,0.0,50.0,3.43,29.19,4.58,21.86,0.0,0.0,0.0,50.0,0.0
2006-01-27,2006-02-23,3050.85,3050.8,0.0,High,Services,Inox Leisure Ltd.,Small Cap,10.0,120.0,,,172.0,43.33,175.25,46.04,,,,,,,68.85,,13.04,,1.64,11.32,13.04,9.75,16500000,8150000.0,0.0,0.0,5705000,0.0,50.0,1.5,79.73,3.24,36.99,49.39,0.0,0.0,34.58,0.0
2006-01-25,2006-02-22,3035.65,3035.5,0.0,High,Services,Jagran Prakashan Ltd.,Small Cap,10.0,320.0,,,361.0,12.81,270.9,-15.34,62.3,-80.53,,,,,,,2.23,,,0.41,2.23,4.68,11544873,6926924.0,0.0,0.0,3463462,0.0,20.0,0.38,841.52,4.63,69.06,60.0,0.0,0.0,30.0,0.0
2006-01-24,2006-02-16,3023.1,3022.2,0.03,High,Energy,Gujarat State Petronet Ltd.,Small Cap,10.0,27.0,,,46.5,72.22,40.45,49.81,268.35,893.89,,,,,428.38,,3.97,,1.1,7.79,3.97,2.71,138000000,69000000.0,0.0,0.0,48300000,0.0,250.0,0.4,68.17,0.3,91.45,50.0,0.0,0.0,35.0,0.0
2006-01-23,2006-02-15,3001.4,3017.55,-0.54,High,Services,Entertainment Network (India) Ltd.,Small Cap,10.0,162.0,,,240.0,48.15,264.7,63.4,95.59,-40.99,,,,,44.75,,-53.11,,,-23.48,-53.11,2.95,13200000,6500000.0,0.0,0.0,4550000,0.0,40.0,-5.21,-31.11,4.65,34.86,49.24,0.0,0.0,34.47,0.0
2006-01-18,2006-02-23,3050.85,3050.8,0.0,High,Materials,Dynemic Products Ltd.,Small Cap,10.0,35.0,,,37.6,7.43,28.2,-19.43,223.58,538.8,,,,,10.45,,22.06,,0.59,7.38,22.06,2.6,4411000,0.0,0.0,0.0,2205500,0.0,150.0,2.97,11.8,2.54,13.76,0.0,0.0,0.0,50.0,0.0
2006-01-17,2006-02-16,3023.1,3022.2,0.03,High,Materials,Sree Sakthi Paper Mills Ltd.,Small Cap,10.0,30.0,,,38.0,26.67,29.2,-2.67,41.5,38.33,,,,,9.62,,8.6,,1.73,2.16,8.6,0.68,8333340,0.0,0.0,0.0,3333336,0.0,200.0,1.35,22.21,1.03,29.24,0.0,0.0,0.0,40.0,0.0
2006-01-12,2006-02-06,2940.95,2940.6,0.01,High,Services,Royal Orchid Hotels Ltd.,Small Cap,10.0,165.0,,,251.0,52.12,231.4,40.24,299.85,81.73,,,,,37.89,,46.07,,0.73,27.86,46.07,10.71,6820000,3410000.0,0.0,0.0,2387000,0.0,40.0,7.94,20.78,6.83,24.16,50.0,0.0,0.0,35.0,0.0
2006-01-06,2006-02-02,2972.2,2971.55,0.02,High,Manufacturing,Nitin Spinners Ltd.,Small Cap,10.0,21.0,,,30.0,42.86,26.0,23.81,598.3,2749.05,,,,,42.36,,8.21,,1.67,3.52,8.21,1.22,19047620,8928571.0,0.0,0.0,6250001,0.0,300.0,1.65,12.75,1.47,14.28,46.87,0.0,0.0,32.81,0.0
2005-12-20,2006-01-12,2869.35,2870.8,-0.05,High,Technology,Bartronics India Ltd.,Small Cap,10.0,75.0,,,106.0,41.33,110.75,47.67,6.06,-91.92,,,,,20.6,,25.03,,,13.21,25.03,5.81,6000000,2700000.0,0.0,0.0,1890000,0.0,90.0,2.97,25.22,1.65,45.53,45.0,0.0,0.0,31.5,0.0
2005-12-19,2006-01-12,2869.35,2870.8,-0.05,High,Services,Celebrity Fashions Ltd.,Small Cap,10.0,180.0,,,236.3,31.28,228.9,27.17,6.66,-96.3,,,,,64.24,,18.95,,,4.33,18.95,2.48,4550000,2250000.0,0.0,0.0,1575000,0.0,35.0,4.38,41.1,1.96,91.61,49.45,0.0,0.0,34.62,0.0
2005-12-19,2006-01-13,2851.4,2850.7,0.02,Neutral,Services,Educomp Solutions Ltd.,Small Cap,10.0,125.0,,,155.0,24.0,284.05,127.24,0.96,-99.23,,,,,24.2,,31.28,,0.0,27.05,31.28,2.39,4000000,2000000.0,0.0,0.0,1400000,0.0,50.0,5.29,23.62,1.01,123.34,50.0,0.0,0.0,35.0,0.0
2005-12-13,2006-01-06,2914.0,2899.85,0.49,High,Industrials,Punj Lloyd Ltd.,Small Cap,10.0,700.0,,,956.3,36.61,1058.15,51.16,,,,,,,507.1,,19.66,,1.51,5.21,19.66,3.03,9172937,5443763.0,0.0,0.0,2721881,0.0,10.0,22.82,30.67,1.14,616.24,59.35,0.0,0.0,29.67,0.0
2005-12-12,2006-01-06,2914.0,2899.85,0.49,High,Manufacturing,Radha Madhav Corp.Ltd.,Small Cap,10.0,20.0,,,28.1,40.5,25.1,25.5,,,,,,,14.7,,2.95,,,3.45,2.95,1.65,10000000,1000000.0,0.0,0.0,2750000,0.0,300.0,0.11,177.25,0.05,427.25,10.0,0.0,0.0,27.5,0.0
2005-12-09,2006-01-05,2904.45,2904.4,0.0,High,Technology,Tulip IT Services Ltd.,Small Cap,10.0,120.0,,,150.0,25.0,183.8,53.17,,,,,,,53.16,,29.98,,,4.08,29.98,3.08,9000000,4050000.0,0.0,0.0,2835000,0.0,50.0,7.01,17.12,11.54,10.4,45.0,0.0,0.0,31.5,0.0
2005-12-08,2006-01-04,2883.0,2883.35,-0.01,High,Services,PVR Ltd.,Small Cap,10.0,225.0,,,270.0,20.0,294.95,31.09,1242.7,452.31,,,,,,,6.93,,0.96,5.16,6.93,,7400000,3625000.0,0.0,0.0,2537500,0.0,25.0,2.12,105.89,1.6,141.02,48.99,0.0,0.0,34.29,0.0
2005-11-28,2005-12-22,2826.7,2822.9,0.13,High,Services,Repro India Ltd.,Small Cap,10.0,165.0,,,195.0,18.18,235.45,42.7,318.6,93.09,,,,,36.55,,14.15,,1.13,5.13,14.15,4.11,2620000,1310000.0,0.0,0.0,917000,0.0,40.0,5.67,29.08,4.26,38.77,50.0,0.0,0.0,35.0,0.0
2005-11-28,2005-12-20,2843.15,2842.6,0.02,High,Services,Kernex Microsystems (India) Ltd.,Small Cap,10.0,250.0,,,350.0,40.0,344.85,37.94,1686.0,574.4,,,,,,,36.49,,,16.82,36.49,7.52,3960444,1980220.0,0.0,0.0,1386157,0.0,25.0,12.1,20.67,13.19,18.96,50.0,0.0,0.0,35.0,0.0
2005-11-25,2005-12-28,2806.8,2805.9,0.03,High,Technology,Compulink Systems Ltd.,Small Cap,10.0,60.0,,,67.0,11.67,73.8,23.0,,,,,,,13.17,,25.54,,,28.05,25.54,2.91,4538462,0.0,0.0,0.0,2269231,0.0,100.0,5.29,11.35,3.48,17.23,0.0,0.0,0.0,50.0,0.0
2005-11-22,2005-12-15,2805.2,2804.55,0.02,High,Manufacturing,Everest Kanto Cylinder Ltd.,Small Cap,10.0,160.0,,,201.0,25.63,201.95,26.22,108.9,-31.94,,,,,33.9,,35.09,,,10.23,35.09,4.72,5625000,2671875.0,0.0,0.0,1870312,0.0,40.0,11.9,13.45,5.93,26.98,47.5,0.0,0.0,33.25,0.0
2005-11-18,2005-12-13,2776.8,2776.2,0.02,High,Industrials,ABG Shipyard Ltd.,Small Cap,10.0,185.0,,,280.0,51.35,272.4,47.24,,,,,,,242.9,,50.91,,,16.54,50.91,6.09,8500000,4980000.0,0.0,0.0,2490000,0.0,35.0,11.86,15.6,12.8,14.45,58.59,0.0,0.0,29.29,0.0
2005-11-17,2005-12-14,2812.8,2812.3,0.02,High,Industrials,AIA Engineering Ltd.,Small Cap,10.0,315.0,,,387.0,22.86,491.5,56.03,3869.0,1128.25,,,,,85.11,,28.26,,,8.95,28.26,5.79,4700000,2256000.0,0.0,0.0,1579200,0.0,20.0,15.6,20.19,11.48,27.45,48.0,0.0,0.0,33.6,0.0
2005-11-11,2005-12-05,2697.6,2697.95,-0.01,High,Manufacturing,Bombay Rayon Fashions Ltd.,Small Cap,10.0,70.0,,,80.0,14.29,83.5,19.29,,,,,,,53.24,,15.95,,,5.69,15.95,5.46,13475000,6431250.0,0.0,0.0,4501875,0.0,100.0,2.05,34.23,1.48,47.23,47.73,0.0,0.0,33.41,0.0
2005-11-10,2005-12-06,2661.4,2660.5,0.03,High,Industrials,Piramyd Retail Ltd.,Small Cap,10.0,120.0,,,140.0,16.67,131.6,9.67,,,,,,,0.0,,0.41,,14.0,-21.54,0.41,69.84,5000000,2500000.0,0.0,0.0,1750000,0.0,50.0,-9.4,-12.77,-5.17,-23.21,50.0,0.0,0.0,35.0,0.0
2005-10-25,2005-11-16,2559.45,2558.7,0.03,High,Technology,Prithvi Information Solutions Ltd.,Small Cap,10.0,270.0,,,338.85,25.5,282.6,4.67,,,,,,,121.17,,33.39,,,9.44,33.39,3.37,5000000,2275000.0,0.0,0.0,1592500,0.0,25.0,22.05,12.24,15.95,16.92,45.5,0.0,0.0,31.85,0.0
2005-10-24,2005-11-24,2608.9,2608.6,0.01,High,Industrials,PBA Infrastructure Ltd.,Small Cap,10.0,60.0,,,69.0,15.0,68.8,14.67,7.19,-88.02,,,,,25.74,,27.74,,0.0,5.06,27.74,0.0,5000000,0.0,0.0,0.0,1000000,0.0,100.0,7.74,7.75,4.87,12.31,0.0,0.0,0.0,20.0,0.0
2005-10-24,2005-11-28,2683.6,2683.45,0.01,High,Materials,Vikash Metal & Power Ltd.,Small Cap,10.0,20.0,,,12.8,-36.0,12.8,-36.0,,,,,,,13.13,,12.33,,,5.59,12.33,2.61,12500000,1250000.0,0.0,0.0,6250000,0.0,250.0,1.29,15.52,0.6,33.61,10.0,0.0,0.0,50.0,0.0
2005-10-19,2005-11-14,2548.55,2548.65,-0.0,High,Manufacturing,Bannari Amman Spinning Mills Ltd.,Small Cap,10.0,135.0,,,100.95,-25.22,133.05,-1.44,23.0,-82.96,,,,,50.17,,25.01,,,15.25,25.01,2.56,7000000,3500000.0,0.0,0.0,2450000,0.0,50.0,13.18,10.25,7.32,18.44,50.0,0.0,0.0,35.0,0.0
2005-10-14,2005-11-14,2548.55,2548.65,-0.0,High,Agriculture,K.M.Sugar Mills Ltd.,Small Cap,10.0,52.0,,,65.0,25.0,52.25,0.48,33.68,-35.23,,,,,27.34,,57.28,,,2.06,57.28,2.28,6400000,0.0,0.0,0.0,2900000,0.0,100.0,2.05,25.37,1.34,38.89,0.0,0.0,0.0,45.31,0.0
2005-10-07,2005-10-31,2314.85,2316.05,-0.05,Low,Agriculture,Shree Renuka Sugars Ltd.,Small Cap,10.0,285.0,,,315.0,10.53,260.3,-8.67,21.89,-92.32,,,,,60.74,,23.23,,,7.28,23.23,9.38,3859649,2315789.0,0.0,0.0,1157895,0.0,20.0,19.08,14.94,15.99,17.82,60.0,0.0,0.0,30.0,0.0
2005-09-30,2005-11-10,2500.7,2489.1,0.47,High,Technology,Paradyne Infotech Ltd.,Small Cap,10.0,42.0,,,50.0,19.05,76.1,81.19,,,,,,,11.49,,43.52,,,7.3,43.52,2.77,3300000,0.0,0.0,0.0,1650000,0.0,150.0,6.6,6.36,4.6,9.14,0.0,0.0,0.0,50.0,0.0
2005-09-27,2005-10-25,2394.95,2394.85,0.0,Low,Technology,Aurionpro Solutions Ltd.,Small Cap,10.0,90.0,,,102.0,13.33,106.55,18.39,622.1,591.22,,,,,10.56,,21.93,,0.0,25.72,21.93,6.47,3000000,1375000.0,0.0,0.0,962500,0.0,70.0,2.96,30.36,2.14,42.03,45.83,0.0,0.0,32.08,0.0
2005-09-23,2005-10-19,2467.8,2468.2,-0.02,Low,Industrials,Suzlon Energy Ltd.,Mid Cap,10.0,510.0,,,639.0,25.29,692.85,35.85,39.49,-92.26,,,,,903.92,,46.0,,0.35,19.63,46.0,5.44,29340000,17253000.0,0.0,0.0,8626500,0.0,12.0,14.8,34.47,13.42,38.0,58.8,0.0,0.0,29.4,0.0
2005-08-25,2005-09-16,2524.9,2523.95,0.04,High,Consumer Discretionary,Amar Remedies Ltd.,Small Cap,10.0,28.0,,,56.0,100.0,56.2,100.71,,,,,,,25.03,,27.47,,,6.33,27.47,1.25,15000000,7500000.0,0.0,0.0,5250000,0.0,250.0,6.05,4.63,2.58,10.84,50.0,0.0,0.0,35.0,0.0
2005-08-22,2005-09-21,2576.7,2578.0,-0.05,High,Technology,FCS Software Solutions Ltd.,Small Cap,10.0,50.0,,,100.0,100.0,178.5,257.0,1.4,-97.2,,,,,40.55,,22.83,,,21.11,22.83,1.29,3500000,0.0,0.0,0.0,1750000,0.0,100.0,8.82,5.67,6.61,7.56,0.0,0.0,0.0,50.0,0.0
2005-08-11,2005-09-09,2448.8,2454.45,-0.23,High,Technology,Sasken Communication Technologies Ltd.,Small Cap,10.0,260.0,,,460.0,76.92,260.0,0.0,1672.7,543.35,,,,,,,12.74,,,9.42,12.74,3.12,5000000,2700000.0,0.0,0.0,1350000,0.0,25.0,10.12,25.69,8.28,31.4,54.0,0.0,0.0,27.0,0.0
2005-08-04,2005-09-01,2384.7,2384.65,0.0,High,Services,HT Media Ltd.,Small Cap,10.0,530.0,,,700.0,32.08,530.0,0.0,23.02,-95.66,,,,,407.03,13.43,8.7,,0.42,4.34,8.7,5.44,7691000,4614600.0,0.0,0.0,2307300,0.0,12.0,6.59,80.38,5.85,90.66,60.0,0.0,0.0,30.0,0.0
2005-07-15,2005-08-12,2381.05,2380.9,0.01,High,Financials,Infrastructure Development Finance Co.Ltd.,Small Cap,10.0,34.0,,,60.0,76.47,69.5,104.41,107.97,217.56,,,,,1888.9,,16.1,,3.47,41.78,16.1,1.8,403600000,201800000.0,0.0,0.0,141260000,0.0,200.0,3.03,11.21,2.71,12.55,50.0,0.0,0.0,35.0,0.0
2005-07-09,2005-08-17,2403.15,2369.8,1.41,High,Healthcare,Vivimed Labs Ltd.,Small Cap,10.0,70.0,,,131.0,87.14,218.65,212.36,5.44,-92.23,,,,,20.8,,23.14,,0.53,8.77,23.14,1.6,2500000,0.0,0.0,0.0,925000,0.0,100.0,10.18,6.88,6.67,10.5,0.0,0.0,0.0,37.0,0.0
2005-07-08,2005-08-02,2321.9,2318.05,0.17,High,Industrials,Shri Ramrupai Balaji Steels Ltd.,Small Cap,10.0,22.0,,,27.2,23.64,23.65,7.5,,,,,,,61.55,,20.14,,1.36,5.17,20.14,1.64,20000000,9500000.0,0.0,0.0,4750000,0.0,250.0,2.7,8.16,1.88,11.71,47.5,0.0,0.0,23.75,0.0
2005-07-04,2005-07-27,2304.25,2303.15,0.05,High,Financials,IL&FS Investsmart Ltd.,Small Cap,10.0,125.0,,,195.0,56.0,185.15,48.12,,,,,,,86.63,,38.2,,0.26,30.52,38.2,5.05,11400000,6156000.0,0.0,0.0,3078000,0.0,50.0,9.45,13.23,7.55,16.56,54.0,0.0,0.0,27.0,0.0
2005-06-29,2005-07-26,2289.25,2291.75,-0.11,High,Manufacturing,SPL Industries Ltd.,Small Cap,10.0,70.0,,,75.0,7.14,103.35,47.64,29.24,-58.23,,,,,83.25,,14.19,,0.9,5.86,14.19,1.68,9000000,4500000.0,0.0,0.0,3150000,0.0,100.0,5.96,11.74,4.11,17.03,50.0,0.0,0.0,35.0,0.0
2005-06-22,2005-07-18,2212.95,2212.55,0.02,High,Healthcare,Nectar Lifesciences Ltd.,Small Cap,10.0,240.0,,,300.0,25.0,260.1,8.38,10.5,-95.62,,,,,72.1,,31.3,,1.35,,31.3,3.67,3870000,1935000.0,0.0,0.0,1354500,0.0,25.0,20.51,11.7,15.18,15.81,50.0,0.0,0.0,35.0,0.0
2005-06-20,2005-07-18,2212.95,2212.55,0.02,High,Industrials,MSP Steel & Power Ltd.,Small Cap,10.0,10.0,,,17.9,79.0,15.3,53.0,33.0,230.0,,,,,,,5.36,,,6.48,5.36,,16000000,1600000.0,0.0,0.0,7200000,0.0,500.0,0.58,17.18,0.42,23.71,10.0,0.0,0.0,45.0,0.0
2005-06-15,2005-07-12,2219.1,2218.85,0.01,High,Financials,Yes Bank Ltd.,Small Cap,10.0,45.0,,,65.9,46.44,60.85,35.22,20.95,-53.44,,,,,,,-3.56,,,,-3.56,,70000000,35000000.0,0.0,0.0,17500000,0.0,150.0,,,,,50.0,0.0,0.0,25.0,0.0
2005-06-10,2005-07-07,2228.3,2228.2,0.0,High,Services,Provogue (India) Ltd.,Small Cap,10.0,150.0,,,249.0,66.0,247.95,65.3,,,,,,,16.91,,15.83,,,3.89,15.83,17.05,4049402,2024701.0,0.0,0.0,1417291,0.0,40.0,1.05,142.36,0.79,189.82,50.0,0.0,0.0,35.0,0.0
2005-06-09,2005-07-06,2211.35,2210.75,0.03,High,Consumer Discretionary,Uniply Industries Ltd.,Small Cap,10.0,24.0,,,29.6,23.33,29.95,24.79,,,,,,,9.44,,15.65,,,2.39,15.65,1.9,5000000,0.0,0.0,0.0,2500000,0.0,250.0,1.98,12.1,1.19,20.21,0.0,0.0,0.0,50.0,0.0
2005-05-18,2005-06-22,2167.8,2170.0,-0.1,High,Industrials,Shree Ganesh Forgings Ltd.,Small Cap,10.0,30.0,,,43.0,43.33,43.7,45.67,,,,,,,,,20.87,,,2.74,20.87,,5000000,0.0,0.0,0.0,1875000,0.0,170.0,1.67,18.0,1.0,30.0,0.0,0.0,0.0,37.5,0.0
2005-05-12,2005-06-13,2090.7,2090.6,0.0,High,Manufacturing,Nandan Exim Ltd.,Small Cap,10.0,20.0,,,48.0,140.0,50.2,151.0,2.61,-86.95,,,,,15.83,,4.77,,,9.92,4.77,1.15,6000000,0.0,0.0,0.0,3000000,0.0,250.0,1.15,17.36,0.65,30.55,0.0,0.0,0.0,50.0,0.0
2005-05-04,2005-06-10,2103.45,2103.2,0.01,High,Services,Cyber Media (India) Ltd.,Small Cap,10.0,60.0,,,75.0,25.0,105.85,76.42,18.56,-69.07,,,,,,,32.03,,,6.43,32.03,,2822500,0.0,0.0,0.0,1411250,0.0,100.0,5.21,11.51,3.74,16.04,0.0,0.0,0.0,50.0,0.0
2005-04-28,2005-05-23,1992.1,1992.4,-0.02,High,Services,Shoppers Stop Ltd.,Small Cap,10.0,238.0,,,356.2,49.66,371.6,56.13,415.0,74.37,,,,,88.6,6.2,16.89,15.35,0.76,3.48,16.89,8.29,5755556,3333334.0,0.0,0.0,1388889,0.0,25.0,4.38,54.39,3.49,68.16,57.92,0.0,0.0,24.13,0.0
2005-04-21,2005-05-17,2013.1,2012.6,0.02,High,Financials,India Infoline Ltd.,Small Cap,10.0,76.0,,,80.5,5.92,78.05,2.7,600.75,690.46,,,,,37.07,,23.72,,0.13,21.89,23.72,6.59,11878138,5500000.0,0.0,0.0,2750000,0.0,75.0,2.49,30.5,3.97,19.16,46.3,0.0,0.0,23.15,0.0
2005-04-19,2005-05-23,1992.1,1992.4,-0.02,High,Healthcare,Mangalam Drugs & Organics Ltd.,Small Cap,10.0,22.0,,,28.65,30.23,35.7,62.27,30.74,39.73,,,,,19.95,,10.75,31.47,1.13,2.54,10.75,0.29,6500000,0.0,0.0,0.0,3250000,0.0,250.0,2.86,7.69,2.63,8.35,0.0,0.0,0.0,50.0,0.0
2005-04-13,2005-05-09,1978.05,1977.5,0.03,Neutral,Services,Allsec Technologies Ltd.,Small Cap,10.0,135.0,,,150.0,11.11,128.15,-5.07,767.25,468.33,,,,,1094241.17,,-456.0,,3.98,-65.64,-456.0,-5.98,3141200,1495800.0,0.0,0.0,747900,0.0,40.0,-1865281.89,0.0,882204.26,0.0,47.62,0.0,0.0,23.81,0.0
2005-04-05,2005-04-29,1943.2,1941.3,0.1,Low,Services,Shringar Cinemas Ltd.,Small Cap,10.0,53.0,,,57.0,7.55,44.95,-15.19,,,,,,,21.72,,4.84,,0.51,22.5,4.84,0.98,8150000,3950000.0,0.0,0.0,1975000,0.0,125.0,0.49,107.64,-1.2,-44.3,48.47,0.0,0.0,24.23,0.0
2005-03-30,2005-05-26,2043.5,2043.85,-0.02,High,Technology,3I Infotech Ltd.,Small Cap,10.0,100.0,,,96.75,-3.25,97.1,-2.9,22.52,-77.48,,,,,229.88,,8.45,,0.42,1.88,8.45,1.39,23000000,11300000.0,0.0,0.0,7910000,0.0,60.0,1.41,70.96,4.02,24.9,49.13,0.0,0.0,34.39,0.0
2005-03-30,2005-04-27,1959.45,1957.1,0.12,Low,Services,Gokaldas Exports Ltd.,Small Cap,10.0,425.0,,,500.0,17.65,629.6,48.14,687.8,61.84,,,,,139.14,10.07,311.21,,11.67,0.63,311.21,39.98,3125000,1875000.0,0.0,0.0,781250,0.0,15.0,2.09,203.48,28.74,14.79,60.0,0.0,0.0,25.0,0.0
2005-03-30,2005-05-09,1978.05,1977.5,0.03,Neutral,Technology,Saksoft Ltd.,Small Cap,10.0,30.0,,,57.7,92.33,100.8,236.0,139.43,364.77,,,,,1618090.0,,16.11,,0.0,6.91,16.11,0.0,2500000,0.0,0.0,0.0,1250000,0.0,200.0,1.14,26.35,7.67,3.91,0.0,0.0,0.0,50.0,0.0
2005-03-22,2005-04-18,1955.5,1956.3,-0.04,Low,Energy,Jaiprakash Hydro-Power Ltd.,Small Cap,10.0,32.0,,,32.0,0.0,31.15,-2.66,15.13,-52.72,,,,,575.96,,12.75,,2.02,19.52,12.75,2.97,180000000,72000000.0,0.0,0.0,36000000,0.0,100.0,1.18,27.13,2.61,12.27,40.0,0.0,0.0,20.0,0.0
2005-03-09,2005-03-31,1994.5,1993.7,0.04,Low,Services,Gateway Distriparks Ltd.,Small Cap,10.0,72.0,,,88.9,23.47,112.3,55.97,,,,,,,97.84,,23.55,,0.23,32.01,23.55,5.67,21000000,10500000.0,0.0,0.0,5250000,0.0,90.0,2.99,24.09,3.32,21.69,50.0,0.0,0.0,25.0,0.0
2005-02-21,2005-03-17,2123.95,2125.55,-0.08,Neutral,Services,UTV Software Communications Ltd.,Small Cap,10.0,130.0,,,150.0,15.38,168.55,29.65,,,,,,,66.43,12.56,14.4,,0.53,8.58,14.4,2.8,6999950,3325000.0,0.0,0.0,1662500,0.0,50.0,0.06,2301.45,7.01,18.54,47.5,0.0,0.0,23.75,0.0
2005-02-18,2005-03-14,2153.8,2154.0,-0.01,High,Services,Jet Airways (India) Ltd.,Mid Cap,10.0,1100.0,,,1155.0,5.0,1304.2,18.56,35.96,-96.73,,,,,284.83,31.64,68.93,,13.41,4.57,68.93,61.76,17266801,9640081.0,0.0,0.0,4016700,0.0,6.0,22.63,48.62,29.97,36.71,55.83,0.0,0.0,23.26,0.0
