{
 "kind": "signals_ridge",
 "n": 119,
 "target": "ltp_gain_pct_vs_offer",
 "feature_names": [
  "gmp_prem",
  "log_QIB",
  "log_bNII",
  "log_sNII",
  "log_Retail",
  "% QIB",
  "% Retail",
  "% anchor",
  "smallcap",
  "nifty_chg",
  "ROE",
  "ROCE",
  "D/E",
  "PAT Margin",
  "P/B",
  "Post IPO P/E",
  "EBITA Margin",
  "sec_Agriculture",
  "sec_Auto & Auto Ancillaries",
  "sec_Consumer Discretionary",
  "sec_Energy",
  "sec_Financials",
  "sec_Healthcare",
  "sec_Industrials",
  "sec_Manufacturing",
  "sec_Materials",
  "sec_Real Estate",
  "sec_Services",
  "sec_Technology"
 ],
 "medians": {
  "gmp_prem": 20.9964412811388,
  "log_QIB": 4.420405647542997,
  "log_bNII": 4.030161533445187,
  "log_sNII": 3.7768903314366495,
  "log_Retail": 2.7485521444115397,
  "% QIB": 50.0,
  "% Retail": 34.91,
  "% anchor": 30.0,
  "smallcap": 1.0,
  "nifty_chg": 0.0,
  "ROE": 19.63,
  "ROCE": 19.39,
  "D/E": 0.69,
  "PAT Margin": 7.22,
  "P/B": 6.23,
  "Post IPO P/E": 29.19,
  "EBITA Margin": 16.07,
  "sec_Agriculture": 0.0,
  "sec_Auto & Auto Ancillaries": 0.0,
  "sec_Consumer Discretionary": 0.0,
  "sec_Energy": 0.0,
  "sec_Financials": 0.0,
  "sec_Healthcare": 0.0,
  "sec_Industrials": 0.0,
  "sec_Manufacturing": 0.0,
  "sec_Materials": 0.0,
  "sec_Real Estate": 0.0,
  "sec_Services": 0.0,
  "sec_Technology": 0.0
 },
 "coef": {
  "gmp_prem": 0.2068175501308866,
  "log_QIB": 8.941788636769374,
  "log_bNII": 3.821346331959198,
  "log_sNII": -12.760797494876119,
  "log_Retail": 7.283420543134369,
  "% QIB": -0.43397559766552973,
  "% Retail": -0.2242510808735399,
  "% anchor": -0.029123228079977425,
  "smallcap": -3.8123947181109386,
  "nifty_chg": -17.02121844929305,
  "ROE": 0.004538563545976799,
  "ROCE": 0.06358723574560005,
  "D/E": -0.4009538523405432,
  "PAT Margin": -0.5876138405611512,
  "P/B": 0.3877921358723935,
  "Post IPO P/E": 0.03919365868017811,
  "EBITA Margin": 0.2016889624289352,
  "sec_Agriculture": -3.7393347035212865,
  "sec_Auto & Auto Ancillaries": -12.846738341173124,
  "sec_Consumer Discretionary": -4.789602839669515,
  "sec_Energy": 0.1867167316419971,
  "sec_Financials": -7.36530917414758,
  "sec_Healthcare": -6.939176763250953,
  "sec_Industrials": 5.913460983112817,
  "sec_Manufacturing": 16.960496843615505,
  "sec_Materials": 2.128324940270779,
  "sec_Real Estate": 1.0553235295499435,
  "sec_Services": -6.365966323403545,
  "sec_Technology": 15.801805116974826
 },
 "intercept": 24.09459165538574,
 "cv_mae": 51.848287739860616,
 "cv_direction_acc": 0.5882352941176471
}