{
 "kind": "signals",
 "schema": 3,
 "n": 839,
 "target": "listing_gain_pct_vs_offer",
 "cv": "time-ordered",
 "feature_names": [
  "gmp_prem",
  "log_QIB",
  "log_bNII",
  "log_sNII",
  "log_Retail",
  "% QIB",
  "% Retail",
  "% anchor",
  "smallcap",
  "nifty_chg",
  "is_financial",
  "is_realestate",
  "ROE",
  "ROCE",
  "D/E",
  "PAT Margin",
  "P/B",
  "Post IPO P/E",
  "EBITA Margin"
 ],
 "medians": {
  "gmp_prem": 18.70967741935484,
  "log_QIB": 2.8892600290434745,
  "log_bNII": 3.551768503264629,
  "log_sNII": 3.3094432513378935,
  "log_Retail": 1.8779371654691073,
  "% QIB": 50.0,
  "% Retail": 35.0,
  "% anchor": 30.0,
  "smallcap": 1.0,
  "nifty_chg": 1.1320450900327073,
  "is_financial": 0.0,
  "is_realestate": 0.0,
  "ROE": 20.045,
  "ROCE": 20.9,
  "D/E": 0.69,
  "PAT Margin": 8.34,
  "P/B": 6.92,
  "Post IPO P/E": 31.8,
  "EBITA Margin": 16.07
 },
 "n_scored": 504,
 "trained_at": "2026-07-12T14:28:58.013781+00:00",
 "direction": {
  "coef": {
   "gmp_prem": 0.06980542128636132,
   "log_QIB": 0.5432805321819694,
   "log_bNII": 0.7537970957980443,
   "log_sNII": -0.6901418963338702,
   "log_Retail": 0.4199067821291175,
   "% QIB": -0.0032016136844094704,
   "% Retail": -0.016167926781056646,
   "% anchor": -0.005336022807349128,
   "smallcap": -0.40999646827665565,
   "nifty_chg": 0.0588748942502591,
   "is_financial": -0.39362748932454605,
   "is_realestate": -0.09045378079890305,
   "ROE": -0.007985067291674527,
   "ROCE": 0.013167858925949724,
   "D/E": 0.04741600237252336,
   "PAT Margin": -0.022848515695492795,
   "P/B": -0.015375053327023528,
   "Post IPO P/E": 6.961390691883529e-05,
   "EBITA Margin": 0.028356737340989986
  },
  "intercept": -2.1558185955227747,
  "link": "logistic",
  "cv_acc": 0.7598613861386138,
  "baseline_acc": 0.7063564356435644,
  "edge": 0.05350495049504948,
  "edge_se": 0.018398842361813873
 }
}