{
 "kind": "signals_ridge",
 "schema": 2,
 "n": 839,
 "target": "listing_gain_pct_vs_offer",
 "cv": "time-ordered",
 "feature_names": [
  "gmp_prem",
  "log_QIB",
  "log_bNII",
  "log_sNII",
  "log_Retail",
  "% QIB",
  "% Retail",
  "% anchor",
  "smallcap",
  "nifty_chg",
  "ROE",
  "ROCE",
  "D/E",
  "PAT Margin",
  "P/B",
  "Post IPO P/E",
  "EBITA Margin",
  "sec_Auto & Auto Ancillaries",
  "sec_Consumer Discretionary",
  "sec_Energy",
  "sec_Financials",
  "sec_Healthcare",
  "sec_Industrials",
  "sec_Materials",
  "sec_Real Estate",
  "sec_Services",
  "sec_Technology"
 ],
 "medians": {
  "gmp_prem": 18.70967741935484,
  "log_QIB": 2.8892600290434745,
  "log_bNII": 3.551768503264629,
  "log_sNII": 3.3094432513378935,
  "log_Retail": 1.8779371654691073,
  "% QIB": 50.0,
  "% Retail": 35.0,
  "% anchor": 30.0,
  "smallcap": 1.0,
  "nifty_chg": 1.1320450900327073,
  "ROE": 20.045,
  "ROCE": 20.9,
  "D/E": 0.69,
  "PAT Margin": 8.34,
  "P/B": 6.92,
  "Post IPO P/E": 31.8,
  "EBITA Margin": 16.07,
  "sec_Auto & Auto Ancillaries": 0.0,
  "sec_Consumer Discretionary": 0.0,
  "sec_Energy": 0.0,
  "sec_Financials": 0.0,
  "sec_Healthcare": 0.0,
  "sec_Industrials": 0.0,
  "sec_Materials": 0.0,
  "sec_Real Estate": 0.0,
  "sec_Services": 0.0,
  "sec_Technology": 0.0
 },
 "coef": {
  "gmp_prem": 0.8146369535120599,
  "log_QIB": 7.455117414866334,
  "log_bNII": 4.888556517543613,
  "log_sNII": -14.142241083099169,
  "log_Retail": 12.993495878318065,
  "% QIB": 0.17688505139005403,
  "% Retail": 0.38082475319550363,
  "% anchor": 0.29480841898216886,
  "smallcap": -3.3278792434692717,
  "nifty_chg": 0.47236948324108485,
  "ROE": -0.11071522179079617,
  "ROCE": 0.15495181490368362,
  "D/E": 0.14124217399137,
  "PAT Margin": -0.08279229389280676,
  "P/B": -0.11767566186831158,
  "Post IPO P/E": -0.0013792172717339085,
  "EBITA Margin": 0.010360636757815145,
  "sec_Auto & Auto Ancillaries": -33.647861280141406,
  "sec_Consumer Discretionary": -20.632139322004594,
  "sec_Energy": -20.717921968617546,
  "sec_Financials": -18.211705569568835,
  "sec_Healthcare": -15.950262813830156,
  "sec_Industrials": -18.79010178769473,
  "sec_Materials": -15.632419864792348,
  "sec_Real Estate": -31.538392960246625,
  "sec_Services": -39.19357086738199,
  "sec_Technology": -18.495554020967422
 },
 "intercept": -34.32135112097046,
 "cv_mae": 22.79777077299876,
 "cv_se": 2.6054996274797624,
 "baseline_mae": 25.307217120476672,
 "cv_edge": 2.5220551942753646,
 "cv_edge_se": 2.3081953821644112,
 "cv_direction_acc": 0.7301587301587301,
 "n_scored": 504,
 "trained_at": "2026-07-12T13:44:15.546764+00:00"
}