cg_ipo_id,detail_url,company,id,Issue Category,Opening Date,Listing Date,Listing At,ISIN,BSE Scrip Code,NSE Symbol,urlrewrite_folder_name,Issue Price (Rs.),Open Price on Listing (Rs.),% Gain/Loss (Issue price v/s Open price on Listing),Close Price on Listing (Rs.),% Gain/Loss (Issue price v/s close price on Listing),Current Price,Gain / Loss (%),IL_IPO_Listing_date,issue_open_date_plan,isin,bse_script_code,nse_symbol,Current Price <br>at BSE (Rs.),Current Price <br>at NSE (Rs.)
2483,,Manika Plastech Ltd.,2483.0,Mainboard,11-Sep-2026,21-Sep-2026,"BSE, NSE",INE0KWF01020,544929.0,MANIKA,manika-plastech-ipo,43.0,43.0,0.0,43.14,0.33,43.14,0.0,2026-09-21T00:00:00.000Z,2026-09-11,,,,,
2834,,Veegaland Developers Ltd.,2834.0,Mainboard,10-Sep-2026,18-Sep-2026,"BSE, NSE",INE1JTV01015,544923.0,VEEGALAND,veegaland-developers-ipo,140.0,154.0,10.0,146.3,4.5,141.84,0.82,2026-09-18T00:00:00.000Z,2026-09-10,,,,,
2971,,Rentomojo Ltd.,2971.0,Mainboard,09-Sep-2026,17-Sep-2026,"BSE, NSE",INE08T701025,544915.0,RENTOMOJO,rentomojo-ipo,404.0,482.45,19.42,534.25,32.24,539.75,33.94,2026-09-17T00:00:00.000Z,2026-09-09,,,,,
2558,,Asset Reconstruction Co.(India) Ltd.,2558.0,Mainboard,09-Sep-2026,17-Sep-2026,"BSE, NSE",INE148G01016,544921.0,ARCIL,asset-reconstruction-ipo,139.0,139.0,0.0,137.02,-1.42,135.18,-2.75,2026-09-17T00:00:00.000Z,2026-09-09,,,,,
2524,,Manipal Payment & Identity Solutions Ltd.,2524.0,Mainboard,09-Sep-2026,17-Sep-2026,"BSE, NSE",INE241U01028,544916.0,MPIMANIPAL,manipal-payment-and-identity-solutions-ipo,339.0,330.0,-2.65,345.15,1.81,336.6,-0.49,2026-09-17T00:00:00.000Z,2026-09-09,,,,,
2514,,Steamhouse India Ltd.,2514.0,Mainboard,09-Sep-2026,17-Sep-2026,"BSE, NSE",INE0FRO01022,544914.0,STEAMHOUSE,steamhouse-india-ipo,81.0,94.5,16.67,102.55,26.6,105.05,29.93,2026-09-17T00:00:00.000Z,2026-09-09,,,,,
2086,,LCC Projects Ltd.,2086.0,Mainboard,09-Sep-2026,17-Sep-2026,"BSE, NSE",INE1FPN01026,544918.0,LCCPROJECT,lcc-projects-ipo,146.0,189.0,29.45,170.1,16.51,141.33,-2.57,2026-09-17T00:00:00.000Z,2026-09-09,,,,,
2020,,Karamtara Engineering Ltd.,2020.0,Mainboard,09-Sep-2026,17-Sep-2026,"BSE, NSE",INE590T01012,544917.0,KARAMTARA,karamtara-engineering-ipo,254.0,320.0,25.98,352.0,38.58,356.95,40.61,2026-09-17T00:00:00.000Z,2026-09-09,,,,,
2856,,Kanohar Electricals Ltd.,2856.0,Mainboard,08-Sep-2026,16-Sep-2026,"BSE, NSE",INE877D01025,544911.0,KANOHAR,kanohar-electricals-ipo,632.0,685.5,8.47,751.5,18.91,866.95,37.45,2026-09-16T00:00:00.000Z,2026-09-08,,,,,
2594,,Glass Wall Systems (India) Ltd.,2594.0,Mainboard,08-Sep-2026,16-Sep-2026,"BSE, NSE",INE644Q01039,544913.0,GLASSWALL,glass-wall-systems-ipo,182.0,194.0,6.59,214.85,18.05,295.21,62.8,2026-09-16T00:00:00.000Z,2026-09-08,,,,,
2775,,Prasol Chemicals Ltd.,2775.0,Mainboard,08-Sep-2026,16-Sep-2026,"BSE, NSE",INE455U01024,544912.0,PRASOLCHEM,prasol-chemicals-ipo,676.0,610.0,-9.76,671.0,-0.74,681.4,0.04,2026-09-16T00:00:00.000Z,2026-09-08,,,,,
2127,,Pranav Constructions Ltd.,2127.0,Mainboard,07-Sep-2026,15-Sep-2026,"BSE, NSE",INE0H4201019,544909.0,PRANAV,pranav-constructions-ipo,124.0,165.0,33.06,132.0,6.45,105.25,-15.04,2026-09-15T00:00:00.000Z,2026-09-07,,,,,
2827,,Deepa Jewellers Ltd.,2827.0,Mainboard,01-Sep-2026,08-Sep-2026,"BSE, NSE",INE1M2N01020,544903.0,DEEPA,deepa-jewellers-ipo,177.0,221.0,24.86,194.37,9.81,183.06,3.42,2026-09-08T00:00:00.000Z,2026-09-01,,,,,
2787,,Rays of Belief Ltd.,2787.0,Mainboard,01-Sep-2026,08-Sep-2026,"BSE, NSE",INE1FCO01014,544906.0,MOMSBELIEF,rays-of-belief-ipo,239.0,239.0,0.0,228.34,-4.46,223.89,-7.95,2026-09-08T00:00:00.000Z,2026-09-01,,,,,
2622,,Purple Style Labs Ltd.,2622.0,Mainboard,31-Aug-2026,07-Sep-2026,"BSE, NSE",INE0I1B01016,544901.0,PERNIASPOP,purple-style-labs-ipo,575.0,535.0,-6.96,568.55,-1.12,533.35,-7.19,2026-09-07T00:00:00.000Z,2026-08-31,,,,,
2435,,Priority Jewels Ltd.,2435.0,Mainboard,28-Aug-2026,04-Sep-2026,"BSE, NSE",INE15EH01014,544899.0,PRIORITY,priority-jewels-ipo,200.0,230.0,15.0,241.5,20.75,231.88,16.4,2026-09-04T00:00:00.000Z,2026-08-28,,,,,
1198,,ESDS Software Solution Ltd.,1198.0,Mainboard,28-Aug-2026,04-Sep-2026,"BSE, NSE",INE0DRI01029,544898.0,ESDS,esds-software-ipo,429.0,757.0,76.46,908.4,111.75,1642.75,278.18,2026-09-04T00:00:00.000Z,2026-08-28,,,,,
2013,,Lumino Industries Ltd.,2013.0,Mainboard,27-Aug-2026,03-Sep-2026,"BSE, NSE",INE185Q01025,544894.0,LUMINO,lumino-industries-ipo,82.0,110.0,34.15,110.32,34.54,113.36,38.29,2026-09-03T00:00:00.000Z,2026-08-27,,,,,
2500,,Annu Projects Ltd.,2500.0,Mainboard,25-Aug-2026,02-Sep-2026,"BSE, NSE",INE103001017,544893.0,ANNU,annu-projects-ipo,99.0,72.0,-27.27,75.6,-23.64,52.69,-46.74,2026-09-02T00:00:00.000Z,2026-08-25,,,,,
2815,,Symbiotec Pharmalab Ltd.,2815.0,Mainboard,24-Aug-2026,01-Sep-2026,"BSE, NSE",INE899I01028,544889.0,SYMBIOTEC,symbiotec-pharmalab-ipo,988.0,988.0,0.0,1097.7,11.1,1156.05,17.25,2026-09-01T00:00:00.000Z,2026-08-24,,,,,
2591,,Hy-Tech Engineers Ltd.,2591.0,Mainboard,24-Aug-2026,01-Sep-2026,"BSE, NSE",INE0LEG01024,544891.0,HTEL,hy-tech-engineers-ipo,53.0,75.0,41.51,78.75,48.58,72.52,36.64,2026-09-01T00:00:00.000Z,2026-08-24,,,,,
2510,,Skyways Air Services Ltd.,2510.0,Mainboard,24-Aug-2026,01-Sep-2026,"BSE, NSE",INE0PX301025,544890.0,SKYWAYS,skyways-air-ipo,138.0,124.0,-10.14,125.56,-9.01,126.03,-8.59,2026-09-01T00:00:00.000Z,2026-08-24,,,,,
2673,,Augmont Enterprises Ltd.,2673.0,Mainboard,21-Aug-2026,31-Aug-2026,"BSE, NSE",INE16W401027,544888.0,AUGMONT,augmont-enterprises-ipo,788.0,961.0,21.95,908.15,15.25,887.2,12.48,2026-08-31T00:00:00.000Z,2026-08-21,,,,,
2668,,Tempsens Instruments (India) Ltd.,2668.0,Mainboard,20-Aug-2026,28-Aug-2026,"BSE, NSE",INE1KZI01025,544886.0,TEMPSENS,tempsens-instruments-india-ipo,300.0,634.0,111.33,586.65,95.55,526.85,75.72,2026-08-28T00:00:00.000Z,2026-08-20,,,,,
2527,,Gaja Alternative Asset Management Ltd.,2527.0,Mainboard,19-Aug-2026,26-Aug-2026,"BSE, NSE",INE18UN01038,544885.0,GAJA,gaja-alternative-asset-management-ipo,160.0,185.0,15.62,168.67,5.42,162.71,1.53,2026-08-26T00:00:00.000Z,2026-08-19,,,,,
2663,,Shankesh Jewellers Ltd.,2663.0,Mainboard,18-Aug-2026,25-Aug-2026,"BSE, NSE",INE1WFC01025,544882.0,SHANKESH,shankesh-jewellers-ipo,93.0,103.3,11.08,94.82,1.96,91.54,-1.55,2026-08-25T00:00:00.000Z,2026-08-18,,,,,
2002,,Sunshine Pictures Ltd.,2002.0,Mainboard,18-Aug-2026,25-Aug-2026,"BSE, NSE",INE1B3O01011,544881.0,SUNSHINE,sunshine-pictures-ipo,360.0,395.9,9.97,369.2,2.56,430.1,19.43,2026-08-25T00:00:00.000Z,2026-08-18,,,,,
2826,,Horizon Industrial Parks Ltd.,2826.0,Mainboard,17-Aug-2026,24-Aug-2026,"BSE, NSE",INE685T01010,544880.0,HORIZONIND,horizon-industrial-parks-ipo,60.0,60.25,0.42,58.16,-3.07,52.74,-12.05,2026-08-24T00:00:00.000Z,2026-08-17,,,,,
2469,,Lalithaa Jewellery Mart Ltd.,2469.0,Mainboard,17-Aug-2026,24-Aug-2026,"BSE, NSE",INE0K9O01026,544879.0,LALITHAA,lalithaa-jewellery-mart-ipo,201.0,265.0,31.84,248.44,23.6,320.1,59.2,2026-08-24T00:00:00.000Z,2026-08-17,,,,,
2659,,Behari Lal Engineering Ltd.,2659.0,Mainboard,12-Aug-2026,19-Aug-2026,"BSE, NSE",INE1EEM01017,544870.0,BLEL,behari-lal-engineering-ipo,285.0,465.0,63.16,502.2,76.21,439.55,54.61,2026-08-19T00:00:00.000Z,2026-08-12,,,,,
2450,,Shiprocket Ltd.,2450.0,Mainboard,12-Aug-2026,19-Aug-2026,"BSE, NSE",INE0FOO01011,544871.0,SHIPROCKET,shiprocket-ipo,97.0,131.0,35.05,143.45,47.89,122.49,26.29,2026-08-19T00:00:00.000Z,2026-08-12,,,,,
2541,,Milky Mist Dairy Food Ltd.,2541.0,Mainboard,11-Aug-2026,18-Aug-2026,"BSE, NSE",INE00IT01020,544868.0,MILKYMIST,milky-mist-dairy-food-ipo,140.0,165.0,17.86,181.5,29.64,287.77,105.61,2026-08-18T00:00:00.000Z,2026-08-11,,,,,
2859,,Dhoot Transmission Ltd.,2859.0,Mainboard,10-Aug-2026,17-Aug-2026,"BSE, NSE",INE01NH01023,544867.0,DHOOTTRANS,dhoot-transmission-ipo,871.0,1200.0,37.77,1187.05,36.29,1582.3,81.69,2026-08-17T00:00:00.000Z,2026-08-10,,,,,
2579,,Molbio Diagnostics Ltd.,2579.0,Mainboard,10-Aug-2026,17-Aug-2026,"BSE, NSE",INE869T01028,544866.0,MOLBIO,molbio-diagnostics-ipo,807.0,980.0,21.44,1041.7,29.08,1218.8,51.1,2026-08-17T00:00:00.000Z,2026-08-10,,,,,
2583,,LEAP India Ltd.,2583.0,Mainboard,07-Aug-2026,14-Aug-2026,"BSE, NSE",INE00GO01025,544865.0,LEAP,leap-india-ipo,159.0,165.9,4.34,144.93,-8.85,145.9,-8.3,2026-08-14T00:00:00.000Z,2026-08-07,,,,,
2565,,Technocraft Ventures Ltd.,2565.0,Mainboard,07-Aug-2026,14-Aug-2026,"BSE, NSE",INE1D0W01018,544864.0,TECHNOCRAF,technocraft-ventures-ipo,212.0,284.0,33.96,311.15,46.77,437.65,106.51,2026-08-14T00:00:00.000Z,2026-08-07,,,,,
2860,,Ardee Industries Ltd.,2860.0,Mainboard,05-Aug-2026,12-Aug-2026,"BSE, NSE",INE0XNF01022,544860.0,ARDEE,ardee-industries-ipo,53.0,72.0,35.85,67.12,26.64,48.68,-8.15,2026-08-12T00:00:00.000Z,2026-08-05,,,,,
2800,,MV Electrosystems Ltd.,2800.0,Mainboard,30-Jul-2026,06-Aug-2026,"BSE, NSE",INE0OWZ01020,544851.0,MVELECTRO,mv-electrosystems-ipo,425.0,520.0,22.35,624.0,46.82,882.2,107.64,2026-08-06T00:00:00.000Z,2026-07-30,,,,,
2492,,Juniper Green Energy Ltd.,2492.0,Mainboard,30-Jul-2026,06-Aug-2026,"BSE, NSE",INE05C901015,544853.0,JNPR,juniper-green-energy-ipo,225.0,245.0,8.89,259.71,15.43,270.9,20.42,2026-08-06T00:00:00.000Z,2026-07-30,,,,,
2956,,Manipal Health Enterprises Ltd.,2956.0,Mainboard,29-Jul-2026,05-Aug-2026,"BSE, NSE",INE459N01021,544847.0,MANIPALHOS,manipal-health-enterprises-ipo,590.0,652.0,10.51,666.95,13.04,747.15,26.57,2026-08-05T00:00:00.000Z,2026-07-29,,,,,
2688,,Xtranet Technologies Ltd.,2688.0,Mainboard,23-Jul-2026,30-Jul-2026,"BSE, NSE",INE0NG701011,544838.0,XTRANET,xtranet-technologies-ipo,127.0,136.0,7.09,129.2,1.73,341.43,169.13,2026-07-30T00:00:00.000Z,2026-07-23,,,,,
2682,,Indo-MIM Ltd.,2682.0,Mainboard,23-Jul-2026,30-Jul-2026,"BSE, NSE",INE084101034,544837.0,INDOMIM,indo-mim-ipo,485.0,700.0,44.33,741.75,52.94,1161.45,139.92,2026-07-30T00:00:00.000Z,2026-07-23,,,,,
2574,,Lohia Corp Ltd.,2574.0,Mainboard,23-Jul-2026,30-Jul-2026,"BSE, NSE",INE0QJW01029,544839.0,LCL,lohia-corp-ipo,425.0,461.0,8.47,494.6,16.38,560.35,31.32,2026-07-30T00:00:00.000Z,2026-07-23,,,,,
1999,,Caliber Mining & Logistics Ltd.,1999.0,Mainboard,17-Jul-2026,24-Jul-2026,"BSE, NSE",INE11XY01018,544833.0,CMLL,caliber-mining-ipo,424.0,500.25,17.98,528.2,24.58,475.95,12.25,2026-07-24T00:00:00.000Z,2026-07-17,,,,,
2949,,SBI Funds Management Ltd.,2949.0,Mainboard,14-Jul-2026,21-Jul-2026,"BSE, NSE",INE640G01020,544829.0,SBIFUNDS,sbi-funds-management-ipo,574.0,613.3,6.85,609.75,6.23,552.6,-3.74,2026-07-21T00:00:00.000Z,2026-07-14,,,,,
2675,,Alpine Texworld Ltd.,2675.0,Mainboard,14-Jul-2026,21-Jul-2026,"BSE, NSE",INE1JCQ01037,544825.0,ALPINETEX,alpine-texworld-ipo,105.0,105.0,0.0,99.75,-5.0,52.11,-50.39,2026-07-21T00:00:00.000Z,2026-07-14,,,,,
2654,,Laser Power & Infra Ltd.,2654.0,Mainboard,09-Jul-2026,16-Jul-2026,"BSE, NSE",INE17IR01028,544822.0,LASERPOWER,laser-power-infra-ipo,214.0,250.0,16.82,262.42,22.63,275.95,28.9,2026-07-16T00:00:00.000Z,2026-07-09,,,,,
2670,,Kusumgar Ltd.,2670.0,Mainboard,08-Jul-2026,15-Jul-2026,"BSE, NSE",INE0ISX01025,544821.0,KUSUMGAR,kusumgar-ipo,419.0,569.0,35.8,602.8,43.87,610.35,45.43,2026-07-15T00:00:00.000Z,2026-07-08,,,,,
2592,,Knack Packaging Ltd.,2592.0,Mainboard,01-Jul-2026,08-Jul-2026,"BSE, NSE",INE17QZ01016,544814.0,KNACK,knack-packaging-ipo,170.0,188.0,10.59,182.98,7.64,182.66,7.44,2026-07-08T00:00:00.000Z,2026-07-01,,,,,
2678,,Aastha Spintex Ltd.,2678.0,Mainboard,29-Jun-2026,06-Jul-2026,"BSE, NSE",INE2FMX01012,544808.0,AASTHA,aastha-spintex-ipo,136.0,130.0,-4.41,136.49,0.36,74.21,-45.35,2026-07-06T00:00:00.000Z,2026-06-29,,,,,
2641,,CSM Technologies Ltd.,2641.0,Mainboard,24-Jun-2026,02-Jul-2026,"BSE, NSE",INE0ZK601013,544806.0,CSM,csm-technologies-ipo,113.0,113.0,0.0,107.35,-5.0,108.19,-4.12,2026-07-02T00:00:00.000Z,2026-06-24,,,,,
2686,,Advit Jewels Ltd.,2686.0,Mainboard,23-Jun-2026,01-Jul-2026,"BSE, NSE",INE1SJO01012,544803.0,RAMBHAJO,advit-jewels-ipo,138.0,188.9,36.88,179.46,30.04,304.03,120.29,2026-07-01T00:00:00.000Z,2026-06-23,,,,,
2474,,Waterways Leisure Tourism Ltd.,2474.0,Mainboard,23-Jun-2026,01-Jul-2026,"BSE, NSE",INE0LZF01013,544802.0,CORDELIA,cordelia-cruises-ipo,808.0,681.0,-15.72,668.1,-17.31,113.67,-85.99,2026-07-01T00:00:00.000Z,2026-06-23,,,,,
2601,,Turtlemint Fintech Solutions Ltd.,2601.0,Mainboard,19-Jun-2026,29-Jun-2026,"BSE, NSE",INE0OC301013,544799.0,TURTLEMINT,turtlemint-fintech-solutions-ipo,152.0,134.9,-11.25,135.37,-10.94,131.17,-13.75,2026-06-29T00:00:00.000Z,2026-06-19,,,,,
2658,,Hexagon Nutrition Ltd.,2658.0,Mainboard,05-Jun-2026,12-Jun-2026,"BSE, NSE",INE0JUI01012,544785.0,HEXAGON,hexagon-nutrition-ipo,45.0,53.19,18.2,53.19,18.2,66.36,47.2,2026-06-12T00:00:00.000Z,2026-06-05,,,,,
2586,,CMR Green Technologies Ltd.,2586.0,Mainboard,03-Jun-2026,10-Jun-2026,"BSE, NSE",INE00WV01027,544777.0,CMRGREEN,cmr-green-technologies-ipo,192.0,268.0,39.58,241.2,25.62,229.9,19.71,2026-06-10T00:00:00.000Z,2026-06-03,,,,,
2576,,OnEMI Technology Solutions Ltd.,2576.0,Mainboard,30-Apr-2026,08-May-2026,"BSE, NSE",INE12F801023,544754.0,KISSHT,onemi-technology-ipo,171.0,190.0,11.11,208.63,22.01,362.5,112.13,2026-05-08T00:00:00.000Z,2026-04-30,,,,,
2676,,Om Power Transmission Ltd.,2676.0,Mainboard,09-Apr-2026,17-Apr-2026,"BSE, NSE",INE25E901019,544750.0,OMPOWER,om-power-transmission-ipo,175.0,186.0,6.29,193.38,10.5,170.5,-2.51,2026-04-17T00:00:00.000Z,2026-04-09,,,,,
2681,,Sai Parenteral's Ltd.,2681.0,Mainboard,24-Mar-2026,02-Apr-2026,"BSE, NSE",INE0H9F01037,544742.0,SAIPARENT,sai-parenterals-ipo,392.0,400.0,2.04,405.7,3.49,510.85,30.38,2026-04-02T00:00:00.000Z,2026-03-24,,,,,
2570,,Powerica Ltd.,2570.0,Mainboard,24-Mar-2026,02-Apr-2026,"BSE, NSE",INE921L01032,544744.0,POWERICA,powerica-ipo,395.0,366.0,-7.34,390.0,-1.27,568.1,43.57,2026-04-02T00:00:00.000Z,2026-03-24,,,,,
2501,,Amir Chand Jagdish Kumar (Exports) Ltd.,2501.0,Mainboard,24-Mar-2026,02-Apr-2026,"BSE, NSE",INE05TO01019,544743.0,AMIRCHAND,amir-chand-jagdish-kumar-ipo,212.0,200.0,-5.66,180.0,-15.09,,-5.07,2026-04-02T00:00:00.000Z,2026-03-24,,,,,
2456,,Central Mine Planning & Design Institute Ltd.,2456.0,Mainboard,20-Mar-2026,30-Mar-2026,"BSE, NSE",INE05HV01027,544739.0,CMPDI,central-mine-planning-design-institute-ipo,172.0,160.0,-6.98,154.06,-10.43,209.96,22.01,2026-03-30T00:00:00.000Z,2026-03-20,,,,,
2031,,GSP Crop Science Ltd.,2031.0,Mainboard,16-Mar-2026,24-Mar-2026,"BSE, NSE",INE713R01022,544733.0,GSPCROP,gsp-crop-ipo,320.0,328.0,2.5,356.25,11.33,490.9,52.86,2026-03-24T00:00:00.000Z,2026-03-16,,,,,
2039,,Innovision Ltd.,2039.0,Mainboard,10-Mar-2026,23-Mar-2026,"BSE, NSE",INE0ADB01012,544732.0,INNOVISION,innovision-limited-ipo,519.0,467.7,-9.88,374.2,-27.9,253.3,-51.28,2026-03-23T00:00:00.000Z,2026-03-10,,,,,
2067,,Rajputana Stainless Ltd.,2067.0,Mainboard,09-Mar-2026,19-Mar-2026,"BSE, NSE",INE313L01016,544731.0,RSL,rajputana-stainless-ipo,122.0,122.0,0.0,113.03,-7.35,197.88,62.42,2026-03-19T00:00:00.000Z,2026-03-09,,,,,
2794,,SEDEMAC Mechatronics Ltd.,2794.0,Mainboard,04-Mar-2026,11-Mar-2026,"BSE, NSE",INE00XB01019,544723.0,SEDEMAC,sedemac-mechatronics-ipo,1352.0,1535.0,13.54,1451.1,7.33,3088.0,128.12,2026-03-11T00:00:00.000Z,2026-03-04,,,,,
2479,,Omnitech Engineering Ltd.,2479.0,Mainboard,25-Feb-2026,05-Mar-2026,"BSE, NSE",INE0UH301010,544720.0,OMNI,omnitech-engineering-ipo,227.0,202.0,-11.01,204.93,-9.72,551.35,142.86,2026-03-05T00:00:00.000Z,2026-02-25,,,,,
2475,,PNGS Reva Diamond Jewellery Ltd.,2475.0,Mainboard,24-Feb-2026,04-Mar-2026,"BSE, NSE",INE1RDG01013,544718.0,PNGSREVA,pngs-reva-ipo,386.0,375.0,-2.85,411.7,6.66,511.05,32.51,2026-03-04T00:00:00.000Z,2026-02-24,,,,,
2573,,Clean Max Enviro Energy Solutions Ltd.,2573.0,Mainboard,23-Feb-2026,02-Mar-2026,"BSE, NSE",INE647U01026,544717.0,CLEANMAX,clean-max-enviro-energy-solutions-ipo,1053.0,960.0,-8.83,867.5,-17.62,1340.5,27.83,2026-03-02T00:00:00.000Z,2026-02-23,,,,,
2502,,Shree Ram Twistex Ltd.,2502.0,Mainboard,23-Feb-2026,02-Mar-2026,"BSE, NSE",INE19GK01015,544716.0,SRTL,shree-ram-twistex-ipo,104.0,68.0,-34.62,71.4,-31.35,38.36,-63.03,2026-03-02T00:00:00.000Z,2026-02-23,,,,,
2019,,Gaudium IVF & Women Health Ltd.,2019.0,Mainboard,20-Feb-2026,27-Feb-2026,"BSE, NSE",INE0P8B01020,544709.0,GAUDIUMIVF,gaudium-ivf-ipo,79.0,83.0,5.06,80.26,1.59,112.25,42.09,2026-02-27T00:00:00.000Z,2026-02-20,,,,,
2569,,Fractal Analytics Ltd.,2569.0,Mainboard,09-Feb-2026,16-Feb-2026,"BSE, NSE",INE212S01015,544700.0,FRACTAL,fractal-analytics-ipo,900.0,876.0,-2.67,847.15,-5.87,760.9,-15.54,2026-02-16T00:00:00.000Z,2026-02-09,,,,,
2026,,Aye Finance Ltd.,2026.0,Mainboard,09-Feb-2026,16-Feb-2026,"BSE, NSE",INE501X01029,544699.0,AYE,aye-finance-ipo,129.0,129.0,0.0,128.91,-0.07,187.11,45.35,2026-02-16T00:00:00.000Z,2026-02-09,,,,,
2526,,Shadowfax Technologies Ltd.,2526.0,Mainboard,20-Jan-2026,28-Jan-2026,"BSE, NSE",INE12UN01015,544685.0,SHADOWFAX,shadowfax-technologies-ipo,124.0,112.6,-9.19,109.98,-11.31,272.75,120.0,2026-01-28T00:00:00.000Z,2026-01-20,,,,,
2549,,Amagi Media Labs Ltd.,2549.0,Mainboard,13-Jan-2026,21-Jan-2026,"BSE, NSE",INE121R01077,544679.0,AMAGI,amagi-media-labs-ipo,361.0,318.0,-11.91,348.25,-3.53,564.5,56.12,2026-01-21T00:00:00.000Z,2026-01-13,,,,,
2462,,Bharat Coking Coal Ltd.,2462.0,Mainboard,09-Jan-2026,19-Jan-2026,"BSE, NSE",INE05XR01022,544678.0,BHARATCOAL,bharat-coking-coal-ipo,23.0,45.0,95.65,40.58,76.43,32.27,40.35,2026-01-19T00:00:00.000Z,2026-01-09,,,,,
2289,,Gujarat Kidney & Super Speciality Ltd.,2289.0,Mainboard,22-Dec-2025,30-Dec-2025,"BSE, NSE",INE0V0W01025,544666.0,GKSL,gujarat-kidney-and-super-speciality-ipo,114.0,120.0,5.26,104.54,-8.3,183.21,60.66,2025-12-30T00:00:00.000Z,2025-12-22,,,,,
2454,,KSH International Ltd.,2454.0,Mainboard,16-Dec-2025,23-Dec-2025,"BSE, NSE",INE987S01020,544664.0,KSHINTL,ksh-international-ipo,384.0,370.0,-3.65,355.0,-7.55,1032.15,168.57,2025-12-23T00:00:00.000Z,2025-12-16,,,,,
2525,,ICICI Prudential Asset Management Co.Ltd.,2525.0,Mainboard,12-Dec-2025,19-Dec-2025,"BSE, NSE",INE346A01027,544658.0,ICICIAMC,icici-prudential-amc-ipo,2165.0,2600.0,20.09,2585.9,19.44,3207.8,48.33,2025-12-19T00:00:00.000Z,2025-12-12,,,,,
2548,,Nephrocare Health Services Ltd.,2548.0,Mainboard,10-Dec-2025,17-Dec-2025,"BSE, NSE",INE428V01029,544647.0,NEPHROPLUS,nephrocare-health-ipo,460.0,490.0,6.52,471.25,2.45,751.6,63.37,2025-12-17T00:00:00.000Z,2025-12-10,,,,,
2297,,Park Medi World Ltd.,2297.0,Mainboard,10-Dec-2025,17-Dec-2025,"BSE, NSE",INE119201023,544645.0,PARKHOSPS,park-medi-world-ipo,162.0,158.8,-1.98,147.95,-8.67,284.7,75.71,2025-12-17T00:00:00.000Z,2025-12-10,,,,,
2488,,Wakefit Innovations Ltd.,2488.0,Mainboard,08-Dec-2025,15-Dec-2025,"BSE, NSE",INE0E7301029,544642.0,WAKEFIT,wakefit-innovations-ipo,195.0,195.0,0.0,192.29,-1.39,146.66,-24.85,2025-12-15T00:00:00.000Z,2025-12-08,,,,,
2433,,Corona Remedies Ltd.,2433.0,Mainboard,08-Dec-2025,15-Dec-2025,"BSE, NSE",INE02ZQ01018,544644.0,CORONA,corona-remedies-ipo,1062.0,1470.0,38.42,1438.4,35.44,2212.9,108.5,2025-12-15T00:00:00.000Z,2025-12-08,,,,,
2516,,Meesho Ltd.,2516.0,Mainboard,03-Dec-2025,10-Dec-2025,"BSE, NSE",INE0VDM01015,544632.0,MEESHO,meesho-ipo,111.0,162.5,46.4,170.09,53.23,219.15,97.34,2025-12-10T00:00:00.000Z,2025-12-03,,,,,
2005,,Vidya Wires Ltd.,2005.0,Mainboard,03-Dec-2025,10-Dec-2025,"BSE, NSE",INE14UN01029,544633.0,VIDYAWIRES,vidya-wires-ipo,52.0,52.0,0.0,53.17,2.25,85.45,64.37,2025-12-10T00:00:00.000Z,2025-12-03,,,,,
2465,,Aequs Ltd.,2465.0,Mainboard,03-Dec-2025,10-Dec-2025,"BSE, NSE",INE947N01017,544634.0,AEQUS,aequs-ipo,124.0,140.0,12.9,151.29,22.01,231.57,86.77,2025-12-10T00:00:00.000Z,2025-12-03,,,,,
2484,,Sudeep Pharma Ltd.,2484.0,Mainboard,21-Nov-2025,28-Nov-2025,"BSE, NSE",INE0QPI01025,544619.0,SUDEEPPHRM,sudeep-pharma-ipo,593.0,730.0,23.1,774.15,30.55,1144.0,92.97,2025-11-28T00:00:00.000Z,2025-11-21,,,,,
2148,,Excelsoft Technologies Ltd.,2148.0,Mainboard,19-Nov-2025,26-Nov-2025,"BSE, NSE",INE606N01019,544617.0,EXCELSOFT,excelsoft-technologies-ipo,120.0,135.0,12.5,125.97,4.97,81.83,-31.84,2025-11-26T00:00:00.000Z,2025-11-19,,,,,
2476,,Capillary Technologies India Ltd.,2476.0,Mainboard,14-Nov-2025,21-Nov-2025,"BSE, NSE",INE0ILV01024,544614.0,CAPILLARY,capillary-technologies-ipo,577.0,571.9,-0.88,606.5,5.11,510.15,-11.69,2025-11-21T00:00:00.000Z,2025-11-14,,,,,
2025,,Fujiyama Power Systems Ltd.,2025.0,Mainboard,13-Nov-2025,20-Nov-2025,"BSE, NSE",INE12UR01024,544613.0,UTLSOLAR,fujiyama-power-systems-ipo,228.0,220.0,-3.51,208.44,-8.58,422.05,84.98,2025-11-20T00:00:00.000Z,2025-11-13,,,,,
2509,,Tenneco Clean Air India Ltd.,2509.0,Mainboard,12-Nov-2025,19-Nov-2025,"BSE, NSE",INE19RI01016,544612.0,TENNIND,tenneco-clean-ipo,397.0,505.0,27.2,490.8,23.63,514.1,29.55,2025-11-19T00:00:00.000Z,2025-11-12,,,,,
2518,,Emmvee Photovoltaic Power Ltd.,2518.0,Mainboard,11-Nov-2025,18-Nov-2025,"BSE, NSE",INE1C6T01020,544608.0,EMMVEE,emmvee-photovoltaic-ipo,217.0,217.0,0.0,219.4,1.11,340.6,56.98,2025-11-18T00:00:00.000Z,2025-11-11,,,,,
2266,,PhysicsWallah Ltd.,2266.0,Mainboard,11-Nov-2025,18-Nov-2025,"BSE, NSE",INE0LP301011,544609.0,PHYSICS,physicswallah-ipo,109.0,145.0,33.03,155.24,42.42,134.76,23.72,2025-11-18T00:00:00.000Z,2025-11-11,,,,,
2487,,Pine Labs Ltd.,2487.0,Mainboard,07-Nov-2025,14-Nov-2025,"BSE, NSE",INE15B701018,544606.0,PINELABS,pine-labs-ipo,221.0,242.0,9.5,250.89,13.52,193.7,-12.42,2025-11-14T00:00:00.000Z,2025-11-07,,,,,
2453,,Billionbrains Garage Ventures Ltd.,2453.0,Mainboard,04-Nov-2025,12-Nov-2025,"BSE, NSE",INE0HOQ01053,544603.0,GROWW,groww-ipo,100.0,112.0,12.0,131.33,31.33,190.59,90.6,2025-11-12T00:00:00.000Z,2025-11-04,,,,,
2551,,Lenskart Solutions Ltd.,2551.0,Mainboard,31-Oct-2025,10-Nov-2025,"BSE, NSE",INE956O01016,544600.0,LENSKART,lenskart-solutions-ipo,402.0,395.0,-1.74,403.1,0.27,683.85,70.1,2025-11-10T00:00:00.000Z,2025-10-31,,,,,
2259,,Studds Accessories Ltd.,2259.0,Mainboard,30-Oct-2025,07-Nov-2025,"BSE, NSE",INE00Q601028,544599.0,STUDDS,studds-accessories-ipo,585.0,565.0,-3.42,560.3,-4.22,430.5,-26.37,2025-11-07T00:00:00.000Z,2025-10-30,,,,,
2470,,Orkla India Ltd.,2470.0,Mainboard,29-Oct-2025,06-Nov-2025,"BSE, NSE",INE16NZ01023,544595.0,ORKLAINDIA,orkla-india-ipo,730.0,750.1,2.75,713.65,-2.24,579.05,-20.85,2025-11-06T00:00:00.000Z,2025-10-29,,,,,
2150,,Midwest Ltd.,2150.0,Mainboard,15-Oct-2025,24-Oct-2025,"BSE, NSE",INE0XAD01024,544587.0,MIDWESTLTD,midwest-ipo,1065.0,1165.0,9.39,1140.5,7.09,988.3,-6.79,2025-10-24T00:00:00.000Z,2025-10-15,,,,,
2429,,Canara HSBC Life Insurance Co.Ltd.,2429.0,Mainboard,10-Oct-2025,17-Oct-2025,"BSE, NSE",INE01TY01017,544583.0,CANHLIFE,canara-hsbc-life-insurance-ipo,106.0,106.0,0.0,111.42,5.11,152.97,44.34,2025-10-17T00:00:00.000Z,2025-10-10,,,,,
2254,,Rubicon Research Ltd.,2254.0,Mainboard,09-Oct-2025,16-Oct-2025,"BSE, NSE",INE506V01022,544578.0,RUBICON,rubicon-research-ipo,485.0,620.0,27.84,628.2,29.53,1732.6,256.97,2025-10-16T00:00:00.000Z,2025-10-09,,,,,
2428,,Canara Robeco Asset Management Co.Ltd.,2428.0,Mainboard,09-Oct-2025,16-Oct-2025,"BSE, NSE",INE218I01013,544580.0,CRAMC,canara-robeco-ipo,266.0,280.25,5.36,300.45,12.95,231.1,-12.97,2025-10-16T00:00:00.000Z,2025-10-09,,,,,
2064,,LG Electronics India Ltd.,2064.0,Mainboard,07-Oct-2025,14-Oct-2025,"BSE, NSE",INE324D01010,544576.0,LGEINDIA,lg-electronics-india-ipo,1140.0,1710.1,50.01,1689.9,48.24,1656.3,45.34,2025-10-14T00:00:00.000Z,2025-10-07,,,,,
2317,,Tata Capital Ltd.,2317.0,Mainboard,06-Oct-2025,13-Oct-2025,"BSE, NSE",INE976I01016,544574.0,TATACAP,tata-capital-ipo,326.0,330.0,1.23,330.5,1.38,343.7,5.38,2025-10-13T00:00:00.000Z,2025-10-06,,,,,
2014,,WeWork India Management Ltd.,2014.0,Mainboard,03-Oct-2025,10-Oct-2025,"BSE, NSE",INE085001019,544570.0,WEWORK,wework-india-management-ipo,648.0,650.0,0.31,628.65,-2.99,672.35,3.64,2025-10-10T00:00:00.000Z,2025-10-03,,,,,
2290,,Advance Agrolife Ltd.,2290.0,Mainboard,30-Sep-2025,08-Oct-2025,"BSE, NSE",INE1B0W01010,544562.0,ADVANCE,advance-agrolife-ipo,100.0,114.0,14.0,108.3,8.3,107.83,7.9,2025-10-08T00:00:00.000Z,2025-09-30,,,,,
2407,,Om Freight Forwarders Ltd.,2407.0,Mainboard,29-Sep-2025,08-Oct-2025,"BSE, NSE",INE1BZC01019,544564.0,OMFREIGHT,om-freight-forwarders-ipo,135.0,81.5,-39.63,85.57,-36.61,88.07,-35.75,2025-10-08T00:00:00.000Z,2025-09-29,,,,,
2624,,Fabtech Technologies Ltd.,2624.0,Mainboard,29-Sep-2025,07-Oct-2025,"BSE, NSE",INE0HF201011,544558.0,FABTECH,fabtech-technologies-ipo,191.0,192.0,0.52,182.4,-4.5,147.23,-22.59,2025-10-07T00:00:00.000Z,2025-09-29,,,,,
1998,,Glottis Ltd.,1998.0,Mainboard,29-Sep-2025,07-Oct-2025,"BSE, NSE",INE0TQE01026,544557.0,GLOTTIS,glottis-ipo,129.0,84.0,-34.88,83.7,-35.12,57.76,-54.71,2025-10-07T00:00:00.000Z,2025-09-29,,,,,
2306,,Pace Digitek Ltd.,2306.0,Mainboard,26-Sep-2025,06-Oct-2025,"BSE, NSE",INE0S3G01027,544550.0,PACEDIGITK,pace-digitek-ipo,219.0,225.0,2.74,217.99,-0.46,154.86,-29.32,2025-10-06T00:00:00.000Z,2025-09-26,,,,,
2432,,Jinkushal Industries Ltd.,2432.0,Mainboard,25-Sep-2025,03-Oct-2025,"BSE, NSE",INE1FF001016,544547.0,JKIPL,jinkushal-industries-ipo,121.0,125.0,3.31,121.66,0.55,101.9,-15.58,2025-10-03T00:00:00.000Z,2025-09-25,,,,,
2231,,Trualt Bioenergy Ltd.,2231.0,Mainboard,25-Sep-2025,03-Oct-2025,"BSE, NSE",INE0MWH01014,544545.0,TRUALT,trualt-bioenergy-ipo,496.0,545.4,9.96,530.95,7.05,415.05,-16.26,2025-10-03T00:00:00.000Z,2025-09-25,,,,,
2212,,BMW Ventures Ltd.,2212.0,Mainboard,24-Sep-2025,01-Oct-2025,"BSE, NSE",INE965W01036,544543.0,BMWVENTLTD,bmw-ventures-ipo,99.0,78.0,-21.21,74.1,-25.15,50.47,-49.19,2025-10-01T00:00:00.000Z,2025-09-24,,,,,
2023,,Epack Prefab Technologies Ltd.,2023.0,Mainboard,24-Sep-2025,01-Oct-2025,"BSE, NSE",INE0MLS01022,544540.0,EPACKPEB,epack-prefab-technologies-ipo,204.0,183.85,-9.88,190.66,-6.54,241.57,18.5,2025-10-01T00:00:00.000Z,2025-09-24,,,,,
2345,,Jain Resource Recycling Ltd.,2345.0,Mainboard,24-Sep-2025,01-Oct-2025,"BSE, NSE",INE0YD401026,544537.0,JAINREC,jain-resource-recycling-ipo,232.0,265.05,14.25,318.06,37.09,272.75,17.59,2025-10-01T00:00:00.000Z,2025-09-24,,,,,
2048,,Seshaasai Technologies Ltd.,2048.0,Mainboard,23-Sep-2025,30-Sep-2025,"BSE, NSE",INE04VU01023,544533.0,STYL,seshaasai-technologies-ipo,423.0,432.0,2.13,411.45,-2.73,350.15,-17.08,2025-09-30T00:00:00.000Z,2025-09-23,,,,,
2028,,Anand Rathi Share & Stock Brokers Ltd.,2028.0,Mainboard,23-Sep-2025,30-Sep-2025,"BSE, NSE",INE549H01021,544530.0,ARSSBL,anand-rathi-stock-brokers-ipo,414.0,432.0,4.35,445.55,7.62,496.1,20.0,2025-09-30T00:00:00.000Z,2025-09-23,,,,,
2048,,Seshaasai Technologies Ltd.,2048.0,Mainboard,23-Sep-2025,30-Sep-2025,"BSE, NSE",INE04VU01023,544533.0,STYL,seshaasai-technologies-ipo,423.0,432.0,2.13,411.45,-2.73,350.15,-17.08,2025-09-30T00:00:00.000Z,2025-09-23,,,,,
2174,,Solarworld Energy Solutions Ltd.,2174.0,Mainboard,23-Sep-2025,30-Sep-2025,"BSE, NSE",INE0TY101024,544532.0,SOLARWORLD,solarworld-energy-ipo,351.0,388.5,10.68,323.5,-7.83,140.82,-59.87,2025-09-30T00:00:00.000Z,2025-09-23,,,,,
2045,,Ganesh Consumer Products Ltd.,2045.0,Mainboard,22-Sep-2025,29-Sep-2025,"BSE, NSE",INE652V01016,544528.0,GANESHCP,ganesh-consumer-ipo,322.0,296.05,-8.06,294.3,-8.6,171.4,-46.8,2025-09-29T00:00:00.000Z,2025-09-22,,,,,
2011,,Atlanta Electricals Ltd.,2011.0,Mainboard,22-Sep-2025,29-Sep-2025,"BSE, NSE",INE0Z4F01028,544527.0,ATLANTAELE,atlanta-electricals-ipo,754.0,857.0,13.66,823.35,9.2,1695.4,125.11,2025-09-29T00:00:00.000Z,2025-09-22,,,,,
2082,,Saatvik Green Energy Ltd.,2082.0,Mainboard,19-Sep-2025,26-Sep-2025,"BSE, NSE",INE13B501022,544526.0,SAATVIK,saatvik-green-energy-ipo,465.0,465.0,0.0,440.7,-5.23,431.6,-7.22,2025-09-26T00:00:00.000Z,2025-09-19,,,,,
2042,,GK Energy Ltd.,2042.0,Mainboard,19-Sep-2025,26-Sep-2025,"BSE, NSE",INE1AG301022,544525.0,GKENERGY,gk-energy-ipo,153.0,171.0,11.76,167.74,9.63,126.59,-17.35,2025-09-26T00:00:00.000Z,2025-09-19,,,,,
2227,,Ivalue Infosolutions Ltd.,2227.0,Mainboard,18-Sep-2025,25-Sep-2025,"BSE, NSE",INE056801025,544523.0,IVALUE,ivalue-infosolutions-ipo,299.0,284.95,-4.7,281.85,-5.74,221.33,-25.94,2025-09-25T00:00:00.000Z,2025-09-18,,,,,
2161,,VMS TMT Ltd.,2161.0,Mainboard,17-Sep-2025,24-Sep-2025,"BSE, NSE",INE0SJA01013,544521.0,VMSTMT,vms-tmt-ipo,99.0,104.9,5.96,99.65,0.66,48.62,-51.11,2025-09-24T00:00:00.000Z,2025-09-17,,,,,
2015,,Euro Pratik Sales Ltd.,2015.0,Mainboard,16-Sep-2025,23-Sep-2025,"BSE, NSE",INE198501012,544519.0,EUROPRATIK,euro-pratik-ipo,247.0,272.1,10.16,248.38,0.56,224.0,-9.21,2025-09-23T00:00:00.000Z,2025-09-16,,,,,
2003,,Shringar House of Mangalsutra Ltd.,2003.0,Mainboard,10-Sep-2025,17-Sep-2025,"BSE, NSE",INE1B3L01017,544512.0,SHRINGARMS,shringar-house-of-mangalsutra-ipo,165.0,188.5,14.24,184.88,12.05,207.9,26.09,2025-09-17T00:00:00.000Z,2025-09-10,,,,,
2117,,Dev Accelerator Ltd.,2117.0,Mainboard,10-Sep-2025,17-Sep-2025,"BSE, NSE",INE0VOV01021,544513.0,DEVX,dev-accelerator-ipo,61.0,61.0,0.0,64.05,5.0,35.13,-42.74,2025-09-17T00:00:00.000Z,2025-09-10,,,,,
2425,,Urban Co.Ltd.,2425.0,Mainboard,10-Sep-2025,17-Sep-2025,"BSE, NSE",INE0CAZ01013,544515.0,URBANCO,urban-company-ipo,103.0,162.25,57.52,166.83,61.97,173.4,68.59,2025-09-17T00:00:00.000Z,2025-09-10,,,,,
2001,,Amanta Healthcare Ltd.,2001.0,Mainboard,01-Sep-2025,09-Sep-2025,"BSE, NSE",INE084K01015,544502.0,AMANTA,amanta-healthcare-ipo,126.0,135.0,7.14,141.75,12.5,188.1,49.21,2025-09-09T00:00:00.000Z,2025-09-01,,,,,
2053,,Anlon Healthcare Ltd.,2053.0,Mainboard,26-Aug-2025,03-Sep-2025,"BSE, NSE",INE0Y8W01025,544497.0,AHCL,anlon-healthcare-ipo,91.0,92.0,1.1,91.73,0.8,26.24,-70.99,2025-09-03T00:00:00.000Z,2025-08-26,,,,,
2126,,Vikran Engineering Ltd.,2126.0,Mainboard,26-Aug-2025,03-Sep-2025,"BSE, NSE",INE01R501028,544496.0,VIKRAN,vikran-engineering-ipo,97.0,99.0,2.06,95.71,-1.33,56.16,-42.03,2025-09-03T00:00:00.000Z,2025-08-26,,,,,
2069,,Mangal Electrical Industries Ltd.,2069.0,Mainboard,20-Aug-2025,28-Aug-2025,"BSE, NSE",INE0PKD01011,544492.0,MEIL,mangal-electrical-ipo,561.0,556.0,-0.89,535.35,-4.57,267.25,-52.34,2025-08-28T00:00:00.000Z,2025-08-20,,,,,
2018,,Shreeji Shipping Global Ltd.,2018.0,Mainboard,19-Aug-2025,26-Aug-2025,"BSE, NSE",INE1B6101010,544490.0,SHREEJISPG,shreeji-shipping-global-ipo,252.0,270.0,7.14,255.1,1.23,709.5,181.98,2025-08-26T00:00:00.000Z,2025-08-19,,,,,
2032,,Gem Aromatics Ltd.,2032.0,Mainboard,19-Aug-2025,26-Aug-2025,"BSE, NSE",INE06XZ01023,544491.0,GEMAROMA,gem-aromatics-ipo,325.0,333.1,2.49,319.05,-1.83,150.58,-53.66,2025-08-26T00:00:00.000Z,2025-08-19,,,,,
2152,,Vikram Solar Ltd.,2152.0,Mainboard,19-Aug-2025,26-Aug-2025,"BSE, NSE",INE078V01014,544488.0,VIKRAMSOLR,vikram-solar-ipo,332.0,338.0,1.81,356.4,7.35,163.75,-50.63,2025-08-26T00:00:00.000Z,2025-08-19,,,,,
2318,,Patel Retail Ltd.,2318.0,Mainboard,19-Aug-2025,26-Aug-2025,"BSE, NSE",INE0R8B01010,544487.0,PATELRMART,patel-retail-ipo,255.0,300.0,17.65,287.7,12.82,203.41,-20.27,2025-08-26T00:00:00.000Z,2025-08-19,,,,,
2035,,Regaal Resources Ltd.,2035.0,Mainboard,12-Aug-2025,20-Aug-2025,"BSE, NSE",INE0MHO01029,544485.0,REGAAL,regaal-resources-ipo,102.0,141.0,38.24,131.58,29.0,83.44,-18.01,2025-08-20T00:00:00.000Z,2025-08-12,,,,,
2059,,BlueStone Jewellery & Lifestyle Ltd.,2059.0,Mainboard,11-Aug-2025,19-Aug-2025,"BSE, NSE",INE304W01038,544484.0,BLUESTONE,bluestone-jewellery-ipo,517.0,510.0,-1.35,546.0,5.61,845.45,63.52,2025-08-19T00:00:00.000Z,2025-08-11,,,,,
2125,,All Time Plastics Ltd.,2125.0,Mainboard,07-Aug-2025,14-Aug-2025,"BSE, NSE",INE0GV601021,544479.0,ALLTIME,all-time-plastics-ipo,275.0,311.3,13.2,283.3,3.02,206.39,-24.96,2025-08-14T00:00:00.000Z,2025-08-07,,,,,
2230,,JSW Cement Ltd.,2230.0,Mainboard,07-Aug-2025,14-Aug-2025,"BSE, NSE",INE718I01012,544480.0,JSWCEMENT,jsw-cement-ipo,147.0,153.5,4.42,146.07,-0.63,116.36,-20.82,2025-08-14T00:00:00.000Z,2025-08-07,,,,,
2180,,Highway Infrastructure Ltd.,2180.0,Mainboard,05-Aug-2025,12-Aug-2025,"BSE, NSE",INE00RL01028,544477.0,HILINFRA,highway-infrastructure-ipo,70.0,115.0,64.29,120.75,72.5,43.37,-38.07,2025-08-12T00:00:00.000Z,2025-08-05,,,,,
2027,,Sri Lotus Developers & Realty Ltd.,2027.0,Mainboard,30-Jul-2025,06-Aug-2025,"BSE, NSE",INE0V9Q01010,544469.0,LOTUSDEV,sri-lotus-developers-and-realty-ipo,150.0,178.0,18.67,195.67,30.45,214.42,41.4,2025-08-06T00:00:00.000Z,2025-07-30,,,,,
2049,,M&B Engineering Ltd.,2049.0,Mainboard,30-Jul-2025,06-Aug-2025,"BSE, NSE",INE08N601015,544470.0,MBEL,mb-engineering-ipo,385.0,385.0,0.0,408.65,6.14,255.05,-33.92,2025-08-06T00:00:00.000Z,2025-07-30,,,,,
2448,,National Securities Depository Ltd.,2448.0,Mainboard,30-Jul-2025,06-Aug-2025,BSE,INE301O01023,544467.0,NSDL,national-securities-depository-limited-nsdl-ipo,800.0,880.0,10.0,936.0,17.0,,-1.28,2025-08-06T00:00:00.000Z,2025-07-30,,,,,
2030,,Laxmi India Finance Ltd.,2030.0,Mainboard,29-Jul-2025,05-Aug-2025,"BSE, NSE",INE06WU01026,544465.0,LAXMIINDIA,laxmi-india-finance-ipo,158.0,137.52,-12.96,134.11,-15.12,125.32,-20.79,2025-08-05T00:00:00.000Z,2025-07-29,,,,,
2036,,Aditya Infotech Ltd.,2036.0,Mainboard,29-Jul-2025,05-Aug-2025,"BSE, NSE",INE819V01029,544466.0,CPPLUS,aditya-infotech-ipo,675.0,1015.0,50.37,1082.65,60.39,3482.3,416.69,2025-08-05T00:00:00.000Z,2025-07-29,,,,,
2008,,Shanti Gold International Ltd.,2008.0,Mainboard,25-Jul-2025,01-Aug-2025,"BSE, NSE",INE06ZD01017,544459.0,SHANTIGOLD,shanti-gold-ipo,199.0,227.55,14.35,229.38,15.27,258.69,30.13,2025-08-01T00:00:00.000Z,2025-07-25,,,,,
2094,,Brigade Hotel Ventures Ltd.,2094.0,Mainboard,24-Jul-2025,31-Jul-2025,"BSE, NSE",INE03NU01014,544457.0,BRIGHOTEL,brigade-hotel-ventures-ipo,90.0,81.1,-9.89,85.32,-5.2,56.4,-37.43,2025-07-31T00:00:00.000Z,2025-07-24,,,,,
2038,,Indiqube Spaces Ltd.,2038.0,Mainboard,23-Jul-2025,30-Jul-2025,"BSE, NSE",INE06ST01018,544454.0,INDIQUBE,indiqube-spaces-ipo,237.0,216.0,-8.86,217.97,-8.03,188.34,-20.57,2025-07-30T00:00:00.000Z,2025-07-23,,,,,
2046,,GNG Electronics Ltd.,2046.0,Mainboard,23-Jul-2025,30-Jul-2025,"BSE, NSE",INE18JU01028,544455.0,EBGNG,gng-electronics-ipo,237.0,355.0,49.79,333.39,40.67,690.45,190.74,2025-07-30T00:00:00.000Z,2025-07-23,,,,,
2029,,Anthem Biosciences Ltd.,2029.0,Mainboard,14-Jul-2025,21-Jul-2025,"BSE, NSE",INE0CZ201020,544449.0,ANTHEM,anthem-biosciences-ipo,570.0,723.05,26.85,730.35,28.13,917.45,61.12,2025-07-21T00:00:00.000Z,2025-07-14,,,,,
2034,,Smartworks Coworking Spaces Ltd.,2034.0,Mainboard,10-Jul-2025,17-Jul-2025,"BSE, NSE",INE0NAZ01010,544447.0,SMARTWORKS,smartworks-coworking-ipo,407.0,435.0,6.88,445.05,9.35,540.25,33.32,2025-07-17T00:00:00.000Z,2025-07-10,,,,,
2054,,Travel Food Services Ltd.,2054.0,Mainboard,07-Jul-2025,14-Jul-2025,"BSE, NSE",INE103V01028,544443.0,TRAVELFOOD,travel-food-services-ipo,1100.0,1125.0,2.27,1074.8,-2.29,1228.5,11.69,2025-07-14T00:00:00.000Z,2025-07-07,,,,,
2096,,Crizac Ltd.,2096.0,Mainboard,02-Jul-2025,09-Jul-2025,"BSE, NSE",INE0S4R01014,544439.0,CRIZAC,crizac-ipo,245.0,281.05,14.71,307.63,25.56,176.49,-27.8,2025-07-09T00:00:00.000Z,2025-07-02,,,,,
2074,,Indogulf Cropsciences Ltd.,2074.0,Mainboard,26-Jun-2025,03-Jul-2025,"BSE, NSE",INE05J901018,544432.0,IGCL,indogulf-cropsciences-ipo,111.0,111.0,0.0,110.35,-0.59,65.55,-41.3,2025-07-03T00:00:00.000Z,2025-06-26,,,,,
2073,,Sambhv Steel Tubes Ltd.,2073.0,Mainboard,25-Jun-2025,02-Jul-2025,"BSE, NSE",INE12NJ01018,544430.0,SAMBHV,sambhv-steel-tubes-ipo,82.0,110.0,34.15,97.59,19.01,155.13,88.9,2025-07-02T00:00:00.000Z,2025-06-25,,,,,
2110,,HDB Financial Services Ltd.,2110.0,Mainboard,25-Jun-2025,02-Jul-2025,"BSE, NSE",INE756I01012,544429.0,HDBFS,hdb-financial-ipo,740.0,835.0,12.84,840.95,13.64,680.95,-8.01,2025-07-02T00:00:00.000Z,2025-06-25,,,,,
2149,,Globe Civil Projects Ltd.,2149.0,Mainboard,24-Jun-2025,01-Jul-2025,"BSE, NSE",INE0V3U01015,544424.0,GLOBECIVIL,globe-civil-projects-ipo,71.0,90.0,26.76,94.46,33.04,42.14,-40.48,2025-07-01T00:00:00.000Z,2025-06-24,,,,,
2189,,Ellenbarrie Industrial Gases Ltd.,2189.0,Mainboard,24-Jun-2025,01-Jul-2025,"BSE, NSE",INE236E01022,544421.0,ELLEN,ellenbarrie-industrial-gases-ipo,400.0,486.0,21.5,534.6,33.65,373.45,-6.53,2025-07-01T00:00:00.000Z,2025-06-24,,,,,
2229,,Kalpataru Ltd.,2229.0,Mainboard,24-Jun-2025,01-Jul-2025,"BSE, NSE",INE227J01012,544423.0,KALPATARU,kalpataru-ipo,414.0,414.0,0.0,432.95,4.58,269.9,-34.81,2025-07-01T00:00:00.000Z,2025-06-24,,,,,
1971,,Arisinfra Solutions Ltd.,1971.0,Mainboard,18-Jun-2025,25-Jun-2025,"BSE, NSE",INE0H9P01028,544419.0,ARISINFRA,arisinfra-solutions-ipo,222.0,205.0,-7.66,174.38,-21.45,,-35.95,2025-06-25T00:00:00.000Z,2025-06-18,,,,,
2202,,Oswal Pumps Ltd.,2202.0,Mainboard,13-Jun-2025,20-Jun-2025,"BSE, NSE",INE0BYP01024,544418.0,OSWALPUMPS,oswal-pumps-ipo,614.0,634.0,3.26,625.35,1.85,276.2,-55.04,2025-06-20T00:00:00.000Z,2025-06-13,,,,,
2172,,Scoda Tubes Ltd.,2172.0,Mainboard,28-May-2025,04-Jun-2025,"BSE, NSE",INE090501011,544411.0,SCODATUBES,scoda-tubes-ipo,140.0,140.0,0.0,147.0,5.0,129.28,-7.86,2025-06-04T00:00:00.000Z,2025-05-28,,,,,
2016,,Prostarm Info Systems Ltd.,2016.0,Mainboard,27-May-2025,03-Jun-2025,"BSE, NSE",INE0BX301013,544410.0,PROSTARM,prostarm-info-systems-ipo,105.0,120.0,14.29,126.0,20.0,128.4,22.24,2025-06-03T00:00:00.000Z,2025-05-27,,,,,
2080,,Aegis Vopak Terminals Ltd.,2080.0,Mainboard,26-May-2025,02-Jun-2025,"BSE, NSE",INE0INX01018,544407.0,AEGISVOPAK,aegis-vopak-terminals-ipo,235.0,220.0,-6.38,242.0,2.98,318.3,35.45,2025-06-02T00:00:00.000Z,2025-05-26,,,,,
2182,,Schloss Bangalore Ltd.,2182.0,Mainboard,26-May-2025,02-Jun-2025,"BSE, NSE",INE0AQ201015,544408.0,THELEELA,leela-hotels-ipo,435.0,406.0,-6.67,435.55,0.13,537.45,23.41,2025-06-02T00:00:00.000Z,2025-05-26,,,,,
2083,,Belrise Industries Ltd.,2083.0,Mainboard,21-May-2025,28-May-2025,"BSE, NSE",INE894V01022,544405.0,BELRISE,belrise-industries-ipo,90.0,100.0,11.11,97.41,8.23,241.89,168.28,2025-05-28T00:00:00.000Z,2025-05-21,,,,,
2099,,Borana Weaves Ltd.,2099.0,Mainboard,20-May-2025,27-May-2025,"BSE, NSE",INE16SF01016,544404.0,BORANA,borana-weaves-ipo,216.0,243.0,12.5,255.15,18.13,296.85,36.44,2025-05-27T00:00:00.000Z,2025-05-20,,,,,
2357,,Ather Energy Ltd.,2357.0,Mainboard,28-Apr-2025,06-May-2025,"BSE, NSE",INE0LEZ01016,544397.0,ATHER,ather-energy-ipo,321.0,328.0,2.18,302.3,-5.83,1593.0,396.42,2025-05-06T00:00:00.000Z,2025-04-28,,,,,
1988,,Quality Power Electrical Equipments Ltd.,1988.0,Mainboard,14-Feb-2025,24-Feb-2025,"BSE, NSE",INE0SII01026,544367.0,QPOWER,quality-power-ipo,425.0,430.0,1.18,387.9,-8.73,1486.4,249.93,2025-02-24T00:00:00.000Z,2025-02-14,,,,,
1985,,Hexaware Technologies Ltd.,1985.0,Mainboard,12-Feb-2025,19-Feb-2025,"BSE, NSE",INE093A01041,544362.0,HEXT,hexaware-technologies-ipo,708.0,745.5,5.3,762.55,7.7,515.25,-27.17,2025-02-19T00:00:00.000Z,2025-02-12,,,,,
1983,,Ajax Engineering Ltd.,1983.0,Mainboard,10-Feb-2025,17-Feb-2025,"BSE, NSE",INE274Y01021,544356.0,AJAXENGG,ajax-engineering-ipo,629.0,576.0,-8.43,595.4,-5.34,562.6,-10.57,2025-02-17T00:00:00.000Z,2025-02-10,,,,,
1975,,Dr.Agarwal's Health Care Ltd.,1975.0,Mainboard,29-Jan-2025,04-Feb-2025,"BSE, NSE",INE943P01029,544350.0,AGARWALEYE,dr-agarwals-healthcare-ipo,402.0,402.0,0.0,401.65,-0.09,490.3,21.84,2025-02-04T00:00:00.000Z,2025-01-29,,,,,
1970,,Denta Water & Infra Solutions Ltd.,1970.0,Mainboard,22-Jan-2025,29-Jan-2025,"BSE, NSE",INE0R4L01018,544345.0,DENTA,denta-water-ipo,294.0,325.0,10.54,341.25,16.07,276.05,-6.05,2025-01-29T00:00:00.000Z,2025-01-22,,,,,
1967,,Stallion India Fluorochemicals Ltd.,1967.0,Mainboard,16-Jan-2025,23-Jan-2025,"BSE, NSE",INE0RYC01010,544342.0,STALLION,stallion-india-ipo,90.0,120.0,33.33,126.0,40.0,231.5,156.11,2025-01-23T00:00:00.000Z,2025-01-16,,,,,
1961,,Laxmi Dental Ltd.,1961.0,Mainboard,13-Jan-2025,20-Jan-2025,"BSE, NSE",INE0WO601020,544339.0,LAXMIDENTL,laxmi-dental-ipo,428.0,542.0,26.64,550.55,28.63,194.9,-54.51,2025-01-20T00:00:00.000Z,2025-01-13,,,,,
1954,,Quadrant Future Tek Ltd.,1954.0,Mainboard,07-Jan-2025,14-Jan-2025,"BSE, NSE",INE0LRY01011,544336.0,QUADFUTURE,quadrant-future-tek-ipo,290.0,370.0,27.59,444.0,53.1,536.0,84.41,2025-01-14T00:00:00.000Z,2025-01-07,,,,,
1951,,Standard Glass Lining Technology Ltd.,1951.0,Mainboard,06-Jan-2025,13-Jan-2025,"NSE, BSE",INE0M4D01010,544333.0,SGLTL,standard-glass-lining-ipo,140.0,176.0,25.71,163.35,16.68,,192.39,2025-01-13T00:00:00.000Z,2025-01-06,,,,,
1934,,Indo Farm Equipment Ltd.,1934.0,Mainboard,31-Dec-2024,07-Jan-2025,"BSE, NSE",INE622H01018,544328.0,INDOFARM,indo-farm-equipment-ipo,215.0,256.0,19.07,273.69,27.3,143.36,-33.49,2025-01-07T00:00:00.000Z,2024-12-31,,,,,
2225,,Hero Motors Ltd.,2225.0,Mainboard,16-Sep-2026,23-Sep-2026,"BSE, NSE",INE012G01022,544936.0,HEROMOTORS,hero-motors-ipo,84.0,82.0,-2.38,98.4,17.14,,0.0,,2026-09-16,,,,,
2803,,Jindal Supreme (India) Ltd.,2803.0,Mainboard,16-Sep-2026,23-Sep-2026,"BSE, NSE",INE1DLO01028,544935.0,JSIPL,jindal-supreme-ipo,93.0,120.0,29.03,126.0,35.48,,0.0,,2026-09-16,,,,,
2822,,SS Retail Ltd.,2822.0,Mainboard,16-Sep-2026,23-Sep-2026,"BSE, NSE",INE1EQW01028,544934.0,SSRETAIL,ss-retail-ipo,424.0,624.0,47.17,748.8,76.6,,0.0,,2026-09-16,,,,,
2805,,Sonaselection India Ltd.,2805.0,Mainboard,17-Sep-2026,24-Sep-2026,"BSE, NSE",INE0LLZ01011,544938.0,SONA,sonaselection-india-ipo,99.0,102.31,3.34,107.42,8.51,,0.0,,2026-09-17,,,,,
3151,,National Stock Exchange of India Ltd.,3151.0,Mainboard,17-Sep-2026,24-Sep-2026,BSE,INE721I01024,544937.0,,nse-ipo,1785.0,1800.0,0.84,1818.0,1.85,,0.0,,2026-09-17,,,,,
2000,,A-One Steels India Ltd.,2000.0,Mainboard,24-Sep-2026,01-Oct-2026,"BSE, NSE",INE0OTC01025,544952.0,AONESTEELS,a-one-steels-ipo,405.0,455.0,12.35,416.55,2.85,,0.0,,2026-09-24,,,,,
3077,,Educomp Solutions Ltd.,3077.0,Mainboard,19-Dec-2005,13-Jan-2006,"BSE, NSE",INE216H01027,532696.0,EDUCOMP,educomp-solutions-ipo,125.0,155.0,24.0,285.35,128.28,,-99.25,2006-01-13T00:00:00.000Z,2005-12-19,INE216H01027,532696.0,EDUCOMP,0.94,0.96
3076,,Celebrity Fashions Ltd.,3076.0,Mainboard,19-Dec-2005,12-Jan-2006,"BSE, NSE",INE185H01016,532695.0,CELEBRITY,celebrity-fashions-ipo,180.0,236.3,31.28,229.65,27.58,,-95.89,2006-01-12T00:00:00.000Z,2005-12-19,INE185H01016,532695.0,CELEBRITY,7.4,7.52
3079,,Bartronics India Ltd.,3079.0,Mainboard,20-Dec-2005,12-Jan-2006,"BSE, NSE",INE855F01042,532694.0,ASMS,bartronics-india-ipo,75.0,106.0,41.33,110.6,47.47,,-90.61,2006-01-12T00:00:00.000Z,2005-12-20,INE855F01042,532694.0,ASMS,7.04,7.04
3074,,Punj Lloyd Ltd.,3074.0,Mainboard,13-Dec-2005,06-Jan-2006,"BSE, NSE",INE701B01021,532693.0,PUNJLLOYD,punj-lloyd-ipo,700.0,956.3,36.61,1057.8,51.11,,0.0,2006-01-06T00:00:00.000Z,2005-12-13,INE701B01021,532693.0,PUNJLLOYD,,
3073,,Radha Madhav Corp.Ltd.,3073.0,Mainboard,12-Dec-2005,06-Jan-2006,BSE,INE172H01014,532692.0,RMCL,radha-madhav-corpltd-ipo,20.0,28.1,40.5,25.1,25.5,,0.0,2006-01-06T00:00:00.000Z,2005-12-12,INE172H01014,532692.0,RMCL,,
3072,,Tulip IT Services Ltd.,3072.0,Mainboard,09-Dec-2005,05-Jan-2006,"BSE, NSE",INE122H01019,532691.0,TULIP,tulip-it-services-ipo,120.0,150.0,25.0,71.25,-40.62,,0.0,2006-01-05T00:00:00.000Z,2005-12-09,INE122H01019,532691.0,TULIP,,
3071,,PVR Ltd.,3071.0,Mainboard,08-Dec-2005,04-Jan-2006,"BSE, NSE",INE191H01014,532689.0,PVRINOX,pvr-ipo,225.0,270.0,20.0,295.95,31.53,,345.22,2006-01-04T00:00:00.000Z,2005-12-08,INE191H01014,532689.0,PVRINOX,1001.75,1002.05
3067,,Compulink Systems Ltd.,3067.0,Mainboard,25-Nov-2005,28-Dec-2005,"BSE, NSE",INE206H01010,532688.0,COMSYS,compulink-systems-ipo,60.0,67.0,11.67,73.1,21.83,,0.0,2005-12-28T00:00:00.000Z,2005-11-25,INE206H01010,532688.0,COMSYS,,
3069,,Repro India Ltd.,3069.0,Mainboard,28-Nov-2005,22-Dec-2005,"BSE, NSE",INE461B01014,532687.0,REPRO,repro-india-ipo,165.0,195.0,18.18,236.3,43.21,,121.42,2005-12-22T00:00:00.000Z,2005-11-28,INE461B01014,532687.0,REPRO,365.35,363.6
3068,,Kernex Microsystems (India) Ltd.,3068.0,Mainboard,28-Nov-2005,20-Dec-2005,"BSE, NSE",INE202H01019,532686.0,KERNEX,kernex-microsystems-ipo,250.0,350.0,40.0,344.9,37.96,,764.2,2005-12-20T00:00:00.000Z,2005-11-28,INE202H01019,532686.0,KERNEX,2160.5,2157.5
3066,,Everest Kanto Cylinder Ltd.,3066.0,Mainboard,22-Nov-2005,15-Dec-2005,"BSE, NSE",INE184H01027,532684.0,EKC,everest-kanto-cylinder-ipo,160.0,201.0,25.63,201.75,26.09,,-28.06,2005-12-15T00:00:00.000Z,2005-11-22,INE184H01027,532684.0,EKC,115.1,115.02
3063,,AIA Engineering Ltd.,3063.0,Mainboard,17-Nov-2005,14-Dec-2005,"BSE, NSE",INE212H01026,532683.0,AIAENG,aia-engineering-ipo,315.0,387.0,22.86,491.3,55.97,,1384.37,2005-12-14T00:00:00.000Z,2005-11-17,INE212H01026,532683.0,AIAENG,4675.75,4683.5
3064,,ABG Shipyard Ltd.,3064.0,Mainboard,18-Nov-2005,13-Dec-2005,BSE,INE067H01016,532682.0,,abg-shipyard-ipo,185.0,280.0,51.35,272.4,47.24,,0.0,2005-12-13T00:00:00.000Z,2005-11-18,INE067H01016,532682.0,,,
3061,,Piramyd Retail Ltd.,3061.0,Mainboard,10-Nov-2005,06-Dec-2005,"BSE, NSE",INE034H01016,532679.0,SORILINFRA,piramyd-retail-ipo,120.0,140.0,16.67,131.65,9.71,,0.0,2005-12-06T00:00:00.000Z,2005-11-10,INE034H01016,532679.0,SORILINFRA,,
3062,,Bombay Rayon Fashions Ltd.,3062.0,Mainboard,11-Nov-2005,05-Dec-2005,"BSE, NSE",INE589G01011,532678.0,BRFL,bombay-rayon-fashions-ipo,70.0,80.0,14.29,83.15,18.79,,0.0,2005-12-05T00:00:00.000Z,2005-11-11,INE589G01011,532678.0,BRFL,,
3059,,Vikash Metal & Power Ltd.,3059.0,Mainboard,24-Oct-2005,28-Nov-2005,"BSE, NSE",INE158H01013,532677.0,VIKASHMET,vikash-metal-&-power-ipo,20.0,12.8,-36.0,12.76,-36.2,,0.0,2005-11-28T00:00:00.000Z,2005-10-24,INE158H01013,532677.0,VIKASHMET,,
3058,,PBA Infrastructure Ltd.,3058.0,Mainboard,24-Oct-2005,24-Nov-2005,"BSE, NSE",INE160H01019,532676.0,PBAINFRA,pba-infrastructure-ipo,60.0,69.0,15.0,68.45,14.08,,-78.43,2005-11-24T00:00:00.000Z,2005-10-24,INE160H01019,532676.0,PBAINFRA,12.94,
3060,,Prithvi Information Solutions Ltd.,3060.0,Mainboard,25-Oct-2005,16-Nov-2005,"BSE, NSE",INE700C01013,532675.0,PRITHVI,prithvi-information-solutions-ipo,270.0,338.85,25.5,282.3,4.56,,0.0,2005-11-16T00:00:00.000Z,2005-10-25,INE700C01013,532675.0,PRITHVI,,
3056,,K.M.Sugar Mills Ltd.,3056.0,Mainboard,14-Oct-2005,14-Nov-2005,BSE,INE157H01023,532673.0,KMSUGAR,kmsugar-mills-ipo,52.0,65.0,25.0,52.25,0.48,,-46.08,2005-11-14T00:00:00.000Z,2005-10-14,INE157H01023,532673.0,KMSUGAR,28.04,28.07
3057,,Bannari Amman Spinning Mills Ltd.,3057.0,Mainboard,19-Oct-2005,14-Nov-2005,"BSE, NSE",INE186H01022,532674.0,BASML,bannari-amman-spinning-mills-ipo,135.0,100.95,-25.22,132.3,-2.0,,-80.33,2005-11-14T00:00:00.000Z,2005-10-19,INE186H01022,532674.0,BASML,26.56,26.41
3053,,Paradyne Infotech Ltd.,3053.0,Mainboard,30-Sep-2005,10-Nov-2005,"BSE, NSE",INE932G01021,532672.0,GLODYNE,paradyne-infotech-ipo,42.0,50.0,19.05,75.35,79.4,,0.0,2005-11-10T00:00:00.000Z,2005-09-30,INE932G01021,532672.0,GLODYNE,,
3054,,Shree Renuka Sugars Ltd.,3054.0,Mainboard,07-Oct-2005,31-Oct-2005,"BSE, NSE",INE087H01022,532670.0,RENUKA,shree-renuka-sugars-ipo,285.0,315.0,10.53,261.85,-8.12,,-92.01,2005-10-31T00:00:00.000Z,2005-10-07,INE087H01022,532670.0,RENUKA,22.76,22.73
3052,,Aurionpro Solutions Ltd.,3052.0,Mainboard,27-Sep-2005,25-Oct-2005,"BSE, NSE",INE132H01018,532668.0,AURIONPRO,aurionpro-solutions-ipo,90.0,102.0,13.33,106.75,18.61,,852.94,2005-10-25T00:00:00.000Z,2005-09-27,INE132H01018,532668.0,AURIONPRO,857.65,857.8
3051,,Suzlon Energy Ltd.,3051.0,Mainboard,23-Sep-2005,19-Oct-2005,"BSE, NSE",INE040H01021,532667.0,SUZLON,suzlon-energy-ipo,510.0,639.0,25.29,690.5,35.39,,-89.43,2005-10-19T00:00:00.000Z,2005-09-23,INE040H01021,532667.0,SUZLON,53.92,53.92
3046,,FCS Software Solutions Ltd.,3046.0,Mainboard,22-Aug-2005,21-Sep-2005,"BSE, NSE",INE512B01022,532666.0,FCSSOFT,fcs-software-solutions-ipo,50.0,100.0,100.0,179.1,258.2,,-97.02,2005-09-21T00:00:00.000Z,2005-08-22,INE512B01022,532666.0,FCSSOFT,1.49,1.5
3047,,Amar Remedies Ltd.,3047.0,Mainboard,25-Aug-2005,16-Sep-2005,"BSE, NSE",INE787G01011,532664.0,AMAR,amar-remedies-ipo,28.0,56.0,100.0,56.05,100.18,,0.0,2005-09-16T00:00:00.000Z,2005-08-25,INE787G01011,532664.0,AMAR,,
3045,,Sasken Communication Technologies Ltd.,3045.0,Mainboard,11-Aug-2005,09-Sep-2005,"BSE, NSE",INE231F01020,532663.0,SASKEN,sasken-communication-technologies-ipo,260.0,460.0,76.92,464.55,78.67,,691.6,2005-09-09T00:00:00.000Z,2005-08-11,INE231F01020,532663.0,SASKEN,2058.15,2055.9
3044,,HT Media Ltd.,3044.0,Mainboard,04-Aug-2005,01-Sep-2005,"BSE, NSE",INE501G01024,532662.0,HTMEDIA,ht-media-ipo,530.0,700.0,32.08,557.67,5.22,,-95.21,2005-09-01T00:00:00.000Z,2005-08-04,INE501G01024,532662.0,HTMEDIA,25.41,25.41
3042,,Vivimed Labs Ltd.,3042.0,Mainboard,09-Jul-2005,17-Aug-2005,"BSE, NSE",INE526G01021,532660.0,VIVIMEDLAB,vivimed-labs-ipo,70.0,131.0,87.14,218.35,211.93,,-92.13,2005-08-17T00:00:00.000Z,2005-07-09,INE526G01021,532660.0,VIVIMEDLAB,5.51,5.41
3043,,Infrastructure Development Finance Co.Ltd.,3043.0,Mainboard,15-Jul-2005,12-Aug-2005,"BSE, NSE",INE043D01016,532659.0,IDFC,infrastructure-development-finance-coltd-ipo,34.0,60.0,76.47,69.55,104.56,,217.65,2005-08-12T00:00:00.000Z,2005-07-15,INE043D01016,532659.0,IDFC,108.0,107.97
3041,,Shri Ramrupai Balaji Steels Ltd.,3041.0,Mainboard,08-Jul-2005,02-Aug-2005,"BSE, NSE",INE977G01018,532655.0,BALASTEELS,shri-ramrupai-balaji-steels-ipo,22.0,27.2,23.64,23.75,7.95,,0.0,2005-08-02T00:00:00.000Z,2005-07-08,INE977G01018,532655.0,BALASTEELS,,
3039,,IL&FS Investsmart Ltd.,3039.0,Mainboard,04-Jul-2005,27-Jul-2005,"BSE, NSE",INE800B01013,532653.0,INVSTSMART,il&fs-investsmart-ipo,125.0,195.0,56.0,184.45,47.56,,0.0,2005-07-27T00:00:00.000Z,2005-07-04,INE800B01013,532653.0,INVSTSMART,,
3037,,SPL Industries Ltd.,3037.0,Mainboard,29-Jun-2005,26-Jul-2005,"BSE, NSE",INE978G01016,532651.0,SPLIL,spl-industries-ipo,70.0,75.0,7.14,103.35,47.64,,-55.59,2005-07-26T00:00:00.000Z,2005-06-29,INE978G01016,532651.0,SPLIL,31.09,32.11
3035,,Nectar Lifesciences Ltd.,3035.0,Mainboard,22-Jun-2005,18-Jul-2005,"BSE, NSE",INE023H01027,532649.0,NECLIFE,nectar-lifesciences-ipo,240.0,300.0,25.0,259.55,8.15,,-95.35,2005-07-18T00:00:00.000Z,2005-06-22,INE023H01027,532649.0,NECLIFE,11.15,11.19
3034,,MSP Steel & Power Ltd.,3034.0,Mainboard,20-Jun-2005,18-Jul-2005,"BSE, NSE",INE752G01015,532650.0,MSPL,msp-steel-&-power-ipo,10.0,17.9,79.0,15.0,50.0,,292.4,2005-07-18T00:00:00.000Z,2005-06-20,INE752G01015,532650.0,MSPL,39.24,39.14
3033,,Yes Bank Ltd.,3033.0,Mainboard,15-Jun-2005,12-Jul-2005,"BSE, NSE",INE528G01035,532648.0,YESBANK,yes-bank-ipo,45.0,65.9,46.44,60.8,35.11,,-46.8,2005-07-12T00:00:00.000Z,2005-06-15,INE528G01035,532648.0,YESBANK,23.94,23.94
3032,,Provogue (India) Ltd.,3032.0,Mainboard,10-Jun-2005,07-Jul-2005,"BSE, NSE",INE968G01033,532647.0,PROVOGE,provogue-ipo,150.0,249.0,66.0,245.55,63.7,,0.0,2005-07-07T00:00:00.000Z,2005-06-10,INE968G01033,532647.0,PROVOGE,,
3030,,Uniply Industries Ltd.,3030.0,Mainboard,09-Jun-2005,06-Jul-2005,BSE,INE950G01023,532646.0,UNIPLY,uniply-industries-ipo,24.0,29.6,23.33,29.95,24.79,,0.0,2005-07-06T00:00:00.000Z,2005-06-09,INE950G01023,532646.0,UNIPLY,,
3028,,Shree Ganesh Forgings Ltd.,3028.0,Mainboard,18-May-2005,22-Jun-2005,BSE,INE883G01018,532643.0,,shree-ganesh-forgings-ipo,30.0,43.0,43.33,43.7,45.67,,0.0,2005-06-22T00:00:00.000Z,2005-05-18,INE883G01018,532643.0,,,
3027,,Nandan Exim Ltd.,3027.0,Mainboard,12-May-2005,13-Jun-2005,BSE,INE875G01048,532641.0,NDL,nandan-exim-ipo,20.0,48.0,140.0,50.2,151.0,,-87.95,2005-06-13T00:00:00.000Z,2005-05-12,INE875G01048,532641.0,NDL,2.41,2.4
3026,,Cyber Media (India) Ltd.,3026.0,Mainboard,04-May-2005,10-Jun-2005,"BSE, NSE",INE278G01037,532640.0,CYBERMEDIA,cyber-media-ipo,60.0,75.0,25.0,105.45,75.75,,-72.02,2005-06-10T00:00:00.000Z,2005-05-04,INE278G01037,532640.0,CYBERMEDIA,16.79,16.12
3018,,3I Infotech Ltd.,3018.0,Mainboard,30-Mar-2005,26-May-2005,"BSE, NSE",INE748C01038,532628.0,3IINFOLTD,3i-infotech-ipo,100.0,96.75,-3.25,97.3,-2.7,,-81.22,2005-05-26T00:00:00.000Z,2005-03-30,INE748C01038,532628.0,3IINFOLTD,18.78,18.77
3025,,Shoppers Stop Ltd.,3025.0,Mainboard,28-Apr-2005,23-May-2005,"BSE, NSE",INE498B01024,532638.0,SHOPERSTOP,shoppers-stop-ipo,238.0,356.2,49.66,372.6,56.55,,54.12,2005-05-23T00:00:00.000Z,2005-04-28,INE498B01024,532638.0,SHOPERSTOP,366.8,365.25
3022,,Mangalam Drugs & Organics Ltd.,3022.0,Mainboard,19-Apr-2005,23-May-2005,"BSE, NSE",INE584F01014,532637.0,MANGALAM,mangalam-drugs-&-organics-ipo,22.0,28.65,30.23,34.0,54.55,,27.27,2005-05-23T00:00:00.000Z,2005-04-19,INE584F01014,532637.0,MANGALAM,28.0,27.75
3023,,India Infoline Ltd.,3023.0,Mainboard,21-Apr-2005,17-May-2005,"BSE, NSE",INE530B01024,532636.0,IIFL,india-infoline-ipo,76.0,80.5,5.92,78.05,2.7,,627.04,2005-05-17T00:00:00.000Z,2005-04-21,INE530B01024,532636.0,IIFL,552.55,552.7
3021,,Allsec Technologies Ltd.,3021.0,Mainboard,13-Apr-2005,09-May-2005,"BSE, NSE",INE835G01018,532633.0,ALLDIGI,allsec-technologies-ipo,135.0,150.0,11.11,128.1,-5.11,,497.56,2005-05-09T00:00:00.000Z,2005-04-13,INE835G01018,532633.0,ALLDIGI,806.7,805.7
3016,,Saksoft Ltd.,3016.0,Mainboard,30-Mar-2005,09-May-2005,NSE,INE667G01023,590051.0,SAKSOFT,saksoft-ipo,30.0,57.7,92.33,100.8,236.0,,469.67,2005-05-09T00:00:00.000Z,2005-03-30,INE667G01023,590051.0,SAKSOFT,170.9,171.06
3019,,Shringar Cinemas Ltd.,3019.0,Mainboard,05-Apr-2005,29-Apr-2005,"BSE, NSE",INE886G01011,532631.0,SHRINGAR,shringar-cinemas-ipo,53.0,57.0,7.55,45.15,-14.81,,0.0,2005-04-29T00:00:00.000Z,2005-04-05,INE886G01011,532631.0,SHRINGAR,,
3017,,Gokaldas Exports Ltd.,3017.0,Mainboard,30-Mar-2005,27-Apr-2005,"BSE, NSE",INE887G01027,532630.0,GOKEX,gokaldas-exports-ipo,425.0,500.0,17.65,630.45,48.34,,96.0,2005-04-27T00:00:00.000Z,2005-03-30,INE887G01027,532630.0,GOKEX,833.0,832.75
3015,,Jaiprakash Hydro-Power Ltd.,3015.0,Mainboard,22-Mar-2005,18-Apr-2005,"BSE, NSE",INE351F01018,532627.0,JPPOWER,jaiprakash-hydro-power-ipo,32.0,32.0,0.0,31.15,-2.66,,-46.81,2005-04-18T00:00:00.000Z,2005-03-22,INE351F01018,532627.0,JPPOWER,17.02,17.02
3013,,Gateway Distriparks Ltd.,3013.0,Mainboard,09-Mar-2005,31-Mar-2005,"BSE, NSE",INE852F01015,532622.0,GDL,gateway-distriparks-ipo,72.0,88.9,23.47,112.05,55.62,,0.0,2005-03-31T00:00:00.000Z,2005-03-09,INE852F01015,532622.0,GDL,,
3010,,UTV Software Communications Ltd.,3010.0,Mainboard,21-Feb-2005,17-Mar-2005,"BSE, NSE",INE507B01022,532619.0,UTVSOF,utv-software-communications-ipo,130.0,150.0,15.38,168.5,29.62,,0.0,2005-03-17T00:00:00.000Z,2005-02-21,INE507B01022,532619.0,UTVSOF,,
3009,,Jet Airways (India) Ltd.,3009.0,Mainboard,18-Feb-2005,14-Mar-2005,"BSE, NSE",INE802G01018,532617.0,JETAIRWAYS,jet-airways-ipo,1100.0,1155.0,5.0,1305.0,18.64,,-96.74,2005-03-14T00:00:00.000Z,2005-02-18,INE802G01018,532617.0,JETAIRWAYS,35.83,35.96
36,,Cambridge Technology Enterprises Ltd.,36.0,Mainboard,29-Dec-2006,07-Feb-2007,"BSE, NSE",INE627H01017,532801.0,CTE,cambridge_technology_ipo,38.0,45.0,18.42,100.9,165.53,,-23.16,2007-02-07T00:00:00.000Z,2006-12-29,INE627H01017,532801.0,CTE,29.2,29.31
33,,Lumax Auto Technologies Ltd.,33.0,Mainboard,14-Dec-2006,16-Jan-2007,"BSE, NSE",INE872H01027,532796.0,LUMAXTECH,lumax-auto-technologies-ipo,75.0,80.0,6.67,110.7,47.6,,9845.33,2007-01-16T00:00:00.000Z,2006-12-14,INE872H01027,532796.0,LUMAXTECH,1491.8,1491.0
35,,Shree Ashtavinayak Cine Vision Ltd.,35.0,Mainboard,14-Dec-2006,10-Jan-2007,"BSE, NSE",INE538H01016,532793.0,SHREEASHTA,shree-ashtavinayak-ipo,160.0,193.0,20.63,225.4,40.87,,,,2006-12-14,INE538H01016,532793.0,SHREEASHTA,,
29,,Cairn India Ltd.,29.0,Mainboard,11-Dec-2006,09-Jan-2007,"BSE, NSE",INE910H01017,532792.0,CAIRN,cairn-india-ipo,160.0,152.0,-5.0,137.4,-14.12,,,,2006-12-11,INE910H01017,532792.0,CAIRN,,
34,,Pyramid Saimira Theatre Ltd.,34.0,Mainboard,11-Dec-2006,05-Jan-2007,"BSE, NSE",INE165H01018,532791.0,PSTL,pyramid-saimira-theatre-ipo,100.0,106.0,6.0,157.7,57.7,,,,2006-12-11,INE165H01018,532791.0,PSTL,,
32,,Nissan Copper Ltd.,32.0,Mainboard,04-Dec-2006,29-Dec-2006,"BSE, NSE",INE846H01021,532789.0,NISSAN,nissan-copper-ipo,39.0,39.0,0.0,130.9,235.64,,,,2006-12-04,INE846H01021,532789.0,NISSAN,,
28,,XL Telecom Ltd.,28.0,Mainboard,04-Dec-2006,28-Dec-2006,"BSE, NSE",INE183H01011,532788.0,XLENERGY,xl-telecom-ipo,150.0,165.0,10.0,135.35,-9.77,,,,2006-12-04,INE183H01011,532788.0,XLENERGY,,
30,,Ess Dee Aluminium Ltd.,30.0,Mainboard,04-Dec-2006,28-Dec-2006,"BSE, NSE",INE825H01017,532787.0,ESSDEE,ess-dee-aluminium-ipo,225.0,265.0,17.78,238.3,5.91,,,,2006-12-04,INE825H01017,532787.0,ESSDEE,,
22,,Sobha Developers Ltd.,22.0,Mainboard,23-Nov-2006,20-Dec-2006,"BSE, NSE",INE671H01015,532784.0,SOBHA,sobha-developers-ipo,640.0,1120.0,75.0,926.65,44.79,,135.95,2006-12-20T00:00:00.000Z,2006-11-23,INE671H01015,532784.0,SOBHA,1510.05,1511.3
25,,Ruchira Papers Ltd.,25.0,Mainboard,23-Nov-2006,20-Dec-2006,"BSE, NSE",INE803H01014,532785.0,RUCHIRA,ruchira-papers-ipo,23.0,24.0,4.35,21.05,-8.48,,356.96,2006-12-20T00:00:00.000Z,2006-11-23,INE803H01014,532785.0,RUCHIRA,105.1,105.77
26,,LT Overseas Ltd.,26.0,Mainboard,27-Nov-2006,18-Dec-2006,"BSE, NSE",INE818H01020,532783.0,LTFOODS,lt-overseas-ipo,56.0,60.0,7.14,53.2,-5.0,,6849.11,2006-12-18T00:00:00.000Z,2006-11-27,INE818H01020,532783.0,LTFOODS,389.15,389.1
23,,Blue Bird (India) Ltd.,23.0,Mainboard,16-Nov-2006,11-Dec-2006,"BSE, NSE",INE697H01010,532781.0,BLUEBIRD,blue-bird-ipo,105.0,128.0,21.9,94.65,-9.86,,,,2006-11-16,INE697H01010,532781.0,BLUEBIRD,,
20,,Parsvnath Developers Ltd.,20.0,Mainboard,06-Nov-2006,30-Nov-2006,"BSE, NSE",INE561H01026,532780.0,PARSVNATH,parsvnath-developers-ipo,300.0,456.7,52.23,526.4,75.47,,-98.45,2006-11-30T00:00:00.000Z,2006-11-06,INE561H01026,532780.0,PARSVNATH,2.33,2.34
21,,Lanco Infratech Ltd.,21.0,Mainboard,06-Nov-2006,27-Nov-2006,"BSE, NSE",INE785C01048,532778.0,LITL,lanco-infratech-ipo,240.0,270.0,12.5,241.4,0.58,,,,2006-11-06,INE785C01048,532778.0,LITL,,
19,,Info Edge (India) Ltd.,19.0,Mainboard,30-Oct-2006,21-Nov-2006,"BSE, NSE",INE663F01032,532777.0,NAUKRI,info-edge-ipo,320.0,451.05,40.95,592.55,85.17,,1781.41,2006-11-21T00:00:00.000Z,2006-10-30,INE663F01032,532777.0,NAUKRI,1204.1,1204.05
15,,Accel Frontline Ltd.,15.0,Mainboard,28-Sep-2006,30-Oct-2006,"BSE, NSE",INE020G01017,532774.0,INSPIRISYS,accel-frontline-ipo,75.0,77.0,2.67,70.5,-6.0,,41.53,2006-10-30T00:00:00.000Z,2006-09-28,INE020G01017,532774.0,INSPIRISYS,106.15,104.22
16,,Global Vectra Helicorp Ltd.,16.0,Mainboard,29-Sep-2006,27-Oct-2006,"BSE, NSE",INE792H01019,532773.0,GLOBALVECT,global-vectra-helicorp-ipo,185.0,250.0,35.14,187.5,1.35,,-15.22,2006-10-27T00:00:00.000Z,2006-09-29,INE792H01019,532773.0,GLOBALVECT,156.85,160.37
17,,Development Credit Bank Ltd.,17.0,Mainboard,29-Sep-2006,27-Oct-2006,"BSE, NSE",INE503A01015,532772.0,DCBBANK,development-credit-bank-ipo,26.0,35.0,34.62,47.45,82.5,,625.96,2006-10-27T00:00:00.000Z,2006-09-29,INE503A01015,532772.0,DCBBANK,188.75,188.67
13,,JHS Svendgaard Laboratories Ltd.,13.0,Mainboard,26-Sep-2006,21-Oct-2006,"BSE, NSE",INE544H01014,532771.0,JHS,jhs-svendgaard-laboratories-ipo,58.0,95.0,63.79,56.95,-1.81,,-86.97,2006-10-21T00:00:00.000Z,2006-09-26,INE544H01014,532771.0,JHS,7.56,7.59
14,,Hanung Toys & Textiles Ltd.,14.0,Mainboard,28-Sep-2006,20-Oct-2006,"BSE, NSE",INE648H01013,532770.0,HANUNG,hanung-toys-ipo,95.0,100.55,5.84,96.7,1.79,,,,2006-09-28,INE648H01013,532770.0,HANUNG,,
10,,Fiem Industries Ltd.,10.0,Mainboard,21-Sep-2006,19-Oct-2006,"BSE, NSE",INE737H01014,532768.0,FIEMIND,fiem-industries-ipo,137.0,169.25,23.54,121.55,-11.28,,1541.64,2006-10-19T00:00:00.000Z,2006-09-21,INE737H01014,532768.0,FIEMIND,2249.05,2249.9
11,,Gayatri Projects Ltd.,11.0,Mainboard,26-Sep-2006,17-Oct-2006,BSE,INE336H01023,532767.0,GAYAPROJ,gayatri-projects-ipo,295.0,333.0,12.88,298.85,1.31,,-64.34,2006-10-17T00:00:00.000Z,2006-09-26,INE336H01023,532767.0,GAYAPROJ,21.04,14.86
9,,Richa Knits Ltd.,9.0,Mainboard,13-Sep-2006,12-Oct-2006,BSE,INE516H01012,532766.0,,richa-knits-ipo,30.0,30.95,3.17,30.25,0.83,,-94.5,2006-10-12T00:00:00.000Z,2006-09-13,INE516H01012,532766.0,,1.65,
7,,Usher Agro Ltd.,7.0,Mainboard,05-Sep-2006,06-Oct-2006,BSE,INE235G01011,532765.0,USHERAGRO,usher-agro-ipo,15.0,19.35,29.0,16.2,8.0,,,,2006-09-05,INE235G01011,532765.0,USHERAGRO,,
8,,Gwalior Chemical Industries Ltd.,8.0,Mainboard,11-Sep-2006,04-Oct-2006,"BSE, NSE",INE916G01016,532764.0,GEECEE,gwalior-chemical-industries-ipo,81.0,83.5,3.09,93.85,15.86,,332.1,2006-10-04T00:00:00.000Z,2006-09-11,INE916G01016,532764.0,GEECEE,350.0,348.95
6,,HOV Services Ltd.,6.0,Mainboard,04-Sep-2006,27-Sep-2006,"BSE, NSE",INE596H01014,532761.0,HOVS,hov-services-ipo,200.0,204.0,2.0,180.3,-9.85,,-74.7,2006-09-27T00:00:00.000Z,2006-09-04,INE596H01014,532761.0,HOVS,50.6,73.88
4,,Action Construction Equipment Ltd.,4.0,Mainboard,01-Sep-2006,26-Sep-2006,"BSE, NSE",INE731H01025,532762.0,ACE,action-construction-equipment-ipo,130.0,180.0,38.46,193.65,48.96,,3705.19,2006-09-26T00:00:00.000Z,2006-09-01,INE731H01025,532762.0,ACE,989.35,989.0
3,,KEW Industries Ltd.,3.0,Mainboard,28-Aug-2006,25-Sep-2006,BSE,INE700H01012,532758.0,,kew-industries-limted-ipo,30.0,,,,,,,,2006-08-28,INE700H01012,532758.0,,,
2,,Deep Industries Ltd.,2.0,Mainboard,29-Aug-2006,25-Sep-2006,BSE,INE677H01012,532760.0,DEEPENR,deep-industries-ipo,36.0,49.0,36.11,27.9,-22.5,,761.25,2006-09-25T00:00:00.000Z,2006-08-29,INE677H01012,532760.0,DEEPENR,310.05,312.25
5,,Atlanta Ltd.,5.0,Mainboard,01-Sep-2006,25-Sep-2006,"BSE, NSE",INE285H01022,532759.0,ATLANTAA,atlanta-ipo,150.0,175.55,17.03,192.3,28.2,,30.0,2006-09-25T00:00:00.000Z,2006-09-01,INE285H01022,532759.0,ATLANTAA,39.0,39.16
1,,Voltamp Transformers Ltd.,1.0,Mainboard,24-Aug-2006,20-Sep-2006,"BSE, NSE",INE540H01012,532757.0,VOLTAMP,voltamp-transformers-ipo,345.0,370.0,7.25,416.45,20.71,,2669.43,2006-09-20T00:00:00.000Z,2006-08-24,INE540H01012,532757.0,VOLTAMP,9554.55,9562.0
2929,,Tech Mahindra Ltd.,2929.0,Mainboard,01-Aug-2006,28-Aug-2006,"BSE, NSE",INE669C01036,532755.0,TECHM,tech-mahindra-ipo,365.0,521.0,42.74,554.25,51.85,,298.75,2006-08-28T00:00:00.000Z,2006-08-01,INE669C01036,532755.0,TECHM,1455.45,1454.8
2928,,GMR Infrastructure Ltd.,2928.0,Mainboard,31-Jul-2006,21-Aug-2006,"BSE, NSE",INE776C01039,532754.0,GMRAIRPORT,gmr-infrastructure-ipo,210.0,216.0,2.86,210.4,0.19,,-46.43,2006-08-21T00:00:00.000Z,2006-07-31,INE776C01039,532754.0,GMRAIRPORT,112.5,112.51
2927,,Allcargo Global Logistics Ltd.,2927.0,Mainboard,01-Jun-2006,23-Jun-2006,"BSE, NSE",INE418H01029,532749.0,ALLCARGO,allcargo-global-logistics-ipo,675.0,665.0,-1.48,670.15,-0.72,,-98.82,2006-06-23T00:00:00.000Z,2006-06-01,INE418H01029,532749.0,ALLCARGO,7.98,7.98
2926,,Prime Focus Ltd.,2926.0,Mainboard,25-May-2006,20-Jun-2006,"BSE, NSE",INE367G01038,532748.0,PFOCUS,prime-focus-ipo,417.0,322.0,-22.78,326.15,-21.79,,-38.68,2006-06-20T00:00:00.000Z,2006-05-25,INE367G01038,532748.0,PFOCUS,255.7,256.69
2923,,Deccan Aviation Ltd.,2923.0,Mainboard,18-May-2006,12-Jun-2006,"BSE, NSE",INE438H01019,532747.0,AIRDECCAN,deccan-aviation-ipo,148.0,129.9,-12.23,99.1,-33.04,,0.0,2006-06-12T00:00:00.000Z,2006-05-18,INE438H01019,532747.0,AIRDECCAN,,
2925,,Unity Infraprojects Ltd.,2925.0,Mainboard,19-May-2006,12-Jun-2006,"BSE, NSE",INE466H01028,532746.0,UNITY,unity-infraprojects-ipo,675.0,700.0,3.7,470.9,-30.24,,0.0,2006-06-12T00:00:00.000Z,2006-05-19,INE466H01028,532746.0,UNITY,,
2919,,JRG Securities Ltd.,2919.0,Mainboard,17-Apr-2006,18-May-2006,BSE,INE347H01012,532745.0,,jrg-securities-ipo,40.0,55.0,37.5,41.85,4.63,,-94.3,2006-05-18T00:00:00.000Z,2006-04-17,INE347H01012,532745.0,,2.28,
2918,,Reliance Petroleum Ltd.,2918.0,Mainboard,13-Apr-2006,11-May-2006,"BSE, NSE",INE475H01011,532743.0,RPL,reliance-petroleum-ipo,60.0,99.95,66.58,85.4,42.33,,0.0,2006-05-11T00:00:00.000Z,2006-04-13,INE475H01011,532743.0,RPL,,
2914,,Kamdhenu Ispat Ltd.,2914.0,Mainboard,03-Apr-2006,09-May-2006,"BSE, NSE",INE390H01020,532741.0,KAMDHENU,kamdhenu-ispat-ipo,25.0,31.0,24.0,45.75,83.0,,27.28,2006-05-09T00:00:00.000Z,2006-04-03,INE390H01020,532741.0,KAMDHENU,31.82,33.02
2917,,Plethico Pharmaceuticals Ltd.,2917.0,Mainboard,10-Apr-2006,05-May-2006,"BSE, NSE",INE491H01018,532739.0,PLETHICO,plethico-pharmaceuticals-ipo,300.0,245.0,-18.33,419.15,39.72,,0.0,2006-05-05T00:00:00.000Z,2006-04-10,INE491H01018,532739.0,PLETHICO,,
2916,,Lokesh Machines Ltd.,2916.0,Mainboard,07-Apr-2006,05-May-2006,"BSE, NSE",INE397H01017,532740.0,LOKESHMACH,lokesh-machines-ipo,140.0,211.65,51.18,227.4,62.43,,135.14,2006-05-05T00:00:00.000Z,2006-04-07,INE397H01017,532740.0,LOKESHMACH,329.2,330.35
2915,,Sun TV Ltd.,2915.0,Mainboard,03-Apr-2006,28-Apr-2006,"BSE, NSE",INE424H01027,532733.0,SUNTV,sun-tv-ipo,875.0,1000.0,14.29,1464.65,67.39,,-42.87,2006-04-28T00:00:00.000Z,2006-04-03,INE424H01027,532733.0,SUNTV,499.85,499.7
2912,,Emkay Share & Stock Brokers Ltd.,2912.0,Mainboard,31-Mar-2006,28-Apr-2006,"BSE, NSE",INE296H01011,532737.0,EMKAY,emkay-share-stock-brokers-ipo,120.0,130.0,8.33,136.75,13.96,,126.42,2006-04-28T00:00:00.000Z,2006-03-31,INE296H01011,532737.0,EMKAY,271.7,270.85
2911,,R Systems International Ltd.,2911.0,Mainboard,28-Mar-2006,26-Apr-2006,"BSE, NSE",INE411H01032,532735.0,RSYSTEMS,r-systems-international-ipo,250.0,285.0,14.0,249.65,-0.14,,-3.22,2006-04-26T00:00:00.000Z,2006-03-28,INE411H01032,532735.0,RSYSTEMS,241.95,241.86
2910,,Godawari Power & Ispat Ltd.,2910.0,Mainboard,28-Mar-2006,25-Apr-2006,"BSE, NSE",INE177H01039,532734.0,GPIL,godawari-power-ispat-ipo,81.0,95.0,17.28,103.15,27.35,,214.14,2006-04-25T00:00:00.000Z,2006-03-28,INE177H01039,532734.0,GPIL,254.45,254.35
2906,,Kewal Kiran Clothing Ltd.,2906.0,Mainboard,20-Mar-2006,13-Apr-2006,"BSE, NSE",INE401H01017,532732.0,KKCL,kewal-kiran-clothing-ipo,260.0,270.0,3.85,243.45,-6.37,,91.38,2006-04-13T00:00:00.000Z,2006-03-20,INE401H01017,532732.0,KKCL,497.6,499.15
2901,,Rohit Ferro-Tech Ltd.,2901.0,Mainboard,07-Mar-2006,13-Apr-2006,"BSE, NSE",INE248H01012,532731.0,ROHITFERRO,rohit-ferrotech-ipo,30.0,32.7,9.0,30.0,0.0,,0.0,2006-04-13T00:00:00.000Z,2006-03-07,INE248H01012,532731.0,ROHITFERRO,,
2905,,Uttam Sugar Mills Ltd.,2905.0,Mainboard,16-Mar-2006,10-Apr-2006,"BSE, NSE",INE786F01031,532729.0,UTTAMSUGAR,uttam-sugar-mills-ipo,340.0,379.7,11.68,416.3,22.44,,-31.57,2006-04-10T00:00:00.000Z,2006-03-16,INE786F01031,532729.0,UTTAMSUGAR,232.65,232.45
2902,,Shivalik Global Ltd.,2902.0,Mainboard,09-Mar-2006,10-Apr-2006,"BSE, NSE",INE353H01010,532730.0,SGL,shivalik-global-ipo,60.0,72.0,20.0,60.0,0.0,,-83.0,2006-04-10T00:00:00.000Z,2006-03-09,INE353H01010,532730.0,SGL,10.2,10.27
2904,,Adhunik Metaliks Ltd.,2904.0,Mainboard,13-Mar-2006,05-Apr-2006,"BSE, NSE",INE400H01019,532727.0,,adhunik-metaliks-ipo,37.0,,,41.95,13.38,,0.0,2006-04-05T00:00:00.000Z,2006-03-13,INE400H01019,532727.0,ADHUNIK,,
2900,,Malu Paper Mills Ltd.,2900.0,Mainboard,06-Mar-2006,05-Apr-2006,"BSE, NSE",INE383H01017,532728.0,,malu-paper-mills-ipo,30.0,,,32.45,8.17,,2.1,2006-04-05T00:00:00.000Z,2006-03-06,INE383H01017,532728.0,MALUPAPER,30.63,30.67
2899,,Gallantt Metal Ltd.,2899.0,Mainboard,06-Mar-2006,04-Apr-2006,"BSE, NSE",INE297H01019,532726.0,,gallantt-metal-ipo,10.0,,,14.35,43.5,,6581.5,2006-04-04T00:00:00.000Z,2006-03-06,INE297H01019,532726.0,GALLANTT,668.15,667.6
2903,,Solar Explosives Ltd.,2903.0,Mainboard,09-Mar-2006,03-Apr-2006,"BSE, NSE",INE343H01029,532725.0,SOLARINDS,solar-explosives-ipo,190.0,225.0,18.42,190.0,0.0,,47891.58,2006-04-03T00:00:00.000Z,2006-03-09,INE343H01029,532725.0,SOLARINDS,18236.8,18236.0
2897,,Nitco Tiles Ltd.,2897.0,Mainboard,22-Feb-2006,21-Mar-2006,"BSE, NSE",INE858F01012,532722.0,NITCO,nitco-tiles-ipo,168.0,180.0,7.14,183.25,9.08,,-36.58,2006-03-21T00:00:00.000Z,2006-02-22,INE858F01012,532722.0,NITCO,106.55,106.52
2898,,Visa Steel Ltd.,2898.0,Mainboard,23-Feb-2006,17-Mar-2006,"BSE, NSE",INE286H01012,532721.0,,visa-steel-ipo,57.0,,,56.8,-0.35,,-29.81,2006-03-17T00:00:00.000Z,2006-02-23,INE286H01012,532721.0,VISASTEEL,40.01,47.92
2894,,B.L.Kashyap & Sons Ltd.,2894.0,Mainboard,20-Feb-2006,17-Mar-2006,"BSE, NSE",INE350H01032,532719.0,BLKASHYAP,blkashyap-sons-ipo,685.0,800.5,16.86,973.3,42.09,,-91.97,2006-03-17T00:00:00.000Z,2006-02-20,INE350H01032,532719.0,BLKASHYAP,55.02,55.26
2895,,Mahindra & Mahindra Financial Services Ltd.,2895.0,Mainboard,21-Feb-2006,17-Mar-2006,"BSE, NSE",INE774D01024,532720.0,M&MFIN,mahindra-mahindra-financial-services-ipo,200.0,225.0,12.5,232.55,16.28,,70.43,2006-03-17T00:00:00.000Z,2006-02-21,INE774D01024,532720.0,M&MFIN,340.85,340.85
2893,,Pratibha Industries Ltd.,2893.0,Mainboard,16-Feb-2006,16-Mar-2006,"BSE, NSE",INE308H01014,532718.0,PRATIBHA,pratibha-industries-ipo,120.0,150.0,25.0,181.3,51.08,,0.0,2006-03-16T00:00:00.000Z,2006-02-16,INE308H01014,532718.0,PRATIBHA,,
2889,,Indo-Tech Transformers Ltd.,2889.0,Mainboard,10-Feb-2006,16-Mar-2006,"BSE, NSE",INE332H01014,532717.0,INDOTECH,indotech-transformers-ipo,130.0,135.0,3.85,239.1,83.92,,2453.77,2006-03-16T00:00:00.000Z,2006-02-10,INE332H01014,532717.0,INDOTECH,3319.9,3304.3
2891,,Gitanjali Gems Ltd.,2891.0,Mainboard,16-Feb-2006,10-Mar-2006,"BSE, NSE",INE346H01014,532715.0,GITANJALI,gitanjali-gems-ipo,195.0,210.0,7.69,167.6,-14.05,,0.0,2006-03-10T00:00:00.000Z,2006-02-16,INE346H01014,532715.0,GITANJALI,,
2887,,Sakuma Exports Ltd.,2887.0,Mainboard,08-Feb-2006,08-Mar-2006,"BSE, NSE",INE190H01024,532713.0,SAKUMA,sakuma-exports-ipo,50.0,60.0,20.0,47.1,-5.8,,-96.52,2006-03-08T00:00:00.000Z,2006-02-08,INE190H01024,532713.0,SAKUMA,1.74,1.72
2884,,Sunil Hitech Engineers Ltd.,2884.0,Mainboard,30-Jan-2006,02-Mar-2006,"BSE, NSE",INE305H01010,532711.0,SUNILHITEC,sunil-hitech-engineers-ipo,100.0,110.0,10.0,157.2,57.2,,0.0,2006-03-02T00:00:00.000Z,2006-01-30,INE305H01010,532711.0,SUNILHITEC,,
2886,,Sadbhav Engineering Ltd.,2886.0,Mainboard,03-Feb-2006,01-Mar-2006,"BSE, NSE",INE226H01026,532710.0,SADBHAV,sadbhav-engineering-ipo,185.0,220.0,18.92,320.65,73.32,,-95.48,2006-03-01T00:00:00.000Z,2006-02-03,INE226H01026,532710.0,SADBHAV,8.36,8.35
2885,,GVK Power & Infrastructure Ltd.,2885.0,Mainboard,02-Feb-2006,27-Feb-2006,"BSE, NSE",INE251H01024,532708.0,GVKPIL,gvk-power-infrastructure-ipo,310.0,376.0,21.29,315.85,1.89,,-99.19,2006-02-27T00:00:00.000Z,2006-02-02,INE251H01024,532708.0,GVKPIL,2.5,2.49
2883,,Inox Leisure Ltd.,2883.0,Mainboard,27-Jan-2006,23-Feb-2006,"BSE, NSE",INE312H01016,532706.0,INOXLEISUR,inox-leisure-ipo,120.0,172.0,43.33,175.25,46.04,,0.0,2006-02-23T00:00:00.000Z,2006-01-27,INE312H01016,532706.0,INOXLEISUR,,
2879,,Dynemic Products Ltd.,2879.0,Mainboard,18-Jan-2006,23-Feb-2006,BSE,INE256H01015,532707.0,DYNPRO,dynemic-products-ipo,35.0,37.6,7.43,28.2,-19.43,,568.14,2006-02-23T00:00:00.000Z,2006-01-18,INE256H01015,532707.0,DYNPRO,233.85,233.36
2882,,Jagran Prakashan Ltd.,2882.0,Mainboard,25-Jan-2006,22-Feb-2006,"BSE, NSE",INE199G01027,532705.0,JAGRAN,jagran-prakashan-ipo,320.0,361.0,12.81,270.9,-15.34,,-80.05,2006-02-22T00:00:00.000Z,2006-01-25,INE199G01027,532705.0,JAGRAN,63.84,63.91
2881,,Gujarat State Petronet Ltd.,2881.0,Mainboard,24-Jan-2006,16-Feb-2006,"BSE, NSE",INE246F01010,532702.0,GSPL,gujarat-state-petronet-ipo,27.0,46.5,72.22,40.45,49.81,,896.11,2006-02-16T00:00:00.000Z,2006-01-24,INE246F01010,532702.0,GSPL,268.95,268.35
2878,,Sree Sakthi Paper Mills Ltd.,2878.0,Mainboard,17-Jan-2006,16-Feb-2006,BSE,INE266H01014,532701.0,,sree-sakthi-paper-mills-ipo,30.0,38.0,26.67,29.2,-2.67,,-42.83,2006-02-16T00:00:00.000Z,2006-01-17,INE266H01014,532701.0,,17.15,
2880,,Entertainment Network (India) Ltd.,2880.0,Mainboard,23-Jan-2006,15-Feb-2006,"BSE, NSE",INE265F01028,532700.0,ENIL,entertainment-network-india-ipo,162.0,240.0,48.15,264.7,63.4,,-34.6,2006-02-15T00:00:00.000Z,2006-01-23,INE265F01028,532700.0,ENIL,105.95,105.86
2875,,Royal Orchid Hotels Ltd.,2875.0,Mainboard,12-Jan-2006,06-Feb-2006,"BSE, NSE",INE283H01019,532699.0,ROHLTD,royal-orchid-hotels-ipo,165.0,251.0,52.12,231.4,40.24,,98.18,2006-02-06T00:00:00.000Z,2006-01-12,INE283H01019,532699.0,ROHLTD,327.0,326.7
2873,,Nitin Spinners Ltd.,2873.0,Mainboard,06-Jan-2006,02-Feb-2006,"BSE, NSE",INE229H01012,532698.0,NITINSPIN,nitin-spinners-ipo,21.0,30.0,42.86,26.0,23.81,,2486.9,2006-02-02T00:00:00.000Z,2006-01-06,INE229H01012,532698.0,NITINSPIN,543.25,543.2
149,,Precision Pipes & Profiles Co.Ltd.,149.0,Mainboard,17-Dec-2007,02-Dec-2019,"BSE, NSE",,,,precision_pipes_ipo,150.0,165.0,10.0,136.1,-9.27,,0.0,2019-12-02T00:00:00.000Z,2007-12-17,,,,,
134,,Barak Valley Cements Ltd.,134.0,Mainboard,29-Oct-2007,01-Jul-2019,"BSE, NSE",,,,barak_valley_cements_ipo,42.0,62.6,49.05,55.3,31.67,,0.0,2019-07-01T00:00:00.000Z,2007-10-29,,,,,
146,,Aries Agro Ltd.,146.0,Mainboard,14-Dec-2007,11-Jan-2008,"BSE, NSE",INE298I01015,532935.0,ARIES,aries_agro_ipo,130.0,160.0,23.08,251.4,93.38,,164.88,2008-01-11T00:00:00.000Z,2007-12-14,INE298I01015,532935.0,ARIES,344.35,344.15
142,,BGR Energy Systems Ltd.,142.0,Mainboard,05-Dec-2007,03-Jan-2008,"BSE, NSE",INE661I01014,532930.0,BGRENERGY,bgr_energy_ipo,480.0,840.0,75.0,901.45,87.8,,-37.67,2008-01-03T00:00:00.000Z,2007-12-05,INE661I01014,532930.0,BGRENERGY,299.2,299.3
141,,Burnpur Cement Ltd.,141.0,Mainboard,28-Nov-2007,03-Jan-2008,"BSE, NSE",INE817H01014,532931.0,BURNPUR,burnpur_cement_ipo,12.0,15.0,25.0,48.05,300.42,,-44.5,2008-01-03T00:00:00.000Z,2007-11-28,INE817H01014,532931.0,BURNPUR,6.66,6.6
143,,eClerx Services Ltd.,143.0,Mainboard,04-Dec-2007,31-Dec-2007,"BSE, NSE",INE738I01010,532927.0,ECLERX,eclerx_ipo,315.0,370.0,17.46,449.65,42.75,,415.02,2007-12-31T00:00:00.000Z,2007-12-04,INE738I01010,532927.0,ECLERX,1622.3,1621.7
145,,Brigade Enterprises Ltd.,145.0,Mainboard,10-Dec-2007,31-Dec-2007,"BSE, NSE",INE791I01019,532929.0,BRIGADE,brigade_ipo,390.0,430.0,10.26,379.9,-2.59,,47.35,2007-12-31T00:00:00.000Z,2007-12-10,INE791I01019,532929.0,BRIGADE,574.65,574.6
144,,Transformers & Rectifiers (India) Ltd.,144.0,Mainboard,07-Dec-2007,28-Dec-2007,"BSE, NSE",INE763I01026,532928.0,TARIL,transformers_rectifiers_ipo,465.0,790.0,69.89,729.25,56.83,,640.97,2007-12-28T00:00:00.000Z,2007-12-07,INE763I01026,532928.0,TARIL,344.55,344.75
139,,Jyothy Laboratories Ltd.,139.0,Mainboard,22-Nov-2007,19-Dec-2007,"BSE, NSE",INE668F01031,532926.0,JYOTHYLAB,jyothi_laboratories_ipo,690.0,895.0,29.71,741.15,7.41,,45.29,2007-12-19T00:00:00.000Z,2007-11-22,INE668F01031,532926.0,JYOTHYLAB,200.5,200.54
140,,Kaushalya Infrastructure Development Corp.Ltd.,140.0,Mainboard,20-Nov-2007,14-Dec-2007,"BSE, NSE",INE234I01028,532925.0,KAUSHALYA,kaushalya_ipo,60.0,79.0,31.67,82.45,37.42,,1626.75,2007-12-14T00:00:00.000Z,2007-11-20,INE234I01028,532925.0,KAUSHALYA,1036.05,1034.45
137,,Kolte-Patil Developers Ltd.,137.0,Mainboard,19-Nov-2007,13-Dec-2007,"BSE, NSE",INE094I01018,532924.0,KOLTEPATIL,kolte_patil_developers_ipo,145.0,230.0,58.62,181.35,25.07,,154.07,2007-12-13T00:00:00.000Z,2007-11-19,INE094I01018,532924.0,KOLTEPATIL,368.4,370.45
138,,Renaissance Jewellery Ltd.,138.0,Mainboard,19-Nov-2007,12-Dec-2007,"BSE, NSE",INE722H01024,532923.0,RGL,renaissance_ipo,150.0,190.0,26.67,164.9,9.93,,296.0,2007-12-12T00:00:00.000Z,2007-11-19,INE722H01024,532923.0,RGL,118.8,119.14
136,,Edelweiss Capital Ltd.,136.0,Mainboard,15-Nov-2007,12-Dec-2007,"BSE, NSE",INE532F01054,532922.0,EDELWEISS,edelweiss_ipo,825.0,1443.75,75.0,1510.25,83.06,,-27.18,2007-12-12T00:00:00.000Z,2007-11-15,INE532F01054,532922.0,EDELWEISS,120.15,120.14
132,,Mundra Port & Special Economic Zone Ltd.,132.0,Mainboard,01-Nov-2007,27-Nov-2007,"BSE, NSE",INE742F01042,532921.0,ADANIPORTS,mundra_port_ipo,440.0,770.0,75.0,962.9,118.84,,1977.27,2007-11-27T00:00:00.000Z,2007-11-01,INE742F01042,532921.0,ADANIPORTS,1828.0,1828.1
135,,Empee Distilleries Ltd.,135.0,Mainboard,01-Nov-2007,26-Nov-2007,"BSE, NSE",INE180G01019,532920.0,EDL,empee_ipo,400.0,462.3,15.58,319.35,-20.16,,0.0,2007-11-26T00:00:00.000Z,2007-11-01,INE180G01019,532920.0,EDL,,
119,,Allied Computers International (Asia) Ltd.,119.0,Mainboard,19-Oct-2007,23-Nov-2007,BSE,INE335I01056,532919.0,,aci_ipo,12.0,21.0,75.0,37.7,214.17,,,,2007-10-19,INE335I01056,532919.0,,,
129,,Rathi Bars Ltd.,129.0,Mainboard,18-Oct-2007,23-Nov-2007,BSE,INE575I01016,532918.0,,rathi_bars_ipo,35.0,38.0,8.57,31.9,-8.86,,-41.29,2007-11-23T00:00:00.000Z,2007-10-18,INE575I01016,532918.0,,20.55,
133,,Varun Industries Ltd.,133.0,Mainboard,25-Oct-2007,22-Nov-2007,"BSE, NSE",INE032G01012,532917.0,VARUN,varun_industries_ipo,60.0,105.0,75.0,112.2,87.0,,,,2007-10-25,INE032G01012,532917.0,VARUN,,
131,,Religare Enterprises Ltd.,131.0,Mainboard,29-Oct-2007,21-Nov-2007,"BSE, NSE",INE621H01010,532915.0,RELIGARE,religare_ipo,185.0,323.75,75.0,525.3,183.95,,46.05,2007-11-21T00:00:00.000Z,2007-10-29,INE621H01010,532915.0,RELIGARE,270.2,270.45
124,,Circuit Systems (India) Ltd.,124.0,Mainboard,27-Sep-2007,02-Nov-2007,BSE,INE720H01010,532913.0,,circuit_systems_ipo,35.0,42.0,20.0,43.5,24.29,,,,2007-09-27,INE720H01010,532913.0,,,
127,,Maytas Infra Ltd.,127.0,Mainboard,27-Sep-2007,25-Oct-2007,"BSE, NSE",INE369I01014,532907.0,IL&FSENGG,maytas_ipo,370.0,515.75,39.39,613.35,65.77,,-91.95,2007-10-25T00:00:00.000Z,2007-09-27,INE369I01014,532907.0,IL&FSENGG,29.8,28.55
126,,Saamya Biotech (India) Ltd.,126.0,Mainboard,25-Sep-2007,19-Oct-2007,BSE,INE320H01019,532905.0,,saamya_biotech_ipo,10.0,17.5,75.0,15.3,53.0,,,,2007-09-25,INE320H01019,532905.0,,,
125,,Supreme Infrastructure India Ltd.,125.0,Mainboard,21-Sep-2007,18-Oct-2007,"BSE, NSE",INE550H01011,532904.0,SUPREMEINF,supreme_infrastructure_ipo,108.0,187.5,73.61,175.1,62.13,,-25.24,2007-10-18T00:00:00.000Z,2007-09-21,INE550H01011,532904.0,SUPREMEINF,80.74,80.35
121,,Dhanus Technologies Ltd.,121.0,Mainboard,10-Sep-2007,17-Oct-2007,"BSE, NSE",INE406H01016,532903.0,,dhanus_technologies_ipo,295.0,,,,,,,,2007-09-10,INE406H01016,532903.0,DHANUS,,
123,,Consolidated Construction Consortium Ltd.,123.0,Mainboard,18-Sep-2007,15-Oct-2007,"BSE, NSE",INE429I01024,532902.0,CCCL,cccl_ipo,510.0,889.9,74.49,792.1,55.31,,-84.25,2007-10-15T00:00:00.000Z,2007-09-18,INE429I01024,532902.0,CCCL,16.07,16.23
122,,Koutons Retail India Ltd.,122.0,Mainboard,18-Sep-2007,12-Oct-2007,"BSE, NSE",INE406I01014,532901.0,KOUTONS,koutons_ipo,415.0,510.05,22.9,586.5,41.33,,,,2007-09-18,INE406I01014,532901.0,KOUTONS,,
118,,Power Grid Corp.of India Ltd.,118.0,Mainboard,10-Sep-2007,05-Oct-2007,"BSE, NSE",INE752E01010,532898.0,POWERGRID,power_grid_ipo,52.0,89.8,72.69,100.6,93.46,,444.62,2007-10-05T00:00:00.000Z,2007-09-10,INE752E01010,532898.0,POWERGRID,283.2,283.1
120,,Kaveri Seed Co.Ltd.,120.0,Mainboard,06-Sep-2007,04-Oct-2007,"BSE, NSE",INE455I01029,532899.0,KSCL,kaveri_seed_ipo,170.0,204.0,20.0,230.95,35.85,,2459.71,2007-10-04T00:00:00.000Z,2007-09-06,INE455I01029,532899.0,KSCL,870.3,869.95
116,,Magnum Ventures Ltd.,116.0,Mainboard,27-Aug-2007,20-Sep-2007,"BSE, NSE",INE387I01016,532896.0,MAGNUM,magnum_ventures_ipo,30.0,36.8,22.67,49.4,64.67,,-34.13,2007-09-20T00:00:00.000Z,2007-08-27,INE387I01016,532896.0,MAGNUM,19.76,19.73
115,,Indowind Energy Ltd.,115.0,Mainboard,21-Aug-2007,14-Sep-2007,"BSE, NSE",INE227G01018,532894.0,INDOWIND,indowind_ipo,65.0,75.0,15.38,113.65,74.85,,-85.55,2007-09-14T00:00:00.000Z,2007-08-21,INE227G01018,532894.0,INDOWIND,9.39,9.22
114,,Motilal Oswal Financial Services Ltd.,114.0,Mainboard,20-Aug-2007,11-Sep-2007,"BSE, NSE",INE338I01027,532892.0,MOTILALOFS,motilal_oswal_ipo,825.0,911.1,10.44,976.85,18.41,,493.24,2007-09-11T00:00:00.000Z,2007-08-20,INE338I01027,532892.0,MOTILALOFS,978.85,979.35
110,,Puravankara Projects Ltd.,110.0,Mainboard,31-Jul-2007,30-Aug-2007,"BSE, NSE",INE323I01011,532891.0,PURVA,puravankara_ipo,400.0,310.0,-22.5,362.3,-9.42,,11.9,2007-08-30T00:00:00.000Z,2007-07-31,INE323I01011,532891.0,PURVA,223.8,224.06
112,,K.P.R.Mill Ltd.,112.0,Mainboard,02-Aug-2007,28-Aug-2007,"BSE, NSE",INE930H01031,532889.0,KPRMILL,kpr_mill_ipo,225.0,175.0,-22.22,174.2,-22.58,,4826.67,2007-08-28T00:00:00.000Z,2007-08-02,INE930H01031,532889.0,KPRMILL,1108.5,1110.1
111,,TAKE Solutions Ltd.,111.0,Mainboard,01-Aug-2007,27-Aug-2007,"BSE, NSE",INE142I01023,532890.0,TAKE,take_solutions_ipo,730.0,880.0,20.55,927.8,27.1,,-69.1,2007-08-27T00:00:00.000Z,2007-08-01,INE142I01023,532890.0,TAKE,22.56,22.66
108,,Asian Granito India Ltd.,108.0,Mainboard,26-Jul-2007,23-Aug-2007,"BSE, NSE",INE022I01019,532888.0,ASIANTILES,asian_granito_ipo,97.0,99.9,2.99,94.2,-2.89,,-49.55,2007-08-23T00:00:00.000Z,2007-07-26,INE022I01019,532888.0,ASIANTILES,48.94,48.84
104,,Central Bank of India,104.0,Mainboard,24-Jul-2007,21-Aug-2007,"BSE, NSE",INE483A01010,532885.0,CENTRALBK,central_bank_of_india_ipo,102.0,131.8,29.22,115.3,13.04,,-68.03,2007-08-21T00:00:00.000Z,2007-07-24,INE483A01010,532885.0,CENTRALBK,32.61,32.6
109,,SEL Manufacturing Co.Ltd.,109.0,Mainboard,26-Jul-2007,21-Aug-2007,"BSE, NSE",INE105I01020,532886.0,SELMC,sel_ipo,90.0,95.0,5.56,144.75,60.83,,-68.51,2007-08-21T00:00:00.000Z,2007-07-26,INE105I01020,532886.0,SELMC,28.34,28.32
105,,Refex Refrigerants Ltd.,105.0,Mainboard,23-Jul-2007,20-Aug-2007,BSE,INE056I01025,532884.0,REFEX,refex_ipo,65.0,69.1,6.31,62.0,-4.62,,2561.15,2007-08-20T00:00:00.000Z,2007-07-23,INE056I01025,532884.0,REFEX,345.95,344.75
106,,Zylog Systems Ltd.,106.0,Mainboard,20-Jul-2007,17-Aug-2007,"BSE, NSE",INE225I01026,532883.0,ZYLOG,zylog_ipo,350.0,557.0,59.14,427.5,22.14,,,,2007-07-20,INE225I01026,532883.0,ZYLOG,,
107,,IVR Prime Urban Developers Ltd.,107.0,Mainboard,23-Jul-2007,16-Aug-2007,"BSE, NSE",INE414I01018,532881.0,IVRPRIME,ivr_prime_ipo,550.0,456.25,-17.05,417.9,-24.02,,,,2007-07-23,INE414I01018,532881.0,IVRPRIME,,
103,,Omnitech InfoSolutions Ltd.,103.0,Mainboard,19-Jul-2007,14-Aug-2007,"BSE, NSE",INE810H01019,532882.0,OMNITECH,omnitech_ipo,105.0,183.75,75.0,163.4,55.62,,,,2007-07-19,INE810H01019,532882.0,OMNITECH,,
100,,Omaxe Ltd.,100.0,Mainboard,17-Jul-2007,09-Aug-2007,"BSE, NSE",INE800H01010,532880.0,OMAXE,omaxe_ipo,310.0,410.0,32.26,349.35,12.69,,-70.85,2007-08-09T00:00:00.000Z,2007-07-17,INE800H01010,532880.0,OMAXE,90.35,90.48
101,,Alpa Laboratories Ltd.,101.0,Mainboard,12-Jul-2007,06-Aug-2007,"BSE, NSE",INE385I01010,532878.0,ALPA,alpa_ipo,68.0,61.0,-10.29,55.15,-18.9,,1.15,2007-08-06T00:00:00.000Z,2007-07-12,INE385I01010,532878.0,ALPA,68.78,68.25
102,,Simplex Projects Ltd.,102.0,Mainboard,10-Jul-2007,03-Aug-2007,"BSE, NSE",INE898F01018,532877.0,SIMPLEX,simplex_projects_ipo,185.0,323.75,75.0,273.7,47.95,,,,2007-07-10,INE898F01018,532877.0,SIMPLEX,,
98,,Everonn Systems India Ltd.,98.0,Mainboard,05-Jul-2007,01-Aug-2007,"BSE, NSE",INE678H01010,532876.0,EVERONN,everonn_ipo,140.0,245.0,75.0,477.35,240.96,,,,2007-07-05,INE678H01010,532876.0,EVERONN,,
99,,Allied Digital Services Ltd.,99.0,Mainboard,02-Jul-2007,25-Jul-2007,"BSE, NSE",INE102I01027,532875.0,ADSL,allied_digital_ipo,190.0,332.5,75.0,330.15,73.76,,26.37,2007-07-25T00:00:00.000Z,2007-07-02,INE102I01027,532875.0,ADSL,120.05,120.06
97,,Housing Development & Infrastructure Ltd.,97.0,Mainboard,28-Jun-2007,24-Jul-2007,"BSE, NSE",INE191I01012,532873.0,HDIL,hdil_ipo,500.0,538.6,7.72,559.35,11.87,,-99.66,2007-07-24T00:00:00.000Z,2007-06-28,INE191I01012,532873.0,HDIL,1.69,1.69
95,,Suryachakra Power Corp.Ltd.,95.0,Mainboard,25-Jun-2007,23-Jul-2007,BSE,INE274I01016,532874.0,SURYACHAKRA,suryachakra_ipo,20.0,30.0,50.0,22.35,11.75,,0.0,2007-07-23T00:00:00.000Z,2007-06-25,INE274I01016,532874.0,SURYACHAKRA,,
96,,Spice Communications Ltd.,96.0,Mainboard,25-Jun-2007,19-Jul-2007,BSE,INE684H01018,532863.0,,spice_telecom_ipo,46.0,,,,,,,,2007-06-25,INE684H01018,532863.0,SPICETELE,,
91,,Celestial Labs Ltd.,91.0,Mainboard,18-Jun-2007,17-Jul-2007,"BSE, NSE",INE221I01017,532871.0,CELESTIAL,celestial_labs_ipo,60.0,75.0,25.0,67.55,12.58,,,,2007-06-18,INE221I01017,532871.0,CELESTIAL,,
92,,Ankit Metal & Power Ltd.,92.0,Mainboard,18-Jun-2007,10-Jul-2007,BSE,INE106I01010,532870.0,ANKITMETAL,ankit_metal_ipo,36.0,37.9,5.28,36.95,2.64,,-95.92,2007-07-10T00:00:00.000Z,2007-06-18,INE106I01010,532870.0,ANKITMETAL,1.47,3.91
89,,Roman Tarmat Ltd.,89.0,Mainboard,12-Jun-2007,09-Jul-2007,"BSE, NSE",INE924H01018,532869.0,TARMAT,roman_tarmat_ipo,175.0,306.25,75.0,319.2,82.4,,-71.54,2007-07-09T00:00:00.000Z,2007-06-12,INE924H01018,532869.0,TARMAT,49.8,49.28
86,,DLF Ltd.,86.0,Mainboard,11-Jun-2007,05-Jul-2007,"BSE, NSE",INE271C01023,532868.0,DLF,dlf_ipo,525.0,526.6,0.3,569.8,8.53,,30.61,2007-07-05T00:00:00.000Z,2007-06-11,INE271C01023,532868.0,DLF,685.7,685.75
90,,Vishal Retail Ltd.,90.0,Mainboard,11-Jun-2007,04-Jul-2007,"BSE, NSE",INE945H01021,532867.0,V2RETAIL,vishal_retail_ipo,270.0,472.5,75.0,753.1,178.93,,716.3,2007-07-04T00:00:00.000Z,2007-06-11,INE945H01021,532867.0,V2RETAIL,220.4,220.23
87,,Meghmani Organics Ltd.,87.0,Mainboard,04-Jun-2007,28-Jun-2007,"BSE, NSE",INE974H01013,532865.0,MEGH,meghmani_ipo,19.0,33.25,75.0,26.6,40.0,,0.0,2007-06-28T00:00:00.000Z,2007-06-04,INE974H01013,532865.0,MEGH,,
88,,Nelcast Ltd.,88.0,Mainboard,04-Jun-2007,27-Jun-2007,"BSE, NSE",INE189I01024,532864.0,NELCAST,nelcast_ipo,219.0,252.0,15.07,207.35,-5.32,,219.18,2007-06-27T00:00:00.000Z,2007-06-04,INE189I01024,532864.0,NELCAST,139.8,139.9
85,,Decolight Ceramics Ltd.,85.0,Mainboard,24-May-2007,19-Jun-2007,"BSE, NSE",INE172I01012,532858.0,DECOLIGHT,decolight_ipo,54.0,70.0,29.63,44.65,-17.31,,,,2007-05-24,INE172I01012,532858.0,DECOLIGHT,,
82,,Glory Polyfilms Ltd.,82.0,Mainboard,09-May-2007,18-Jun-2007,"BSE, NSE",INE408H01012,532857.0,GLORY,glory_polyfilms_ipo,48.0,48.0,0.0,62.1,29.37,,,,2007-05-09,INE408H01012,532857.0,GLORY,,
84,,Time Technoplast Ltd.,84.0,Mainboard,18-May-2007,13-Jun-2007,"BSE, NSE",INE508G01029,532856.0,TIMETECHNO,time_technoplast_ipo,315.0,489.8,55.49,480.9,52.67,,485.56,2007-06-13T00:00:00.000Z,2007-05-18,INE508G01029,532856.0,TIMETECHNO,184.45,184.35
83,,Nitin Fire Protection Industries Ltd.,83.0,Mainboard,15-May-2007,05-Jun-2007,"BSE, NSE",INE489H01020,532854.0,NITINFIRE,nitin_fire_ipo,190.0,332.5,75.0,484.85,155.18,,0.0,2007-06-05T00:00:00.000Z,2007-05-15,INE489H01020,532854.0,NITINFIRE,,
81,,Asahi Songwon Colors Ltd.,81.0,Mainboard,09-May-2007,04-Jun-2007,BSE,INE228I01012,532853.0,ASAHISONG,asahi_songwon_ipo,90.0,93.0,3.33,89.95,-0.06,,204.67,2007-06-04T00:00:00.000Z,2007-05-09,INE228I01012,532853.0,ASAHISONG,274.2,269.65
78,,MIC Electronics Ltd.,78.0,Mainboard,30-Apr-2007,30-May-2007,"BSE, NSE",INE287C01037,532850.0,MICEL,mic_electronics_ipo,150.0,262.5,75.0,338.15,125.43,,24.4,2007-05-30T00:00:00.000Z,2007-04-30,INE287C01037,532850.0,MICEL,37.32,37.35
80,,Insecticides (India) Ltd.,80.0,Mainboard,07-May-2007,30-May-2007,"BSE, NSE",INE070I01018,532851.0,INSECTICID,insecticides_ipo,115.0,110.0,-4.35,109.45,-4.83,,471.39,2007-05-30T00:00:00.000Z,2007-05-07,INE070I01018,532851.0,INSECTICID,657.1,659.0
79,,Binani Cement Ltd.,79.0,Mainboard,07-May-2007,28-May-2007,"BSE, NSE",INE042H01019,532849.0,BINANICEM,binani_cement_ipo,75.0,73.0,-2.67,69.05,-7.93,,,,2007-05-07,INE042H01019,532849.0,BINANICEM,,
75,,Hilton Metal Forging Ltd.,75.0,Mainboard,18-Apr-2007,24-May-2007,"BSE, NSE",INE788H01017,532847.0,HILTON,hilton_metal_ipo,70.0,73.1,4.43,67.75,-3.21,,-66.86,2007-05-24T00:00:00.000Z,2007-04-18,INE788H01017,532847.0,HILTON,23.2,23.22
77,,Bhagwati Banquets & Hotels Ltd.,77.0,Mainboard,18-Apr-2007,17-May-2007,"BSE, NSE",INE797H01018,532845.0,TGBHOTELS,bhagwati_hotels_ipo,40.0,45.0,12.5,49.05,22.62,,-77.88,2007-05-17T00:00:00.000Z,2007-04-18,INE797H01018,532845.0,TGBHOTELS,8.85,8.9
76,,Fortis Healthcare Ltd.,76.0,Mainboard,16-Apr-2007,09-May-2007,"BSE, NSE",INE061F01013,532843.0,FORTIS,fortis_healthcare_ipo,108.0,110.0,1.85,100.15,-7.27,,796.34,2007-05-09T00:00:00.000Z,2007-04-16,INE061F01013,532843.0,FORTIS,968.05,968.0
73,,Advanta India Ltd.,73.0,Mainboard,26-Mar-2007,19-Apr-2007,"BSE, NSE",INE517H01028,532840.0,ADVANTA,advanta_ipo,640.0,665.0,3.91,845.5,32.11,,,,2007-03-26,INE517H01028,532840.0,ADVANTA,,
71,,ICRA Ltd.,71.0,Mainboard,20-Mar-2007,13-Apr-2007,"BSE, NSE",INE725G01011,532835.0,ICRA,icra_ipo,330.0,540.0,63.64,803.25,143.41,,1506.77,2007-04-13T00:00:00.000Z,2007-03-20,INE725G01011,532835.0,ICRA,5302.35,5298.0
72,,Orbit Corp.Ltd.,72.0,Mainboard,20-Mar-2007,12-Apr-2007,"BSE, NSE",INE628H01015,532837.0,ORBITCORP,orbit_ipo,110.0,113.0,2.73,128.2,16.55,,,,2007-03-20,INE628H01015,532837.0,ORBITCORP,,
70,,Gremach Infrastructure Equipments & Projects Ltd.,70.0,Mainboard,08-Mar-2007,11-Apr-2007,"BSE, NSE",INE391H01010,532836.0,GREMACH,gremach_ipo,86.0,92.0,6.98,83.95,-2.38,,,,2007-03-08,INE391H01010,532836.0,GREMACH,,
62,,Astral Poly Technik Ltd.,62.0,Mainboard,14-Feb-2007,20-Mar-2007,"BSE, NSE",INE006I01046,532830.0,ASTRAL,astral_ipo,115.0,103.0,-10.43,105.35,-8.39,,11496.96,2007-03-20T00:00:00.000Z,2007-02-14,INE006I01046,532830.0,ASTRAL,1333.65,1333.8
52,,Lawreshwar Polymers Ltd.,52.0,Mainboard,05-Feb-2007,19-Mar-2007,BSE,INE976H01018,532829.0,,lawreshwar_ipo,16.0,15.9,-0.62,14.0,-12.5,,1400.62,2007-03-19T00:00:00.000Z,2007-02-05,INE976H01018,532829.0,,240.1,
59,,Jagjanani Textiles Ltd.,59.0,Mainboard,15-Feb-2007,19-Mar-2007,BSE,INE702H01018,532825.0,,jagjanani_ipo,25.0,22.4,-10.4,23.15,-7.4,,-83.24,2007-03-19T00:00:00.000Z,2007-02-15,INE702H01018,532825.0,,4.19,
64,,AMD Metplast Ltd.,64.0,Mainboard,15-Feb-2007,19-Mar-2007,"BSE, NSE",INE005I01014,532828.0,AMDIND,amd_metplast_ipo,75.0,73.0,-2.67,77.9,3.87,,-39.72,2007-03-19T00:00:00.000Z,2007-02-15,INE005I01014,532828.0,AMDIND,45.21,46.24
66,,Abhishek Mills Ltd.,66.0,Mainboard,20-Feb-2007,19-Mar-2007,"BSE, NSE",INE004I01017,532831.0,ABHISHEK,abhishek_mills_ipo,100.0,85.15,-14.85,91.25,-8.75,,,,2007-02-20,INE004I01017,532831.0,ABHISHEK,,
65,,Raj Television Network Ltd.,65.0,Mainboard,14-Feb-2007,16-Mar-2007,"BSE, NSE",INE952H01027,532826.0,RAJTV,raj_television_ipo,257.0,225.0,-12.45,226.0,-12.06,,-90.65,2007-03-16T00:00:00.000Z,2007-02-14,INE952H01027,532826.0,RAJTV,12.01,12.01
69,,Page Industries Ltd.,69.0,Mainboard,23-Feb-2007,16-Mar-2007,"BSE, NSE",INE761H01022,532827.0,PAGEIND,page_industries_ipo,360.0,329.0,-8.61,271.8,-24.5,,10846.31,2007-03-16T00:00:00.000Z,2007-02-23,INE761H01022,532827.0,PAGEIND,39406.7,39395.0
54,,Euro Ceramics Ltd.,54.0,Mainboard,07-Feb-2007,09-Mar-2007,"BSE, NSE",INE649H01011,532823.0,EUROCERA,euro_ceramics_ipo,165.0,150.0,-9.09,119.15,-27.79,,,,2007-02-07,INE649H01011,532823.0,EUROCERA,,
55,,Mudra Lifestyle Ltd.,55.0,Mainboard,08-Feb-2007,09-Mar-2007,"BSE, NSE",INE311H01018,532820.0,ELAND,mudra_lifestyle_ipo,90.0,89.9,-0.11,63.95,-28.94,,-85.56,2007-03-09T00:00:00.000Z,2007-02-08,INE311H01018,532820.0,ELAND,13.0,
50,,Idea Cellular Ltd.,50.0,Mainboard,12-Feb-2007,09-Mar-2007,"BSE, NSE",INE669E01016,532822.0,IDEA,idea_cellular_ipo,75.0,85.0,13.33,85.7,14.27,,-81.07,2007-03-09T00:00:00.000Z,2007-02-12,INE669E01016,532822.0,IDEA,14.2,14.19
63,,Indus Fila Ltd.,63.0,Mainboard,12-Feb-2007,08-Mar-2007,"BSE, NSE",INE025I01012,532821.0,INDUSFILA,indus_fila_ipo,170.0,158.9,-6.53,133.85,-21.26,,,,2007-02-12,INE025I01012,532821.0,INDUSFILA,,
57,,Oriental Trimex Ltd.,57.0,Mainboard,08-Feb-2007,07-Mar-2007,"BSE, NSE",INE998H01012,532817.0,ORIENTALTL,oriental_trimex_ipo,48.0,50.1,4.37,29.7,-38.12,,-88.71,2007-03-07T00:00:00.000Z,2007-02-08,INE998H01012,532817.0,ORIENTALTL,5.42,5.52
60,,MindTree Consulting Ltd.,60.0,Mainboard,09-Feb-2007,07-Mar-2007,"BSE, NSE",INE018I01017,532819.0,MINDTREE,mindtree_ipo,425.0,627.0,47.53,621.2,46.16,,0.0,2007-03-07T00:00:00.000Z,2007-02-09,INE018I01017,532819.0,MINDTREE,,
61,,Broadcast Initiatives Ltd.,61.0,Mainboard,09-Feb-2007,07-Mar-2007,"BSE, NSE",INE698H01018,532816.0,BROADCAST,broadcast_initiatives_ipo,120.0,140.0,16.67,70.4,-41.33,,,,2007-02-09,INE698H01018,532816.0,BROADCAST,,
58,,Evinix Accessories Ltd.,58.0,Mainboard,12-Feb-2007,07-Mar-2007,"BSE, NSE",INE961H01010,532818.0,EVINIX,evinix_ipo,120.0,120.0,0.0,74.05,-38.29,,,,2007-02-12,INE961H01010,532818.0,EVINIX,,
48,,Indian Bank,48.0,Mainboard,05-Feb-2007,01-Mar-2007,"BSE, NSE",INE562A01011,532814.0,INDIANB,indian_bank_ipo,91.0,93.9,3.19,98.35,8.08,,857.09,2007-03-01T00:00:00.000Z,2007-02-05,INE562A01011,532814.0,INDIANB,870.95,870.7
51,,SMS Pharmaceuticals Ltd.,51.0,Mainboard,05-Feb-2007,28-Feb-2007,"BSE, NSE",INE812G01025,532815.0,SMSPHARMA,sms_pharmaceuticals_ipo,380.0,360.0,-5.26,359.25,-5.46,,959.74,2007-02-28T00:00:00.000Z,2007-02-05,INE812G01025,532815.0,SMSPHARMA,402.7,402.7
47,,Transwarranty Finance Ltd.,47.0,Mainboard,23-Jan-2007,26-Feb-2007,"BSE, NSE",INE804H01012,532812.0,TFL,transwarranty_ipo,52.0,56.0,7.69,47.45,-8.75,,-78.06,2007-02-26T00:00:00.000Z,2007-01-23,INE804H01012,532812.0,TFL,11.41,11.6
53,,C & C Constructions Ltd.,53.0,Mainboard,05-Feb-2007,26-Feb-2007,"BSE, NSE",INE874H01015,532813.0,CANDC,constructions_ipo,291.0,288.0,-1.03,241.45,-17.03,,0.0,2007-02-26T00:00:00.000Z,2007-02-05,INE874H01015,532813.0,CANDC,,
45,,Power Finance Corp.Ltd.,45.0,Mainboard,31-Jan-2007,23-Feb-2007,"BSE, NSE",INE134E01011,532810.0,PFC,pfc_ipo,85.0,113.0,32.94,111.65,31.35,,378.24,2007-02-23T00:00:00.000Z,2007-01-31,INE134E01011,532810.0,PFC,406.5,406.5
49,,Firstsource Solutions Ltd.,49.0,Mainboard,29-Jan-2007,22-Feb-2007,"BSE, NSE",INE684F01012,532809.0,FSL,firstsource_ipo,64.0,90.1,40.78,79.55,24.3,,305.86,2007-02-22T00:00:00.000Z,2007-01-29,INE684F01012,532809.0,FSL,259.75,259.71
38,,House of Pearl Fashions Ltd.,38.0,Mainboard,16-Jan-2007,15-Feb-2007,"BSE, NSE",INE940H01022,532808.0,PGIL,house_of_pearl_ipo,550.0,499.9,-9.11,469.95,-14.55,,625.76,2007-02-15T00:00:00.000Z,2007-01-16,INE940H01022,532808.0,PGIL,1995.85,1998.0
46,,Redington (India) Ltd.,46.0,Mainboard,22-Jan-2007,15-Feb-2007,"BSE, NSE",INE891D01026,532805.0,REDINGTON,redington_ipo,113.0,130.0,15.04,163.7,44.87,,1140.04,2007-02-15T00:00:00.000Z,2007-01-22,INE891D01026,532805.0,REDINGTON,280.25,280.4
42,,Cinemax India Ltd.,42.0,Mainboard,18-Jan-2007,14-Feb-2007,"BSE, NSE",INE704H01022,532807.0,CINELINE,cinemax_ipo,155.0,166.0,7.1,152.3,-1.74,,1.46,2007-02-14T00:00:00.000Z,2007-01-18,INE704H01022,532807.0,CINELINE,78.63,78.97
44,,Technocraft Industries (India) Ltd.,44.0,Mainboard,18-Jan-2007,12-Feb-2007,"BSE, NSE",INE545H01011,532804.0,TIIL,technocraft_ipo,105.0,137.0,30.48,100.05,-4.71,,2260.05,2007-02-12T00:00:00.000Z,2007-01-18,INE545H01011,532804.0,TIIL,2478.05,2479.2
40,,Pochiraju Industries Ltd.,40.0,Mainboard,15-Jan-2007,09-Feb-2007,"BSE, NSE",INE332G01032,532803.0,POCHIRAJU,pochiraju_ipo,30.0,45.1,50.33,49.65,65.5,,,,2007-01-15,INE332G01032,532803.0,POCHIRAJU,,
39,,Global Broadcast News Ltd.,39.0,Mainboard,15-Jan-2007,08-Feb-2007,"BSE, NSE",INE886H01027,532800.0,TV18BRDCST,gbn_ipo,250.0,425.0,70.0,505.9,102.36,,-9.32,2007-02-08T00:00:00.000Z,2007-01-15,INE886H01027,532800.0,TV18BRDCST,45.34,45.27
43,,Akruti Nirman Ltd.,43.0,Mainboard,15-Jan-2007,07-Feb-2007,"BSE, NSE",INE703H01016,532799.0,HUBTOWN,akruti_ipo,540.0,724.45,34.16,563.45,4.34,,-61.59,2007-02-07T00:00:00.000Z,2007-01-15,INE703H01016,532799.0,HUBTOWN,207.4,206.87
37,,Autoline Industries Ltd.,37.0,Mainboard,08-Jan-2007,31-Jan-2007,"BSE, NSE",INE718H01014,532797.0,AUTOIND,autoline_ipo,225.0,230.0,2.22,257.15,14.29,,-56.63,2007-01-31T00:00:00.000Z,2007-01-08,INE718H01014,532797.0,AUTOIND,97.58,97.64
192,,Alkali Metals Ltd.,192.0,Mainboard,07-Oct-2008,06-Nov-2008,"BSE, NSE",INE773I01017,533029.0,ALKALI,alkali_metals_ipo,103.0,99.0,-3.88,173.4,68.35,,-20.39,2008-11-06T00:00:00.000Z,2008-10-07,INE773I01017,533029.0,ALKALI,82.0,83.92
191,,Chemcel Bio-tech Ltd.,191.0,Mainboard,09-Sep-2008,13-Oct-2008,BSE,INE213J01012,533026.0,,chemcel_biotech_ipo,16.0,16.0,0.0,5.25,-67.19,,,,2008-09-09,INE213J01012,533026.0,,,
190,,20 Microns Ltd.,190.0,Mainboard,08-Sep-2008,06-Sep-2008,"BSE, NSE",INE144J01027,533022.0,20MICRONS,20_microns_ipo,55.0,80.0,45.45,33.65,-38.82,,620.0,2008-09-06T00:00:00.000Z,2008-09-08,INE144J01027,533022.0,20MICRONS,198.0,198.34
188,,Austral Coke & Projects Ltd.,188.0,Mainboard,07-Aug-2008,04-Sep-2008,"BSE, NSE",INE455J01019,533016.0,AUSTRAL,austral_ipo,196.0,201.4,2.76,225.95,15.28,,,,2008-08-07,INE455J01019,533016.0,AUSTRAL,,
189,,Resurgere Mines & Minerals India Ltd.,189.0,Mainboard,11-Aug-2008,01-Sep-2008,"BSE, NSE",INE774I01031,533017.0,RMMIL,resurgere_mines_minerals_ipo,270.0,285.0,5.56,533.55,97.61,,,,2008-08-11,INE774I01031,533017.0,RMMIL,,
187,,Nu Tek India Ltd.,187.0,Mainboard,29-Jul-2008,27-Aug-2008,"BSE, NSE",INE318J01027,533015.0,NUTEK,nu_tek_india_ipo,192.0,195.0,1.56,199.15,3.72,,,,2008-07-29,INE318J01027,533015.0,NUTEK,,
186,,Vishal Information Technologies Ltd.,186.0,Mainboard,21-Jul-2008,11-Aug-2008,"BSE, NSE",INE108J01014,533011.0,VITLINFO,vishal_information_ipo,150.0,130.0,-13.33,194.6,29.73,,,,2008-07-21,INE108J01014,533011.0,VITLINFO,,
185,,Birla Cotsyn (India) Ltd.,185.0,Mainboard,30-Jun-2008,30-Jul-2008,"BSE, NSE",INE655I01024,533006.0,BIRLACOT,birla_cotsyn_ipo,14.0,14.9,6.43,9.45,-32.5,,0.0,2008-07-30T00:00:00.000Z,2008-06-30,INE655I01024,533006.0,BIRLACOT,,
183,,Somi Conveyor Beltings Ltd.,183.0,Mainboard,24-Jun-2008,24-Jul-2008,BSE,INE323J01019,533001.0,SOMICONVEY,somi_conveyor_ipo,35.0,37.65,7.57,25.9,-26.0,,182.14,2008-07-24T00:00:00.000Z,2008-06-24,INE323J01019,533001.0,SOMICONVEY,98.75,98.72
184,,KSK Energy Ventures Ltd.,184.0,Mainboard,23-Jun-2008,14-Jul-2008,"BSE, NSE",INE143H01015,532997.0,KSK,ksk_energy_ipo,240.0,210.05,-12.48,191.75,-20.1,,,,2008-06-23,INE143H01015,532997.0,KSK,,
182,,Lotus Eye Care Hospital Ltd.,182.0,Mainboard,12-Jun-2008,11-Jul-2008,"BSE, NSE",INE947I01017,532998.0,LOTUSEYE,lotus_eye_care_ipo,38.0,40.0,5.26,35.65,-6.18,,211.18,2008-07-11T00:00:00.000Z,2008-06-12,INE947I01017,532998.0,LOTUSEYE,118.25,118.28
180,,First Winner Industries Ltd.,180.0,Mainboard,09-Jun-2008,08-Jul-2008,"BSE, NSE",INE315J01015,532996.0,FIRSTWIN,first_winner_ipo,125.0,110.0,-12.0,89.2,-28.64,,,,2008-06-09,INE315J01015,532996.0,FIRSTWIN,,
181,,Archidply Industries Ltd.,181.0,Mainboard,11-Jun-2008,04-Jul-2008,"BSE, NSE",INE877I01016,532994.0,ARCHIDPLY,archidply_ipo,74.0,72.9,-1.49,50.55,-31.69,,9.8,2008-07-04T00:00:00.000Z,2008-06-11,INE877I01016,532994.0,ARCHIDPLY,81.25,81.62
178,,Avon Weighing Systems Ltd.,178.0,Mainboard,09-Jun-2008,03-Jul-2008,BSE,INE207I01016,532995.0,,avon_weighing_ipo,10.0,13.9,39.0,11.9,19.0,,,,2008-06-09,INE207I01016,532995.0,,,
179,,Sejal Architectural Glass Ltd.,179.0,Mainboard,09-Jun-2008,01-Jul-2008,"BSE, NSE",INE955I01044,532993.0,SEJALLTD,sejal_ipo,115.0,130.0,13.04,78.25,-31.96,,540.96,2008-07-01T00:00:00.000Z,2008-06-09,INE955I01044,532993.0,SEJALLTD,737.1,754.85
176,,Bafna Pharmaceuticals Ltd.,176.0,Mainboard,27-May-2008,27-Jun-2008,BSE,INE878I01022,532989.0,BAFNAPH,bafna_pharmaceuticals_ipo,40.0,43.8,9.5,38.5,-3.75,,418.88,2008-06-27T00:00:00.000Z,2008-05-27,INE878I01022,532989.0,BAFNAPH,207.55,204.61
175,,Niraj Cement Structurals Ltd.,175.0,Mainboard,26-May-2008,19-Jun-2008,BSE,INE368I01016,532986.0,NIRAJ,niraj_cement_structurals_ipo,190.0,185.0,-2.63,190.15,0.08,,-84.37,2008-06-19T00:00:00.000Z,2008-05-26,INE368I01016,532986.0,NIRAJ,29.69,29.33
174,,Anu's Laboratories Ltd.,174.0,Mainboard,12-May-2008,04-Jun-2008,BSE,INE450H01014,532981.0,,anu_laboratories_ipo,210.0,,,,,,,,2008-05-12,INE450H01014,532981.0,,,
173,,Gokul Refoils & Solvent Ltd.,173.0,Mainboard,08-May-2008,04-Jun-2008,"BSE, NSE",INE020J01029,532980.0,GOKUL,gokul_refoils_ipo,195.0,219.9,12.77,182.05,-6.64,,6.26,2008-06-04T00:00:00.000Z,2008-05-08,INE020J01029,532980.0,GOKUL,41.44,41.72
172,,Aishwarya Telecom Ltd.,172.0,Mainboard,15-Apr-2008,07-May-2008,BSE,INE778I01024,532975.0,,aishwarya_telecom_ipo,35.0,50.1,43.14,90.85,159.57,,-42.11,2008-05-07T00:00:00.000Z,2008-04-15,INE778I01024,532975.0,,10.13,
170,,Kiri Dyes & Chemicals Ltd.,170.0,Mainboard,25-Mar-2008,22-Apr-2008,"BSE, NSE",INE415I01015,532967.0,KIRIINDUS,kiri_dyes_ipo,150.0,184.0,22.67,158.95,5.97,,158.0,2008-04-22T00:00:00.000Z,2008-03-25,INE415I01015,532967.0,KIRIINDUS,387.0,387.8
171,,Titagarh Wagons Ltd.,171.0,Mainboard,24-Mar-2008,21-Apr-2008,"BSE, NSE",INE615H01020,532966.0,TITAGARH,titagarh_wagons_ipo,540.0,540.0,0.0,706.85,30.9,,673.75,2008-04-21T00:00:00.000Z,2008-03-24,INE615H01020,532966.0,TITAGARH,835.65,835.8
169,,Sita Shree Food Products Ltd.,169.0,Mainboard,11-Mar-2008,07-Apr-2008,"BSE, NSE",INE686I01011,532961.0,SITASHREE,sita_shree_ipo,30.0,35.0,16.67,43.7,45.67,,,,2008-03-11,INE686I01011,532961.0,SITASHREE,,
168,,Gammon Infrastructure Projects Ltd.,168.0,Mainboard,10-Mar-2008,03-Apr-2008,"BSE, NSE",INE181G01025,532959.0,AJRINFRA,gammon_infra_ipo,167.0,170.0,1.8,158.15,-5.3,,,,2008-03-10,INE181G01025,532959.0,AJRINFRA,,
165,,V-Guard Industries Ltd.,165.0,Mainboard,18-Feb-2008,13-Mar-2008,"BSE, NSE",INE951I01027,532953.0,VGUARD,v-guard_ipo,82.0,90.0,9.76,75.95,-7.38,,3623.78,2008-03-13T00:00:00.000Z,2008-02-18,INE951I01027,532953.0,VGUARD,305.35,305.6
167,,Rural Electrification Corp.Ltd.,167.0,Mainboard,19-Feb-2008,12-Mar-2008,"BSE, NSE",INE020B01018,532955.0,RECLTD,rec_ipo,105.0,129.9,23.71,121.3,15.52,,235.14,2008-03-12T00:00:00.000Z,2008-02-19,INE020B01018,532955.0,RECLTD,351.9,351.95
166,,GSS America Infotech Ltd.,166.0,Mainboard,11-Feb-2008,07-Mar-2008,"BSE, NSE",INE871H01011,532951.0,GSS,gss_america_infotech_ipo,400.0,380.0,-5.0,500.8,25.2,,-96.88,2008-03-07T00:00:00.000Z,2008-02-11,INE871H01011,532951.0,GSS,12.49,12.5
163,,Tulsi Extrusions Ltd.,163.0,Mainboard,01-Feb-2008,25-Feb-2008,"BSE, NSE",INE474I01012,532948.0,TULSI,tulsi_ipo,85.0,99.0,16.47,140.85,65.71,,,,2008-02-01,INE474I01012,532948.0,TULSI,,
156,,IRB Infrastructure Developers Ltd.,156.0,Mainboard,31-Jan-2008,25-Feb-2008,"BSE, NSE",INE821I01022,532947.0,IRB,irb_infra_ipo,185.0,194.9,5.35,189.65,2.51,,9.78,2008-02-25T00:00:00.000Z,2008-01-31,INE821I01022,532947.0,IRB,20.31,20.29
159,,Bang Overseas Ltd.,159.0,Mainboard,28-Jan-2008,20-Feb-2008,"BSE, NSE",INE863I01016,532946.0,BANG,bang_overseas_ipo,207.0,250.0,20.77,174.1,-15.89,,-85.63,2008-02-20T00:00:00.000Z,2008-01-28,INE863I01016,532946.0,BANG,29.75,29.79
155,,OnMobile Global Ltd.,155.0,Mainboard,24-Jan-2008,19-Feb-2008,"BSE, NSE",INE809I01019,532944.0,ONMOBILE,onmobile_global_ipo,440.0,440.0,0.0,518.15,17.76,,-84.51,2008-02-19T00:00:00.000Z,2008-01-24,INE809I01019,532944.0,ONMOBILE,68.14,68.54
158,,KNR Constructions Ltd.,158.0,Mainboard,24-Jan-2008,18-Feb-2008,"BSE, NSE",INE634I01029,532942.0,KNRCON,knr_constructions_ipo,170.0,210.0,23.53,154.9,-8.88,,280.0,2008-02-18T00:00:00.000Z,2008-01-24,INE634I01029,532942.0,KNRCON,129.2,129.05
154,,Cords Cable Industries Ltd.,154.0,Mainboard,21-Jan-2008,13-Feb-2008,"BSE, NSE",INE792I01017,532941.0,CORDSCABLE,cords_cable_ipo,135.0,143.0,5.93,139.45,3.3,,54.78,2008-02-13T00:00:00.000Z,2008-01-21,INE792I01017,532941.0,CORDSCABLE,208.95,206.07
153,,J.Kumar Infraprojects Ltd.,153.0,Mainboard,18-Jan-2008,12-Feb-2008,"BSE, NSE",INE576I01022,532940.0,JKIL,j_kumar_infraprojects_ipo,110.0,109.0,-0.91,103.35,-6.05,,811.09,2008-02-12T00:00:00.000Z,2008-01-18,INE576I01022,532940.0,JKIL,501.1,500.7
128,,Reliance Power Ltd.,128.0,Mainboard,15-Jan-2008,11-Feb-2008,"BSE, NSE",INE614G01033,532939.0,RPOWER,reliance_power_ipo,450.0,530.0,17.78,372.3,-17.27,,-94.42,2008-02-11T00:00:00.000Z,2008-01-15,INE614G01033,532939.0,RPOWER,25.1,25.12
151,,Future Capital Holdings Ltd.,151.0,Mainboard,11-Jan-2008,01-Feb-2008,"BSE, NSE",INE688I01017,532938.0,CAPF,future_capital_ipo,765.0,1081.0,41.31,909.8,18.93,,,,2008-01-11,INE688I01017,532938.0,CAPF,,
162,,Shriram EPC Ltd.,162.0,Mainboard,29-Jan-2008,20-Feb-2008,"BSE, NSE",INE964H01014,532945.0,SEPC,shriram_epc_ipo,300.0,320.0,6.67,286.5,-4.5,,-97.81,2008-02-20T00:00:00.000Z,2008-01-29,,,,6.57,6.56
210,,MBL Infrastructures Ltd.,210.0,Mainboard,27-Nov-2009,11-Jan-2010,"BSE, NSE",INE912H01013,533152.0,MBLINFRA,mbl_infra_ipo,180.0,185.0,2.78,206.55,14.75,,-85.67,2010-01-11T00:00:00.000Z,2009-11-27,INE912H01013,533152.0,MBLINFRA,25.8,26.02
213,,D B Corp Ltd.,213.0,Mainboard,11-Dec-2009,06-Jan-2010,"BSE, NSE",INE950I01011,533151.0,DBCORP,d_b_corp_ipo,212.0,254.0,19.81,265.9,25.42,,-4.17,2010-01-06T00:00:00.000Z,2009-12-11,INE950I01011,533151.0,DBCORP,203.15,203.54
212,,Godrej Properties Ltd.,212.0,Mainboard,09-Dec-2009,05-Jan-2010,"BSE, NSE",INE484J01027,533150.0,GODREJPROP,godrej_properties_ipo,490.0,511.0,4.29,537.25,9.64,,770.86,2010-01-05T00:00:00.000Z,2009-12-09,INE484J01027,533150.0,GODREJPROP,2133.6,2133.0
211,,JSW Energy Ltd.,211.0,Mainboard,07-Dec-2009,04-Jan-2010,"BSE, NSE",INE121E01018,533148.0,JSWENERGY,jsw_energy_ipo,100.0,106.0,6.0,100.85,0.85,,453.3,2010-01-04T00:00:00.000Z,2009-12-07,INE121E01018,533148.0,JSWENERGY,553.3,553.45
209,,Cox & Kings (India) Ltd.,209.0,Mainboard,18-Nov-2009,11-Dec-2009,"BSE, NSE",INE008I01026,533144.0,COX&KINGS,cox_and_kings_ipo,330.0,343.2,4.0,425.4,28.91,,,,2009-11-18,INE008I01026,533144.0,COX&KINGS,,
208,,Astec LifeSciences Ltd.,208.0,Mainboard,29-Oct-2009,25-Nov-2009,"BSE, NSE",INE563J01010,533138.0,ASTEC,astec_ipo,82.0,83.0,1.22,84.0,2.44,,736.77,2009-11-25T00:00:00.000Z,2009-10-29,INE563J01010,533138.0,ASTEC,686.15,689.2
207,,Den Networks Ltd.,207.0,Mainboard,28-Oct-2009,24-Nov-2009,"BSE, NSE",INE947J01015,533137.0,DEN,den_networks_ipo,195.0,195.0,0.0,163.4,-16.21,,-85.05,2009-11-24T00:00:00.000Z,2009-10-28,INE947J01015,533137.0,DEN,29.15,29.19
206,,Indiabulls Power Ltd.,206.0,Mainboard,12-Oct-2009,30-Oct-2009,"BSE, NSE",INE399K01017,533122.0,RTNPOWER,indiabulls_power_ipo,45.0,45.05,0.11,39.5,-12.22,,-80.04,2009-10-30T00:00:00.000Z,2009-10-12,INE399K01017,533122.0,RTNPOWER,8.98,8.99
205,,Thinksoft Global Services Ltd.,205.0,Mainboard,22-Sep-2009,26-Oct-2009,"BSE, NSE",INE201K01015,533121.0,EXPLEOSOL,thinksoft_ipo,125.0,126.0,0.8,164.4,31.52,,547.76,2009-10-26T00:00:00.000Z,2009-09-22,INE201K01015,533121.0,EXPLEOSOL,809.7,810.9
204,,Euro Multivision Ltd.,204.0,Mainboard,22-Sep-2009,15-Oct-2009,"BSE, NSE",INE063J01011,533109.0,EUROMULTI,euro_multivision_ipo,75.0,75.0,0.0,53.55,-28.6,,0.0,2009-10-15T00:00:00.000Z,2009-09-22,INE063J01011,533109.0,EUROMULTI,,
203,,Pipavav Shipyard Ltd.,203.0,Mainboard,16-Sep-2009,09-Oct-2009,"BSE, NSE",INE542F01020,533107.0,SWANDEF,pipavav_shipyard_ipo,58.0,61.1,5.34,56.7,-2.24,,,,2009-09-16,INE542F01020,533107.0,SWANDEF,,
201,,Oil India Ltd.,201.0,Mainboard,07-Sep-2009,30-Sep-2009,"BSE, NSE",INE274J01014,533106.0,OIL,oil_india_ipo,1050.0,1096.0,4.38,1141.2,8.69,,-59.52,2009-09-30T00:00:00.000Z,2009-09-07,INE274J01014,533106.0,OIL,425.0,424.95
161,,Globus Spirits Ltd.,161.0,Mainboard,31-Aug-2009,23-Sep-2009,"BSE, NSE",INE615I01010,533104.0,GLOBUSSPR,globus_spirits_ipo,100.0,101.0,1.0,91.0,-9.0,,824.75,2009-09-23T00:00:00.000Z,2009-08-31,INE615I01010,533104.0,GLOBUSSPR,924.75,926.1
202,,Jindal Cotex Ltd.,202.0,Mainboard,27-Aug-2009,22-Sep-2009,"BSE, NSE",INE904J01016,533103.0,JINDCOT,jindal_cotex_ipo,75.0,77.0,2.67,87.3,16.4,,,,2009-08-27,INE904J01016,533103.0,JINDCOT,,
200,,NHPC Ltd.,200.0,Mainboard,07-Aug-2009,01-Sep-2009,"BSE, NSE",INE848E01016,533098.0,NHPC,nhpc_ipo,36.0,42.0,16.67,36.75,2.08,,121.81,2009-09-01T00:00:00.000Z,2009-08-07,INE848E01016,533098.0,NHPC,79.85,79.82
199,,Adani Power Ltd.,199.0,Mainboard,28-Jul-2009,20-Aug-2009,"BSE, NSE",INE814H01029,533096.0,ADANIPOWER,adani_power_ipo,100.0,108.0,8.0,100.1,0.1,,992.0,2009-08-20T00:00:00.000Z,2009-07-28,INE814H01029,533096.0,ADANIPOWER,218.4,218.45
198,,Raj Oil Mills Ltd.,198.0,Mainboard,20-Jul-2009,12-Aug-2009,"BSE, NSE",INE294G01026,533093.0,ROML,raj_oil_mills_ipo,120.0,120.0,0.0,119.25,-0.62,,-62.17,2009-08-12T00:00:00.000Z,2009-07-20,INE294G01026,533093.0,ROML,45.4,45.35
197,,Excel Infoways Ltd.,197.0,Mainboard,14-Jul-2009,03-Aug-2009,"BSE, NSE",INE688J01023,533090.0,EXCEL,excel_infoways_ipo,85.0,86.0,1.18,95.85,12.76,,-90.82,2009-08-03T00:00:00.000Z,2009-07-14,INE688J01023,533090.0,EXCEL,0.78,1.02
196,,Mahindra Holidays & Resorts India Ltd.,196.0,Mainboard,23-Jun-2009,16-Jul-2009,"BSE, NSE",INE998I01010,533088.0,MHRIL,mahindra_holidays_ipo,300.0,370.0,23.33,317.45,5.82,,-22.25,2009-07-16T00:00:00.000Z,2009-06-23,INE998I01010,533088.0,MHRIL,233.25,233.72
194,,Edserv Softsystems Ltd.,194.0,Mainboard,05-Feb-2009,02-Mar-2009,"BSE, NSE",INE889J01019,533055.0,EDSERV,edserv_softsystems_ipo,60.0,60.0,0.0,136.4,127.33,,,,2009-02-05,INE889J01019,533055.0,EDSERV,,
290,,C.Mahendra Exports Ltd.,290.0,Mainboard,31-Dec-2010,20-Jan-2011,"BSE, NSE",INE378J01013,533304.0,CMAHENDRA,c_mahendra_ipo,110.0,114.0,3.64,110.75,0.68,,,,2010-12-31,INE378J01013,533304.0,CMAHENDRA,,
289,,Shekhawati Poly-Yarn Ltd.,289.0,Mainboard,27-Dec-2010,12-Jan-2011,"BSE, NSE",INE268L01046,533301.0,SHEKHAWATI,shekhawati_ipo,30.0,50.0,66.67,47.5,58.33,,-53.33,2011-01-12T00:00:00.000Z,2010-12-27,INE268L01046,533301.0,SHEKHAWATI,14.0,13.75
288,,Punjab & Sind Bank,288.0,Mainboard,13-Dec-2010,30-Dec-2010,"BSE, NSE",INE608A01012,533295.0,PSB,punjab_sind_bank_ipo,120.0,144.0,20.0,127.15,5.96,,-79.18,2010-12-30T00:00:00.000Z,2010-12-13,INE608A01012,533295.0,PSB,24.98,24.99
286,,Ravikumar Distilleries Ltd.,286.0,Mainboard,08-Dec-2010,27-Dec-2010,"BSE, NSE",INE722J01012,533294.0,RKDL,ravikumar_distilleries_ipo,64.0,72.0,12.5,80.05,25.08,,-70.58,2010-12-27T00:00:00.000Z,2010-12-08,INE722J01012,533294.0,RKDL,18.83,18.86
287,,A2Z Maintenance & Engineering Services Ltd.,287.0,Mainboard,08-Dec-2010,23-Dec-2010,"BSE, NSE",INE619I01012,533292.0,A2ZINFRA,a2z_maintenance_ipo,400.0,500.0,25.0,328.55,-17.86,,-96.61,2010-12-23T00:00:00.000Z,2010-12-08,INE619I01012,533292.0,A2ZINFRA,13.57,13.57
284,,Claris Lifesciences Ltd.,284.0,Mainboard,24-Nov-2010,20-Dec-2010,BSE,INE562G01018,533288.0,,claris_ipo,228.0,224.4,-1.58,205.85,-9.71,,,,2010-11-24,INE562G01018,533288.0,,,
282,,MOIL Ltd.,282.0,Mainboard,26-Nov-2010,15-Dec-2010,"BSE, NSE",INE490G01020,533286.0,MOIL,moil_ipo,375.0,565.0,50.67,465.05,24.01,,-26.95,2010-12-15T00:00:00.000Z,2010-11-26,INE490G01020,533286.0,MOIL,273.95,274.0
281,,RPP Infra Projects Ltd.,281.0,Mainboard,18-Nov-2010,06-Dec-2010,"BSE, NSE",INE324L01013,533284.0,RPPINFRA,rpp_infra_ipo,75.0,75.0,0.0,68.9,-8.13,,-15.67,2010-12-06T00:00:00.000Z,2010-11-18,INE324L01013,533284.0,RPPINFRA,63.25,63.22
280,,Gravita India Ltd.,280.0,Mainboard,01-Nov-2010,16-Nov-2010,"BSE, NSE",INE024L01027,533282.0,GRAVITA,gravita_ipo,125.0,201.1,60.88,209.7,67.76,,7316.0,2010-11-16T00:00:00.000Z,2010-11-01,INE024L01027,533282.0,GRAVITA,1854.0,1854.6
258,,Coal India Ltd.,258.0,Mainboard,18-Oct-2010,04-Nov-2010,"BSE, NSE",INE522F01014,533278.0,COALINDIA,coal_india_ipo,245.0,291.0,18.78,342.55,39.82,,75.29,2010-11-04T00:00:00.000Z,2010-10-18,INE522F01014,533278.0,COALINDIA,429.45,429.3
278,,Gyscoal Alloys Ltd.,278.0,Mainboard,13-Oct-2010,27-Oct-2010,"BSE, NSE",INE482J01021,533275.0,SHAH,gyscoal_alloys_ipo,71.0,75.15,5.85,81.65,15.0,,-34.37,2010-10-27T00:00:00.000Z,2010-10-13,INE482J01021,533275.0,SHAH,4.66,4.65
277,,Prestige Estates Projects Ltd.,277.0,Mainboard,12-Oct-2010,27-Oct-2010,"BSE, NSE",INE811K01011,533274.0,PRESTIGE,prestige_estates_ipo,183.0,190.0,3.83,193.15,5.55,,846.64,2010-10-27T00:00:00.000Z,2010-10-12,INE811K01011,533274.0,PRESTIGE,1732.35,1733.2
276,,BS Transcomm Ltd.,276.0,Mainboard,06-Oct-2010,27-Oct-2010,"BSE, NSE",INE043K01029,533276.0,BSLIMITED,bs_transcomm_ipo,248.0,257.0,3.63,381.25,53.73,,,,2010-10-06,INE043K01029,533276.0,BSLIMITED,,
275,,Oberoi Realty Ltd.,275.0,Mainboard,06-Oct-2010,20-Oct-2010,"BSE, NSE",INE093I01010,533273.0,OBEROIRLTY,oberoi_realty_ipo,260.0,271.1,4.27,282.9,8.81,,640.35,2010-10-20T00:00:00.000Z,2010-10-06,INE093I01010,533273.0,OBEROIRLTY,1924.9,1924.8
274,,Commercial Engineers & Body Builders Co.Ltd.,274.0,Mainboard,30-Sep-2010,18-Oct-2010,"BSE, NSE",INE209L01016,533272.0,JWL,commercial_engineers_ipo,127.0,119.0,-6.3,112.9,-11.1,,102.24,2010-10-18T00:00:00.000Z,2010-09-30,INE209L01016,533272.0,JWL,256.85,256.8
270,,Ashoka Buildcon Ltd.,270.0,Mainboard,24-Sep-2010,14-Oct-2010,"BSE, NSE",INE442H01029,533271.0,ASHOKA,ashoka_ipo,324.0,342.0,5.56,330.75,2.08,,-18.98,2010-10-14T00:00:00.000Z,2010-09-24,INE442H01029,533271.0,ASHOKA,131.25,131.59
273,,Bedmutha Industries Ltd.,273.0,Mainboard,28-Sep-2010,14-Oct-2010,"BSE, NSE",INE844K01012,533270.0,BEDMUTHA,bedmutha_ipo,102.0,113.5,11.27,179.15,75.64,,8.82,2010-10-14T00:00:00.000Z,2010-09-28,INE844K01012,533270.0,BEDMUTHA,111.0,108.72
272,,Sea TV Network Ltd.,272.0,Mainboard,27-Sep-2010,14-Oct-2010,BSE,INE351L01016,533268.0,,sea_tv_network_ipo,100.0,120.0,20.0,106.0,6.0,,-96.98,2010-10-14T00:00:00.000Z,2010-09-27,INE351L01016,533268.0,,3.02,
259,,VA Tech Wabag Ltd.,259.0,Mainboard,22-Sep-2010,13-Oct-2010,"BSE, NSE",INE956G01038,533269.0,WABAG,va_tech_ipo,1310.0,1500.0,14.5,1707.95,30.38,,323.8,2010-10-13T00:00:00.000Z,2010-09-22,INE956G01038,533269.0,WABAG,2220.7,2221.2
269,,Tecpro Systems Ltd.,269.0,Mainboard,23-Sep-2010,12-Oct-2010,"BSE, NSE",INE904H01010,533266.0,TECPRO,tecpro_ipo,355.0,380.0,7.04,405.7,14.28,,,,2010-09-23,INE904H01010,533266.0,TECPRO,,
271,,Cantabil Retail India Ltd.,271.0,Mainboard,22-Sep-2010,12-Oct-2010,"BSE, NSE",INE068L01024,533267.0,CANTABIL,cantabil_ipo,135.0,114.7,-15.04,105.0,-22.22,,830.37,2010-10-12T00:00:00.000Z,2010-09-22,INE068L01024,533267.0,CANTABIL,251.2,251.22
268,,Gallantt Ispat Ltd.,268.0,Mainboard,22-Sep-2010,11-Oct-2010,"BSE, NSE",INE528K01029,533265.0,GALLISPAT,gallantt_ispat_ipo,50.0,52.0,4.0,81.05,62.1,,0.0,2010-10-11T00:00:00.000Z,2010-09-22,INE528K01029,533265.0,GALLISPAT,,
265,,Ramky Infrastructure Ltd.,265.0,Mainboard,21-Sep-2010,08-Oct-2010,"BSE, NSE",INE874I01013,533262.0,RAMKY,ramky_infra_ipo,450.0,471.55,4.79,387.4,-13.91,,-10.28,2010-10-08T00:00:00.000Z,2010-09-21,INE874I01013,533262.0,RAMKY,403.75,403.55
266,,Orient Green Power Co.Ltd.,266.0,Mainboard,21-Sep-2010,08-Oct-2010,"BSE, NSE",INE999K01014,533263.0,GREENPOWER,orient_green_ipo,47.0,45.7,-2.77,44.7,-4.89,,-78.38,2010-10-08T00:00:00.000Z,2010-09-21,INE999K01014,533263.0,GREENPOWER,10.16,10.16
267,,Electrosteel Steels Ltd.,267.0,Mainboard,21-Sep-2010,08-Oct-2010,"BSE, NSE",INE481K01013,533264.0,ESL,electrosteel_ipo,11.0,11.15,1.36,11.25,2.27,,,,2010-09-21,INE481K01013,533264.0,ESL,,
263,,Career Point Infosystems Ltd.,263.0,Mainboard,16-Sep-2010,06-Oct-2010,"BSE, NSE",INE521J01018,533260.0,CPCAP,career_point_ipo,310.0,461.1,48.74,628.15,102.63,,-63.74,2010-10-06T00:00:00.000Z,2010-09-16,INE521J01018,533260.0,CPCAP,112.4,112.5
261,,Eros International Media Ltd.,261.0,Mainboard,17-Sep-2010,06-Oct-2010,"BSE, NSE",INE416L01017,533261.0,EROSMEDIA,eros_ipo,175.0,205.45,17.4,190.25,8.71,,-95.49,2010-10-06T00:00:00.000Z,2010-09-17,INE416L01017,533261.0,EROSMEDIA,7.89,7.81
264,,Microsec Financial Services Ltd.,264.0,Mainboard,17-Sep-2010,05-Oct-2010,"BSE, NSE",INE019J01013,533259.0,SASTASUNDR,microsec_financial_ipo,118.0,130.0,10.17,111.35,-5.64,,175.04,2010-10-05T00:00:00.000Z,2010-09-17,INE019J01013,533259.0,SASTASUNDR,324.55,282.6
260,,Indosolar Ltd.,260.0,Mainboard,13-Sep-2010,29-Sep-2010,"BSE, NSE",INE866K01023,533257.0,WAAREEINDO,indosolar_ipo,29.0,29.5,1.72,23.7,-18.28,,1244.31,2010-09-29T00:00:00.000Z,2010-09-13,INE866K01023,533257.0,WAAREEINDO,389.85,389.5
256,,Gujarat Pipavav Port Ltd.,256.0,Mainboard,23-Aug-2010,09-Sep-2010,"BSE, NSE",INE517F01014,533248.0,GPPL,gujarat_pipavav_ipo,46.0,56.1,21.96,54.05,17.5,,235.43,2010-09-09T00:00:00.000Z,2010-08-23,INE517F01014,533248.0,GPPL,154.3,154.3
255,,Prakash Steelage Ltd.,255.0,Mainboard,05-Aug-2010,25-Aug-2010,"BSE, NSE",INE696K01024,533239.0,PRAKASHSTL,prakash_steelage_ipo,110.0,122.0,10.91,185.35,68.5,,-62.09,2010-08-25T00:00:00.000Z,2010-08-05,INE696K01024,533239.0,PRAKASHSTL,4.17,4.13
254,,Bajaj Corp Ltd.,254.0,Mainboard,02-Aug-2010,18-Aug-2010,"BSE, NSE",INE933K01021,533229.0,BAJAJCON,bajaj_corp_ipo,660.0,760.0,15.15,758.75,14.96,,406.29,2010-08-18T00:00:00.000Z,2010-08-02,INE933K01021,533229.0,BAJAJCON,668.3,670.25
253,,SKS Microfinance Ltd.,253.0,Mainboard,28-Jul-2010,16-Aug-2010,"BSE, NSE",INE180K01011,533228.0,SKSMICRO,sks_microfinance_ipo,985.0,1040.0,5.58,1088.65,10.52,,,,2010-07-28,INE180K01011,533228.0,SKSMICRO,,
251,,Midfield Industries Ltd.,251.0,Mainboard,19-Jul-2010,04-Aug-2010,BSE,INE091K01010,533220.0,,midfield_industries_ipo,133.0,159.4,19.85,163.05,22.59,,,,2010-07-19,INE091K01010,533220.0,,,
249,,Aster Silicates Ltd.,249.0,Mainboard,24-Jun-2010,28-Jul-2010,"BSE, NSE",INE900K01012,533219.0,SHRIASTER,aster_silicates_ipo,118.0,128.05,8.52,205.55,74.19,,,,2010-06-24,INE900K01012,533219.0,SHRIASTER,,
250,,Hindustan Media Ventures Ltd.,250.0,Mainboard,05-Jul-2010,21-Jul-2010,"BSE, NSE",INE871K01015,533217.0,HMVL,hindustan_media_ipo,166.0,177.95,7.2,188.95,13.83,,-46.02,2010-07-21T00:00:00.000Z,2010-07-05,INE871K01015,533217.0,HMVL,89.6,90.6
248,,Technofab Engineering Ltd.,248.0,Mainboard,29-Jun-2010,16-Jul-2010,"BSE, NSE",INE509K01011,533216.0,TECHNOFAB,technofab_ipo,240.0,276.0,15.0,296.95,23.73,,,,2010-06-29,INE509K01011,533216.0,TECHNOFAB,,
247,,Parabolic Drugs Ltd.,247.0,Mainboard,14-Jun-2010,01-Jul-2010,"BSE, NSE",INE618H01016,533211.0,PARABDRUGS,parabolic_drugs_ipo,75.0,75.0,0.0,64.85,-13.53,,-92.4,2010-07-01T00:00:00.000Z,2010-06-14,INE618H01016,533211.0,PARABDRUGS,5.7,
243,,Jaypee Infratech Ltd.,243.0,Mainboard,29-Apr-2010,21-May-2010,"BSE, NSE",INE099J01015,533207.0,JPINFRATEC,jaypee_infratech_ipo,102.0,98.0,-3.92,91.45,-10.34,,0.0,2010-05-21T00:00:00.000Z,2010-04-29,INE099J01015,533207.0,JPINFRATEC,,
241,,SJVN Ltd.,241.0,Mainboard,29-Apr-2010,20-May-2010,"BSE, NSE",INE002L01015,533206.0,SJVN,sjvn_ipo,26.0,27.1,4.23,25.1,-3.46,,172.65,2010-05-20T00:00:00.000Z,2010-04-29,INE002L01015,533206.0,SJVN,70.89,70.88
242,,Mandhana Industries Ltd.,242.0,Mainboard,27-Apr-2010,19-May-2010,"BSE, NSE",INE087J01028,533204.0,GBGLOBAL,mandhana_industries_ipo,130.0,131.0,0.77,133.55,2.73,,,,2010-04-27,INE087J01028,533204.0,GBGLOBAL,,
239,,Tarapur Transformers Ltd.,239.0,Mainboard,26-Apr-2010,18-May-2010,"BSE, NSE",INE747K01017,533203.0,TARAPUR,tarapur_transformers_ipo,75.0,75.0,0.0,57.4,-23.47,,-75.79,2010-05-18T00:00:00.000Z,2010-04-26,INE747K01017,533203.0,TARAPUR,18.16,18.17
240,,Nitesh Estates Ltd.,240.0,Mainboard,23-Apr-2010,13-May-2010,"BSE, NSE",INE639K01016,533202.0,NITESHEST,nitesh_estates_ipo,54.0,54.0,0.0,51.4,-4.81,,,,2010-04-23,INE639K01016,533202.0,NITESHEST,,
238,,Talwalkars Better value Fitness Ltd.,238.0,Mainboard,21-Apr-2010,10-May-2010,"BSE, NSE",INE502K01016,533200.0,TALWALKARS,talwalkars_ipo,128.0,147.95,15.59,163.15,27.46,,-98.87,2010-05-10T00:00:00.000Z,2010-04-21,INE502K01016,533200.0,TALWALKARS,1.45,
237,,Goenka Diamond & Jewels Ltd.,237.0,Mainboard,23-Mar-2010,16-Apr-2010,"BSE, NSE",INE516K01024,533189.0,GOENKA,goenka_ipo,135.0,124.0,-8.15,127.6,-5.48,,-93.78,2010-04-16T00:00:00.000Z,2010-03-23,INE516K01024,533189.0,GOENKA,0.84,0.82
236,,Intrasoft Technologies Ltd.,236.0,Mainboard,23-Mar-2010,12-Apr-2010,BSE,INE566K01011,533181.0,ISFT,intrasoft_ipo,145.0,140.0,-3.45,159.35,9.9,,-46.83,2010-04-12T00:00:00.000Z,2010-03-23,INE566K01011,533181.0,ISFT,77.1,77.86
235,,Shree Ganesh Jewellery House Ltd.,235.0,Mainboard,19-Mar-2010,09-Apr-2010,"BSE, NSE",INE553K01019,533180.0,SGJHL,shree_ganesh_ipo,260.0,250.0,-3.85,164.55,-36.71,,,,2010-03-19,INE553K01019,533180.0,SGJHL,,
234,,Persistent Systems Ltd.,234.0,Mainboard,17-Mar-2010,06-Apr-2010,"BSE, NSE",INE262H01021,533179.0,PERSISTENT,persistent_systems_ipo,310.0,361.6,16.65,406.35,31.08,,3160.77,2010-04-06T00:00:00.000Z,2010-03-17,INE262H01021,533179.0,PERSISTENT,5054.2,5053.9
232,,Pradip Overseas Ltd.,232.0,Mainboard,11-Mar-2010,05-Apr-2010,"BSE, NSE",INE495J01015,533178.0,PRADIP,pradip_overseas_ipo,110.0,115.0,4.55,107.05,-2.68,,0.0,2010-04-05T00:00:00.000Z,2010-03-11,INE495J01015,533178.0,PRADIP,,
233,,IL&FS Transportation Networks Ltd.,233.0,Mainboard,11-Mar-2010,30-Mar-2010,"BSE, NSE",INE975G01012,533177.0,IL&FSTRANS,ilfs_transportation_ipo,258.0,266.6,3.33,274.65,6.45,,-99.15,2010-03-30T00:00:00.000Z,2010-03-11,INE975G01012,533177.0,IL&FSTRANS,2.19,2.18
231,,DQ Entertainment (International) Ltd.,231.0,Mainboard,08-Mar-2010,29-Mar-2010,BSE,INE656K01010,533176.0,DQE,dq_entertainment_ipo,80.0,135.0,68.75,108.55,35.69,,0.0,2010-03-29T00:00:00.000Z,2010-03-08,INE656K01010,533176.0,DQE,,
229,,United Bank of India,229.0,Mainboard,23-Feb-2010,18-Mar-2010,"BSE, NSE",INE695A01019,533171.0,UNITEDBNK,united_bank_of_india_ipo,66.0,74.9,13.48,68.65,4.02,,0.0,2010-03-18T00:00:00.000Z,2010-02-23,INE695A01019,533171.0,UNITEDBNK,,
228,,Man Infraconstruction Ltd.,228.0,Mainboard,18-Feb-2010,11-Mar-2010,"BSE, NSE",INE949H01023,533169.0,MANINFRA,man_infraconstruction_ipo,252.0,318.0,26.19,349.85,38.83,,107.04,2010-03-11T00:00:00.000Z,2010-02-18,INE949H01023,533169.0,MANINFRA,104.35,104.65
227,,Texmo Pipes & Products Ltd.,227.0,Mainboard,16-Feb-2010,10-Mar-2010,"BSE, NSE",INE141K01013,533164.0,TEXMOPIPES,texmo_ipo,90.0,92.8,3.11,137.15,52.39,,-50.6,2010-03-10T00:00:00.000Z,2010-02-16,INE141K01013,533164.0,TEXMOPIPES,44.46,44.57
226,,ARSS Infrastructure Projects Ltd.,226.0,Mainboard,08-Feb-2010,03-Mar-2010,"BSE, NSE",INE267I01010,533163.0,ARSSINFRA,arss_infra_ipo,450.0,630.0,40.0,737.45,63.88,,-87.81,2010-03-03T00:00:00.000Z,2010-02-08,INE267I01010,533163.0,ARSSINFRA,54.84,54.27
225,,Hathway Cable & Datacom Ltd.,225.0,Mainboard,09-Feb-2010,25-Feb-2010,"BSE, NSE",INE982F01036,533162.0,HATHWAY,hathway_cable_ipo,240.0,250.0,4.17,207.65,-13.48,,-76.96,2010-02-25T00:00:00.000Z,2010-02-09,INE982F01036,533162.0,HATHWAY,11.06,11.03
222,,Emmbi Polyarns Ltd.,222.0,Mainboard,01-Feb-2010,24-Feb-2010,"BSE, NSE",INE753K01015,533161.0,EMMBI,emmbi_polyarns_ipo,45.0,46.0,2.22,28.75,-36.11,,101.11,2010-02-24T00:00:00.000Z,2010-02-01,INE753K01015,533161.0,EMMBI,90.5,90.0
224,,D B Realty Ltd.,224.0,Mainboard,29-Jan-2010,24-Feb-2010,"BSE, NSE",INE879I01012,533160.0,DBREALTY,db_realty_ipo,468.0,452.1,-3.4,456.2,-2.52,,-75.66,2010-02-24T00:00:00.000Z,2010-01-29,INE879I01012,533160.0,DBREALTY,113.9,114.27
216,,Aqua Logistics Ltd.,216.0,Mainboard,25-Jan-2010,23-Feb-2010,"BSE, NSE",INE544K01018,533159.0,AQUA,aqua_logistics_ipo,220.0,225.0,2.27,244.6,11.18,,,,2010-01-25,INE544K01018,533159.0,AQUA,,
219,,Thangamayil Jewellery Ltd.,219.0,Mainboard,27-Jan-2010,19-Feb-2010,"BSE, NSE",INE085J01014,533158.0,THANGAMAYL,thangamayil_ipo,75.0,75.7,0.93,71.05,-5.27,,8618.27,2010-02-19T00:00:00.000Z,2010-01-27,INE085J01014,533158.0,THANGAMAYL,6538.7,6540.5
220,,Syncom Healthcare Ltd.,220.0,Mainboard,27-Jan-2010,15-Feb-2010,"BSE, NSE",INE602K01014,533157.0,SYNCOM,syncom_healthcare_ipo,75.0,89.9,19.87,87.75,17.0,,0.0,2010-02-15T00:00:00.000Z,2010-01-27,INE602K01014,533157.0,SYNCOM,,
221,,Vascon Engineers Ltd.,221.0,Mainboard,27-Jan-2010,15-Feb-2010,"BSE, NSE",INE893I01013,533156.0,VASCONEQ,vascon_engineers_ipo,165.0,156.0,-5.45,148.05,-10.27,,-80.37,2010-02-15T00:00:00.000Z,2010-01-27,INE893I01013,533156.0,VASCONEQ,32.39,32.54
218,,Jubilant Foodworks Ltd.,218.0,Mainboard,18-Jan-2010,08-Feb-2010,"BSE, NSE",INE797F01020,533155.0,JUBLFOOD,jubilant_foodworks_ipo,145.0,160.0,10.34,229.1,58.0,,1411.03,2010-02-08T00:00:00.000Z,2010-01-18,INE797F01020,533155.0,JUBLFOOD,438.2,438.05
214,,Infinite Computer Solutions India Ltd.,214.0,Mainboard,11-Jan-2010,03-Feb-2010,"BSE, NSE",INE486J01014,533154.0,INFINITE,infinite_computer_ipo,165.0,170.0,3.03,191.8,16.24,,,,2010-01-11,INE486J01014,533154.0,INFINITE,,
333,,Indo Thai Securities Ltd.,333.0,Mainboard,30-Sep-2011,02-Nov-2011,"BSE, NSE",INE337M01021,533676.0,INDOTHAI,indo_thai_securities_ipo,74.0,76.0,2.7,23.15,-68.72,,2853.38,2011-11-02T00:00:00.000Z,2011-09-30,INE337M01021,533676.0,INDOTHAI,218.55,218.41
330,,M & B Switchgears Ltd.,330.0,Mainboard,28-Sep-2011,20-Oct-2011,"BSE, NSE",INE899L01030,533644.0,UEL,m_and_b_switchgears_ipo,186.0,190.0,2.15,318.4,71.18,,588.44,2011-10-20T00:00:00.000Z,2011-09-28,INE899L01030,533644.0,UEL,128.05,128.37
329,,Flexituff International Ltd.,329.0,Mainboard,29-Sep-2011,19-Oct-2011,"BSE, NSE",INE060J01017,533638.0,FLEXITUFF,flexituff_ipo,155.0,156.9,1.23,165.55,6.81,,-96.63,2011-10-19T00:00:00.000Z,2011-09-29,INE060J01017,533638.0,FLEXITUFF,5.22,5.2
326,,Taksheel Solutions Ltd.,326.0,Mainboard,29-Sep-2011,19-Oct-2011,"BSE, NSE",INE889I01011,533639.0,TAKSHEEL,taksheel_solutions_ipo,150.0,157.0,4.67,58.15,-61.23,,,,2011-09-29,INE889I01011,533639.0,TAKSHEEL,,
332,,Onelife Capital Advisors Ltd.,332.0,Mainboard,28-Sep-2011,17-Oct-2011,"BSE, NSE",INE912L01015,533632.0,ONELIFECAP,onelife_capital_ipo,110.0,110.0,0.0,145.95,32.68,,-64.74,2011-10-17T00:00:00.000Z,2011-09-28,INE912L01015,533632.0,ONELIFECAP,38.79,37.53
327,,Tijaria Polypipes Ltd.,327.0,Mainboard,27-Sep-2011,14-Oct-2011,"BSE, NSE",INE440L01017,533629.0,TIJARIA,tijaria_polypipes_ipo,60.0,61.0,1.67,18.6,-69.0,,-92.83,2011-10-14T00:00:00.000Z,2011-09-27,INE440L01017,533629.0,TIJARIA,4.3,4.27
328,,RDB Rasayans Ltd.,328.0,Mainboard,21-Sep-2011,07-Oct-2011,BSE,INE123M01017,533608.0,,rdb_rasayans_ipo,79.0,85.0,7.59,26.5,-66.46,,99.24,2011-10-07T00:00:00.000Z,2011-09-21,INE123M01017,533608.0,,157.4,
325,,Prakash Constrowell Ltd.,325.0,Mainboard,19-Sep-2011,04-Oct-2011,"BSE, NSE",INE023M01027,533605.0,SETUINFRA,prakash_constrowell_ipo,138.0,147.2,6.67,230.0,66.67,,-96.81,2011-10-04T00:00:00.000Z,2011-09-19,INE023M01027,533605.0,SETUINFRA,0.44,0.43
324,,PG Electroplast Ltd.,324.0,Mainboard,07-Sep-2011,26-Sep-2011,"BSE, NSE",INE457L01029,533581.0,PGEL,pg_electroplast_ipo,210.0,215.0,2.38,415.3,97.76,,2676.9,2011-09-26T00:00:00.000Z,2011-09-07,INE457L01029,533581.0,PGEL,583.15,583.15
305,,Vaswani Industries Ltd.,305.0,Mainboard,29-Apr-2011,20-Sep-2011,"BSE, NSE",INE590L01019,533576.0,VASWANI,vaswani_ipo,49.0,33.7,-31.22,18.4,-62.45,,10.82,2011-09-20T00:00:00.000Z,2011-04-29,INE590L01019,533576.0,VASWANI,54.3,54.52
320,,SRS Ltd.,320.0,Mainboard,23-Aug-2011,16-Sep-2011,"BSE, NSE",INE219H01039,533569.0,SRSLTD,srs_ipo,58.0,68.0,17.24,33.25,-42.67,,,,2011-08-23,INE219H01039,533569.0,SRSLTD,,
323,,TD Power Systems Ltd.,323.0,Mainboard,24-Aug-2011,08-Sep-2011,"BSE, NSE",INE419M01027,533553.0,TDPOWERSYS,td_power_ipo,256.0,260.0,1.56,275.25,7.52,,2146.29,2011-09-08T00:00:00.000Z,2011-08-24,INE419M01027,533553.0,TDPOWERSYS,1150.1,1150.2
322,,Brooks Laboratories Ltd.,322.0,Mainboard,16-Aug-2011,05-Sep-2011,"BSE, NSE",INE650L01011,533543.0,BROOKS,brooks_labs_ipo,100.0,100.0,0.0,61.5,-38.5,,-28.74,2011-09-05T00:00:00.000Z,2011-08-16,INE650L01011,533543.0,BROOKS,71.26,70.44
321,,Tree House Education & Accessories Ltd.,321.0,Mainboard,10-Aug-2011,26-Aug-2011,"BSE, NSE",INE040M01013,533540.0,TREEHOUSE,tree_house_ipo,135.0,132.0,-2.22,117.6,-12.89,,-95.2,2011-08-26T00:00:00.000Z,2011-08-10,INE040M01013,533540.0,TREEHOUSE,6.48,6.53
318,,L&T Finance Holdings Ltd.,318.0,Mainboard,27-Jul-2011,12-Aug-2011,"BSE, NSE",INE498L01015,533519.0,LTF,l_t_finance_ipo,52.0,53.85,3.56,50.05,-3.75,,517.79,2011-08-12T00:00:00.000Z,2011-07-27,INE498L01015,533519.0,LTF,321.25,321.25
319,,Inventure Growth & Securities Ltd.,319.0,Mainboard,20-Jul-2011,04-Aug-2011,"BSE, NSE",INE878H01024,533506.0,INVENTURE,inventure_securities_ipo,117.0,117.0,0.0,206.75,76.71,,-92.14,2011-08-04T00:00:00.000Z,2011-07-20,INE878H01024,533506.0,INVENTURE,0.92,0.91
317,,Bharatiya Global Infomedia Ltd.,317.0,Mainboard,11-Jul-2011,28-Jul-2011,"BSE, NSE",INE224M01013,533499.0,BGLOBAL,bharatiya_global_infomedia_ipo,82.0,81.9,-0.12,29.9,-63.54,,-95.85,2011-07-28T00:00:00.000Z,2011-07-11,INE224M01013,533499.0,BGLOBAL,3.4,3.11
316,,Readymade Steel India Ltd.,316.0,Mainboard,27-Jun-2011,13-Jul-2011,BSE,INE524L01026,533482.0,KRIDHANINF,readymade_steel_india_ipo,108.0,115.0,6.48,66.45,-38.47,,-87.55,2011-07-13T00:00:00.000Z,2011-06-27,INE524L01026,533482.0,KRIDHANINF,2.69,2.71
314,,Birla Pacific Medspa Ltd.,314.0,Mainboard,20-Jun-2011,07-Jul-2011,BSE,INE341L01017,533469.0,,birla_pacific_medspa_ipo,10.0,10.1,1.0,25.35,153.5,,,,2011-06-20,INE341L01017,533469.0,,,
315,,Rushil Decor Ltd.,315.0,Mainboard,20-Jun-2011,07-Jul-2011,"BSE, NSE",INE573K01025,533470.0,RUSHIL,rushil_decor_ipo,72.0,74.5,3.47,119.5,65.97,,123.75,2011-07-07T00:00:00.000Z,2011-06-20,INE573K01025,533470.0,RUSHIL,16.11,16.12
312,,Timbor Home Ltd.,312.0,Mainboard,30-May-2011,22-Jun-2011,"BSE, NSE",INE346L01016,533444.0,TIMBOR,timbor_home_ipo,63.0,72.0,14.29,91.55,45.32,,,,2011-05-30,INE346L01016,533444.0,TIMBOR,,
313,,VMS Industries Ltd.,313.0,Mainboard,30-May-2011,14-Jun-2011,BSE,INE932K01015,533427.0,,vms_industries_ipo,40.0,43.95,9.88,28.5,-28.75,,-41.62,2011-06-14T00:00:00.000Z,2011-05-30,INE932K01015,533427.0,,23.35,
308,,Aanjaneya Lifecare Ltd.,308.0,Mainboard,09-May-2011,27-May-2011,"BSE, NSE",INE928K01013,533412.0,AANJANEYA,aanjaneya_ipo,234.0,218.0,-6.84,311.1,32.95,,,,2011-05-09,INE928K01013,533412.0,AANJANEYA,,
307,,Sanghvi Forging & Engineering Ltd.,307.0,Mainboard,04-May-2011,23-May-2011,"BSE, NSE",INE263L01013,533411.0,SANGHVIFOR,sanghvi_forging_ipo,85.0,88.0,3.53,112.0,31.76,,0.0,2011-05-23T00:00:00.000Z,2011-05-04,INE263L01013,533411.0,SANGHVIFOR,,
303,,Innoventive Industries Ltd.,303.0,Mainboard,26-Apr-2011,13-May-2011,"BSE, NSE",INE549I01011,533402.0,INNOIND,innoventive_industries_ipo,117.0,111.95,-4.32,94.05,-19.62,,,,2011-04-26,INE549I01011,533402.0,INNOIND,,
301,,Servalakshmi Paper Ltd.,301.0,Mainboard,27-Apr-2011,12-May-2011,"BSE, NSE",INE431L01016,533401.0,SERVALL,servalakshmi_ipo,29.0,29.0,0.0,19.05,-34.31,,,,2011-04-27,INE431L01016,533401.0,SERVALL,,
304,,Future Ventures India Ltd.,304.0,Mainboard,25-Apr-2011,10-May-2011,"BSE, NSE",INE220J01025,533400.0,FCONSUMER,future_ventures_ipo,10.0,9.0,-10.0,8.2,-18.0,,,,2011-04-25,INE220J01025,533400.0,FCONSUMER,,
302,,Paramount Printpackaging Ltd.,302.0,Mainboard,20-Apr-2011,09-May-2011,"BSE, NSE",INE702L01010,533399.0,PARAPRINT,paramount_printpackaging_ipo,35.0,36.5,4.29,27.05,-22.71,,,,2011-04-20,INE702L01010,533399.0,PARAPRINT,,
300,,Muthoot Finance Ltd.,300.0,Mainboard,18-Apr-2011,06-May-2011,"BSE, NSE",INE414G01012,533398.0,MUTHOOTFIN,muthoot_ipo,175.0,196.6,12.34,175.9,0.51,,1688.37,2011-05-06T00:00:00.000Z,2011-04-18,INE414G01012,533398.0,MUTHOOTFIN,3129.65,3129.4
299,,Shilpi Cable Technologies Ltd.,299.0,Mainboard,22-Mar-2011,08-Apr-2011,"BSE, NSE",INE510K01019,533389.0,SHILPI,shilpi_cables_ipo,69.0,78.0,13.04,48.05,-30.36,,,,2011-03-22,INE510K01019,533389.0,SHILPI,,
298,,PTC India Financial Services Ltd.,298.0,Mainboard,16-Mar-2011,30-Mar-2011,"BSE, NSE",INE560K01014,533344.0,PFS,ptc_india_ipo,28.0,26.75,-4.46,24.9,-11.07,,9.71,2011-03-30T00:00:00.000Z,2011-03-16,INE560K01014,533344.0,PFS,30.72,30.66
297,,Lovable Lingerie Ltd.,297.0,Mainboard,08-Mar-2011,24-Mar-2011,"BSE, NSE",INE597L01014,533343.0,LOVABLE,lovable_lingeries_ipo,205.0,240.0,17.07,249.55,21.73,,-62.0,2011-03-24T00:00:00.000Z,2011-03-08,INE597L01014,533343.0,LOVABLE,77.91,77.58
294,,Fineotex Chemical Ltd.,294.0,Mainboard,23-Feb-2011,11-Mar-2011,BSE,INE045J01034,533333.0,FCL,fineotex_ipo,70.0,80.0,14.29,140.9,101.29,,428.86,2011-03-11T00:00:00.000Z,2011-02-23,INE045J01034,533333.0,FCL,37.02,36.99
295,,Sudar Garments Ltd.,295.0,Mainboard,21-Feb-2011,11-Mar-2011,"BSE, NSE",INE384L01017,533332.0,SUDAR,sudar_ipo,77.0,80.05,3.96,113.1,46.88,,,,2011-02-21,INE384L01017,533332.0,SUDAR,,
296,,Acropetal Technologies Ltd.,296.0,Mainboard,21-Feb-2011,10-Mar-2011,"BSE, NSE",INE055L01013,533330.0,ACROPETAL,acropetal_ipo,90.0,92.0,2.22,98.45,9.39,,,,2011-02-21,INE055L01013,533330.0,ACROPETAL,,
293,,Omkar Speciality Chemicals Ltd.,293.0,Mainboard,24-Jan-2011,10-Feb-2011,"BSE, NSE",INE474L01016,533317.0,OMKARCHEM,omkar_speciality_ipo,98.0,92.0,-6.12,46.45,-52.6,,-96.33,2011-02-10T00:00:00.000Z,2011-01-24,INE474L01016,533317.0,OMKARCHEM,3.6,3.41
291,,Midvalley Entertainment Ltd.,291.0,Mainboard,10-Jan-2011,27-Jan-2011,BSE,INE422B01016,533310.0,,midvalley_entertainment_ipo,70.0,73.0,4.29,58.05,-17.07,,,,2011-01-10,INE422B01016,533310.0,,,
360,,Bharti Infratel Ltd.,360.0,Mainboard,11-Dec-2012,28-Dec-2012,"BSE, NSE",INE121J01017,534816.0,INDUSTOWER,bharti_infratel_ipo,220.0,200.0,-9.09,191.65,-12.89,,84.55,2012-12-28T00:00:00.000Z,2012-12-11,INE121J01017,534816.0,INDUSTOWER,406.0,406.15
359,,PC Jeweller Ltd.,359.0,Mainboard,10-Dec-2012,27-Dec-2012,"BSE, NSE",INE785M01021,534809.0,PCJEWELLER,pc_jeweller_ipo,135.0,137.0,1.48,149.2,10.52,,-25.93,2012-12-27T00:00:00.000Z,2012-12-10,INE785M01021,534809.0,PCJEWELLER,10.0,9.99
358,,Credit Analysis & Research Ltd.,358.0,Mainboard,07-Dec-2012,26-Dec-2012,"BSE, NSE",INE752H01013,534804.0,CARERATING,care_ipo,750.0,940.0,25.33,922.55,23.01,,120.41,2012-12-26T00:00:00.000Z,2012-12-07,INE752H01013,534804.0,CARERATING,1653.05,1651.6
356,,Tara Jewels Ltd.,356.0,Mainboard,21-Nov-2012,06-Dec-2012,"BSE, NSE",INE799L01016,534756.0,TARAJEWELS,tara_jewels_ipo,230.0,242.0,5.22,229.9,-0.04,,,,2012-11-21,INE799L01016,534756.0,TARAJEWELS,,
345,,VKS Projects Ltd.,345.0,Mainboard,29-Jun-2012,18-Jul-2012,"BSE, NSE",INE213M01024,534567.0,VKSPL,vks_projects_ipo,55.0,56.35,2.45,55.0,0.0,,,,2012-06-29,INE213M01024,534567.0,VKSPL,,
342,,Speciality Restaurants Ltd.,342.0,Mainboard,16-May-2012,30-May-2012,"BSE, NSE",INE247M01014,534425.0,SPECIALITY,speciality_restaurants_ipo,150.0,152.0,1.33,159.6,6.4,,-18.57,2012-05-30T00:00:00.000Z,2012-05-16,INE247M01014,534425.0,SPECIALITY,122.15,122.38
339,,Tribhovandas Bhimji Zaveri Ltd.,339.0,Mainboard,24-Apr-2012,09-May-2012,"BSE, NSE",INE760L01018,534369.0,TBZ,bhimji_zaveri_ipo,120.0,115.05,-4.13,111.0,-7.5,,90.71,2012-05-09T00:00:00.000Z,2012-04-24,INE760L01018,534369.0,TBZ,228.85,228.34
338,,MT Educare Ltd.,338.0,Mainboard,27-Mar-2012,12-Apr-2012,"BSE, NSE",INE472M01018,534312.0,MTEDUCARE,mt_educare_ipo,80.0,86.05,7.56,90.35,12.94,,-97.52,2012-04-12T00:00:00.000Z,2012-03-27,INE472M01018,534312.0,MTEDUCARE,1.98,1.82
337,,National Buildings Construction Corp.Ltd.,337.0,Mainboard,22-Mar-2012,12-Apr-2012,"BSE, NSE",INE095N01031,534309.0,NBCC,nbcc_ipo,106.0,101.0,-4.72,96.95,-8.54,,842.92,2012-04-12T00:00:00.000Z,2012-03-22,INE095N01031,534309.0,NBCC,99.95,99.98
336,,Olympic Cards Ltd.,336.0,Mainboard,09-Mar-2012,28-Mar-2012,BSE,INE550L01013,534190.0,,olympic_cards_ipo,30.0,29.95,-0.17,28.5,-5.0,,-90.13,2012-03-28T00:00:00.000Z,2012-03-09,INE550L01013,534190.0,,2.96,
177,,Multi Commodity Exchange of India Ltd.,177.0,Mainboard,22-Feb-2012,09-Mar-2012,BSE,INE745G01043,534091.0,MCX,mcx_ipo,1032.0,1408.0,36.43,1296.7,25.65,,1242.83,2012-03-09T00:00:00.000Z,2012-02-22,INE745G01043,534091.0,MCX,2771.6,2770.7
377,,Just Dial Ltd.,377.0,Mainboard,20-May-2013,05-Jun-2013,"BSE, NSE, MCX-SX",INE599M01018,535648.0,JUSTDIAL,just_dial_ipo,530.0,590.0,11.32,612.35,15.54,,6.53,2013-06-05T00:00:00.000Z,2013-05-20,INE599M01018,535648.0,JUSTDIAL,564.6,564.05
369,,Repco Home Finance Ltd.,369.0,Mainboard,13-Mar-2013,01-Apr-2013,"BSE, NSE",INE612J01015,535322.0,REPCOHOME,repco_home_finance_ipo,172.0,159.95,-7.01,161.8,-5.93,,137.5,2013-04-01T00:00:00.000Z,2013-03-13,INE612J01015,535322.0,REPCOHOME,408.5,409.05
363,,V-Mart Retail Ltd.,363.0,Mainboard,01-Feb-2013,20-Feb-2013,"BSE, NSE",INE665J01013,534976.0,VMART,v_mart_retail_ipo,210.0,214.0,1.9,203.3,-3.19,,270.55,2013-02-20T00:00:00.000Z,2013-02-01,INE665J01013,534976.0,VMART,778.15,777.85
437,,Monte Carlo Fashions Ltd.,437.0,Mainboard,03-Dec-2014,19-Dec-2014,"BSE, NSE",INE950M01013,538836.0,MONTECARLO,monte_carlo_ipo,645.0,584.0,-9.46,567.3,-12.05,,-15.93,2014-12-19T00:00:00.000Z,2014-12-03,INE950M01013,538836.0,MONTECARLO,542.25,541.65
431,,Shemaroo Entertainment Ltd.,431.0,Mainboard,16-Sep-2014,01-Oct-2014,"BSE, NSE",INE363M01019,538685.0,SHEMAROO,shemaroo_ipo,170.0,180.0,5.88,171.0,0.59,,-24.26,2014-10-01T00:00:00.000Z,2014-09-16,INE363M01019,538685.0,SHEMAROO,128.75,128.76
430,,Sharda Cropchem Ltd.,430.0,Mainboard,05-Sep-2014,23-Sep-2014,"BSE, NSE",INE221J01015,538666.0,SHARDACROP,sharda_cropchem_ipo,156.0,260.0,66.67,230.95,48.04,,486.63,2014-09-23T00:00:00.000Z,2014-09-05,INE221J01015,538666.0,SHARDACROP,915.15,914.75
428,,Snowman Logistics Ltd.,428.0,Mainboard,26-Aug-2014,12-Sep-2014,"BSE, NSE",INE734N01019,538635.0,SNOWMAN,snowman_logistics_ipo,47.0,76.0,61.7,79.8,69.79,,-22.98,2014-09-12T00:00:00.000Z,2014-08-26,INE734N01019,538635.0,SNOWMAN,36.2,36.26
418,,Wonderla Holidays Ltd.,418.0,Mainboard,21-Apr-2014,05-Sep-2014,"BSE, NSE",INE066O01014,538268.0,,wonderla_holidays_ipo,125.0,,,157.8,26.24,,279.8,2014-09-05T00:00:00.000Z,2014-04-21,INE066O01014,538268.0,WONDERLA,474.75,474.25
513,,Narayana Hrudayalaya Ltd.,513.0,Mainboard,17-Dec-2015,06-Jan-2016,"BSE, NSE",INE410P01011,539551.0,NH,narayana_hrudayalaya_ipo,250.0,291.0,16.4,336.95,34.78,,710.68,2016-01-06T00:00:00.000Z,2015-12-17,INE410P01011,539551.0,NH,2026.7,2027.3
511,,Dr.Lal PathLabs Ltd.,511.0,Mainboard,08-Dec-2015,23-Dec-2015,"BSE, NSE",INE600L01024,539524.0,LALPATHLAB,dr_lal_pathlabs_ipo,550.0,720.0,30.91,825.0,50.0,,207.79,2015-12-23T00:00:00.000Z,2015-12-08,INE600L01024,539524.0,LALPATHLAB,1692.85,1692.8
512,,Alkem Laboratories Ltd.,512.0,Mainboard,08-Dec-2015,23-Dec-2015,"BSE, NSE",INE540L01014,539523.0,ALKEM,alkem_laboratories_ipo,1050.0,1380.0,31.43,1381.7,31.59,,439.97,2015-12-23T00:00:00.000Z,2015-12-08,INE540L01014,539523.0,ALKEM,5669.7,5669.5
508,,S H Kelkar & Co.Ltd.,508.0,Mainboard,28-Oct-2015,16-Nov-2015,"BSE, NSE",INE500L01026,539450.0,SHK,s_h_kelkar_ipo,180.0,223.7,24.28,209.85,16.58,,-27.25,2015-11-16T00:00:00.000Z,2015-10-28,INE500L01026,539450.0,SHK,130.95,130.92
492,,InterGlobe Aviation Ltd.,492.0,Mainboard,27-Oct-2015,10-Nov-2015,"BSE, NSE",INE646L01027,539448.0,INDIGO,indigo_ipo,765.0,855.8,11.87,877.25,14.67,,594.25,2015-11-10T00:00:00.000Z,2015-10-27,INE646L01027,539448.0,INDIGO,5311.05,5312.0
507,,Coffee Day Enterprises Ltd.,507.0,Mainboard,14-Oct-2015,02-Nov-2015,"BSE, NSE",INE335K01011,539436.0,COFFEEDAY,cafe_coffee_day_ipo,328.0,317.0,-3.35,271.0,-17.38,,-90.22,2015-11-02T00:00:00.000Z,2015-10-14,INE335K01011,539436.0,COFFEEDAY,32.07,31.93
491,,Prabhat Dairy Ltd.,491.0,Mainboard,28-Aug-2015,21-Sep-2015,"BSE, NSE",INE302M01033,539351.0,PRABHAT,prabhat_dairy_ipo,115.0,113.0,-1.74,115.95,0.83,,0.0,2015-09-21T00:00:00.000Z,2015-08-28,INE302M01033,539351.0,PRABHAT,,
494,,Sadbhav Infrastructure Project Ltd.,494.0,Mainboard,31-Aug-2015,16-Sep-2015,"BSE, NSE",INE764L01010,539346.0,SADBHIN,sadbhav_infra_ipo,103.0,111.0,7.77,106.2,3.11,,-97.34,2015-09-16T00:00:00.000Z,2015-08-31,INE764L01010,539346.0,SADBHIN,2.74,2.74
493,,Shree Pushkar Chemicals & Fertilisers Ltd.,493.0,Mainboard,25-Aug-2015,10-Sep-2015,"BSE, NSE",INE712K01011,539334.0,SHREEPUSHK,shree_pushkar_chemicals_ipo,65.0,60.05,-7.62,63.05,-3.0,,558.46,2015-09-10T00:00:00.000Z,2015-08-25,INE712K01011,539334.0,SHREEPUSHK,428.0,426.95
490,,Pennar Engineered Building Systems Ltd.,490.0,Mainboard,25-Aug-2015,10-Sep-2015,"BSE, NSE",INE455O01019,539333.0,PENPEBS,pennar_engineered_ipo,178.0,177.95,-0.03,169.5,-4.78,,0.0,2015-09-10T00:00:00.000Z,2015-08-25,INE455O01019,539333.0,PENPEBS,,
488,,Navkar Corp.Ltd.,488.0,Mainboard,24-Aug-2015,09-Sep-2015,"BSE, NSE",INE278M01019,539332.0,NAVKARCORP,navkar_corporation_ipo,155.0,152.0,-1.94,166.85,7.65,,-29.68,2015-09-09T00:00:00.000Z,2015-08-24,INE278M01019,539332.0,NAVKARCORP,109.0,109.2
486,,Power Mech Projects Ltd.,486.0,Mainboard,07-Aug-2015,26-Aug-2015,"BSE, NSE",INE211R01019,539302.0,POWERMECH,power_mech_projects_ipo,640.0,640.0,0.0,580.0,-9.38,,312.57,2015-08-26T00:00:00.000Z,2015-08-07,INE211R01019,539302.0,POWERMECH,2640.45,2640.0
481,,Syngene International Ltd.,481.0,Mainboard,27-Jul-2015,11-Aug-2015,"BSE, NSE",INE398R01022,539268.0,SYNGENE,syngene_international_ipo,250.0,295.0,18.0,310.55,24.22,,68.14,2015-08-11T00:00:00.000Z,2015-07-27,INE398R01022,539268.0,SYNGENE,420.35,420.35
472,,Manpasand Beverages Ltd.,472.0,Mainboard,24-Jun-2015,09-Jul-2015,"BSE, NSE",INE122R01018,539207.0,MANPASAND,manpasand_beverages_ipo,320.0,300.0,-6.25,327.75,2.42,,,,2015-06-24,INE122R01018,539207.0,MANPASAND,,
469,,PNC Infratech Ltd.,469.0,Mainboard,08-May-2015,26-May-2015,"BSE, NSE",INE195J01029,539150.0,PNCINFRA,pnc_infratech_ipo,378.0,387.0,2.38,360.5,-4.63,,221.1,2015-05-26T00:00:00.000Z,2015-05-08,INE195J01029,539150.0,PNCINFRA,242.75,242.87
468,,UFO Moviez India Ltd.,468.0,Mainboard,28-Apr-2015,14-May-2015,"BSE, NSE",INE527H01019,539141.0,UFO,ufo_moviez_ipo,625.0,600.0,-4.0,597.3,-4.43,,-88.84,2015-05-14T00:00:00.000Z,2015-04-28,INE527H01019,539141.0,UFO,69.72,69.68
467,,MEP Infrastructure Developers Ltd.,467.0,Mainboard,21-Apr-2015,06-May-2015,"BSE, NSE",INE776I01010,539126.0,MEP,mep_infrastructure_ipo,63.0,65.0,3.17,58.4,-7.3,,-98.97,2015-05-06T00:00:00.000Z,2015-04-21,INE776I01010,539126.0,MEP,0.65,3.23
466,,VRL Logistics Ltd.,466.0,Mainboard,15-Apr-2015,30-Apr-2015,"BSE, NSE",INE366I01010,539118.0,VRLLOG,vrl_logistics_ipo,205.0,288.0,40.49,294.1,43.46,,12.88,2015-04-30T00:00:00.000Z,2015-04-15,INE366I01010,539118.0,VRLLOG,231.4,231.21
438,,Inox Wind Ltd.,438.0,Mainboard,18-Mar-2015,09-Apr-2015,"BSE, NSE",INE066P01011,539083.0,INOXWIND,inox_wind_ipo,325.0,400.0,23.08,438.4,34.89,,-74.64,2015-04-09T00:00:00.000Z,2015-03-18,INE066P01011,539083.0,INOXWIND,82.43,82.61
456,,Adlabs Entertainment Ltd.,456.0,Mainboard,10-Mar-2015,06-Apr-2015,"BSE, NSE",INE172N01012,539056.0,IMAGICAA,adlabs_entertainment_ipo,180.0,162.2,-9.89,191.5,6.39,,-74.17,2015-04-06T00:00:00.000Z,2015-03-10,INE172N01012,539056.0,IMAGICAA,46.49,46.56
455,,Ortel Communications Ltd.,455.0,Mainboard,03-Mar-2015,19-Mar-2015,"BSE, NSE",INE849L01019,539015.0,ORTEL,ortel_communications_ipo,181.0,160.05,-11.57,162.25,-10.36,,-99.08,2015-03-19T00:00:00.000Z,2015-03-03,INE849L01019,539015.0,ORTEL,1.67,1.67
606,,Laurus Labs Ltd.,606.0,Mainboard,06-Dec-2016,19-Dec-2016,"BSE, NSE",INE947Q01028,540222.0,LAURUSLABS,laurus-labs-ipo,428.0,489.9,14.46,480.4,12.24,,1697.02,2016-12-19T00:00:00.000Z,2016-12-06,INE947Q01028,540222.0,LAURUSLABS,1538.25,1537.8
602,,Sheela Foam Ltd.,602.0,Mainboard,29-Nov-2016,09-Dec-2016,"BSE, NSE",INE916U01025,540203.0,SFL,sheela-foam-ipo,730.0,860.0,17.81,1032.0,41.37,,4.9,2016-12-09T00:00:00.000Z,2016-11-29,INE916U01025,540203.0,SFL,765.8,765.3
598,,Varun Beverages Ltd.,598.0,Mainboard,26-Oct-2016,08-Nov-2016,"BSE, NSE",INE200M01039,540180.0,VBL,varun-beverages-ipo,445.0,430.0,-3.37,459.5,3.26,,437.25,2016-11-08T00:00:00.000Z,2016-10-26,INE200M01039,540180.0,VBL,478.15,478.1
599,,PNB Housing Finance Ltd.,599.0,Mainboard,25-Oct-2016,07-Nov-2016,"BSE, NSE",INE572E01012,540173.0,PNBHOUSING,pnb-housing-finance-ipo,775.0,860.0,10.97,891.15,14.99,,43.28,2016-11-07T00:00:00.000Z,2016-10-25,INE572E01012,540173.0,PNBHOUSING,1110.45,1110.6
593,,Endurance Technologies Ltd.,593.0,Mainboard,05-Oct-2016,19-Oct-2016,"BSE, NSE",INE913H01037,540153.0,ENDURANCE,endurance-technologies-ipo,472.0,572.0,21.19,646.9,37.06,,469.08,2016-10-19T00:00:00.000Z,2016-10-05,INE913H01037,540153.0,ENDURANCE,2686.05,2686.4
579,,HPL Electric & Power Ltd.,579.0,Mainboard,22-Sep-2016,04-Oct-2016,"BSE, NSE",INE495S01016,540136.0,HPL,hpl_electric_ipo,202.0,190.0,-5.94,189.3,-6.29,,76.36,2016-10-04T00:00:00.000Z,2016-09-22,INE495S01016,540136.0,HPL,356.25,356.7
571,,ICICI Prudential Life Insurance Co.Ltd.,571.0,Mainboard,19-Sep-2016,29-Sep-2016,"BSE, NSE",INE726G01019,540133.0,ICICIPRULI,icici_prudential_life_ipo,334.0,330.0,-1.2,297.55,-10.91,,52.78,2016-09-29T00:00:00.000Z,2016-09-19,INE726G01019,540133.0,ICICIPRULI,510.3,510.35
574,,GNA Axles Ltd.,574.0,Mainboard,14-Sep-2016,26-Sep-2016,"BSE, NSE",INE934S01014,540124.0,GNA,gna_axles_ipo,207.0,252.0,21.74,245.05,18.38,,129.66,2016-09-26T00:00:00.000Z,2016-09-14,INE934S01014,540124.0,GNA,475.4,475.4
573,,L&T Technology Services Ltd.,573.0,Mainboard,12-Sep-2016,23-Sep-2016,"BSE, NSE",INE010V01017,540115.0,LTTS,l_t_technology_ipo,860.0,920.0,6.98,869.0,1.05,,281.15,2016-09-23T00:00:00.000Z,2016-09-12,INE010V01017,540115.0,LTTS,3277.85,3278.2
564,,RBL Bank Ltd.,564.0,Mainboard,19-Aug-2016,31-Aug-2016,"BSE, NSE",INE976G01028,540065.0,RBLBANK,rbl_bank_ipo,225.0,274.2,21.87,299.4,33.07,,69.2,2016-08-31T00:00:00.000Z,2016-08-19,INE976G01028,540065.0,RBLBANK,380.7,380.65
563,,S.P.Apparels Ltd.,563.0,Mainboard,02-Aug-2016,12-Aug-2016,"BSE, NSE",INE212I01016,540048.0,SPAL,s_p_apparels_ipo,268.0,275.0,2.61,288.75,7.74,,334.61,2016-08-12T00:00:00.000Z,2016-08-02,INE212I01016,540048.0,SPAL,1164.75,1159.7
562,,Dilip Buildcon Ltd.,562.0,Mainboard,01-Aug-2016,11-Aug-2016,"BSE, NSE",INE917M01012,540047.0,DBL,dilip_buildcon_ipo,219.0,240.0,9.59,251.75,14.95,,94.43,2016-08-11T00:00:00.000Z,2016-08-01,INE917M01012,540047.0,DBL,425.8,426.3
560,,Advanced Enzyme Technologies Ltd.,560.0,Mainboard,20-Jul-2016,01-Aug-2016,"BSE, NSE",INE837H01020,540025.0,ADVENZYMES,advanced_enzyme_ipo,896.0,1210.0,35.04,1178.1,31.48,,83.98,2016-08-01T00:00:00.000Z,2016-07-20,INE837H01020,540025.0,ADVENZYMES,329.7,329.85
555,,Larsen & Toubro Infotech Ltd.,555.0,Mainboard,11-Jul-2016,21-Jul-2016,"BSE, NSE",INE214T01019,540005.0,LTIM,l_t_infotech_ipo,710.0,667.0,-6.06,697.6,-1.75,,469.18,2016-07-21T00:00:00.000Z,2016-07-11,INE214T01019,540005.0,LTIM,4041.15,4504.0
552,,Quess Corp Ltd.,552.0,Mainboard,29-Jun-2016,12-Jul-2016,"BSE, NSE",INE615P01015,539978.0,QUESS,quess_corp_ipo,317.0,500.0,57.73,503.1,58.71,,-9.13,2016-07-12T00:00:00.000Z,2016-06-29,INE615P01015,539978.0,QUESS,288.05,288.15
551,,Mahanagar Gas Ltd.,551.0,Mainboard,21-Jun-2016,01-Jul-2016,"BSE, NSE",INE002S01010,539957.0,MGL,mahanagar_gas_ipo,421.0,540.0,28.27,520.3,23.59,,167.46,2016-07-01T00:00:00.000Z,2016-06-21,INE002S01010,539957.0,MGL,1126.0,1126.3
545,,Parag Milk Foods Ltd.,545.0,Mainboard,04-May-2016,19-May-2016,"BSE, NSE",INE883N01014,539889.0,PARAGMILK,parag_milk_ipo,215.0,217.5,1.16,247.0,14.88,,7.79,2016-05-19T00:00:00.000Z,2016-05-04,INE883N01014,539889.0,PARAGMILK,231.75,231.72
543,,Ujjivan Financial Services Ltd.,543.0,Mainboard,28-Apr-2016,10-May-2016,"BSE, NSE",INE334L01012,539874.0,UJJIVAN,ujjivan_financial_services_ipo,210.0,231.9,10.43,231.55,10.26,,0.0,2016-05-10T00:00:00.000Z,2016-04-28,INE334L01012,539874.0,UJJIVAN,,
541,,Thyrocare Technologies Ltd.,541.0,Mainboard,27-Apr-2016,09-May-2016,"BSE, NSE",INE594H01019,539871.0,THYROCARE,thyrocare_technologies_ipo,446.0,665.0,49.1,618.8,38.74,,15.64,2016-05-09T00:00:00.000Z,2016-04-27,INE594H01019,539871.0,THYROCARE,515.75,515.7
536,,Equitas Holdings Ltd.,536.0,Mainboard,05-Apr-2016,21-Apr-2016,"BSE, NSE",INE988K01017,539844.0,EQUITAS,equitas_holdings_ipo,110.0,145.1,31.91,135.2,22.91,,0.0,2016-04-21T00:00:00.000Z,2016-04-05,INE988K01017,539844.0,EQUITAS,,
532,,Infibeam Incorporation Ltd.,532.0,Mainboard,21-Mar-2016,04-Apr-2016,"BSE, NSE",INE483S01020,539807.0,INFIBEAM,infibeam_ipo,432.0,453.0,4.86,445.75,3.18,,-58.19,2016-04-04T00:00:00.000Z,2016-03-21,INE483S01020,539807.0,INFIBEAM,18.06,16.9
530,,Bharat Wire Ropes Ltd.,530.0,Mainboard,18-Mar-2016,01-Apr-2016,"BSE, NSE",INE316L01019,539799.0,BHARATWIRE,bharat_wire_ropes_ipo,45.0,47.25,5.0,45.55,1.22,,380.33,2016-04-01T00:00:00.000Z,2016-03-18,INE316L01019,539799.0,BHARATWIRE,216.15,216.36
529,,Healthcare Global Enterprises Ltd.,529.0,Mainboard,16-Mar-2016,30-Mar-2016,"BSE, NSE",INE075I01017,539787.0,HCG,healthcare_global_ipo,218.0,210.2,-3.58,171.0,-21.56,,206.35,2016-03-30T00:00:00.000Z,2016-03-16,INE075I01017,539787.0,HCG,667.85,666.4
521,,Quick Heal Technologies Ltd.,521.0,Mainboard,08-Feb-2016,18-Feb-2016,"BSE, NSE",INE306L01010,539678.0,QUICKHEAL,quick_heal_ipo,321.0,305.0,-4.98,253.85,-20.92,,-47.79,2016-02-18T00:00:00.000Z,2016-02-08,INE306L01010,539678.0,QUICKHEAL,167.6,167.79
520,,TeamLease Services Ltd.,520.0,Mainboard,02-Feb-2016,12-Feb-2016,"BSE, NSE",INE985S01024,539658.0,TEAMLEASE,teamlease_services_ipo,850.0,860.0,1.18,1032.0,21.41,,61.81,2016-02-12T00:00:00.000Z,2016-02-02,INE985S01024,539658.0,TEAMLEASE,1375.4,1377.4
517,,Precision Camshafts Ltd.,517.0,Mainboard,27-Jan-2016,08-Feb-2016,"BSE, NSE",INE484I01029,539636.0,PRECAM,precision_camshafts_ipo,186.0,165.0,-11.29,177.45,-4.6,,-21.05,2016-02-08T00:00:00.000Z,2016-01-27,INE484I01029,539636.0,PRECAM,146.85,146.66
757,,Astron Paper & Board Mill Ltd.,757.0,Mainboard,15-Dec-2017,29-Dec-2017,"BSE, NSE",INE646X01014,540824.0,ASTRON,astron-paper-ipo,50.0,115.0,130.0,120.75,141.5,,-92.38,2017-12-29T00:00:00.000Z,2017-12-15,INE646X01014,540824.0,ASTRON,3.81,3.79
771,,Future Supply Chain Solutions Ltd.,771.0,Mainboard,06-Dec-2017,18-Dec-2017,"BSE, NSE",INE935Q01015,540798.0,FSC,future-supply-chain-ipo,664.0,664.0,0.0,686.35,3.37,,-99.56,2017-12-18T00:00:00.000Z,2017-12-06,INE935Q01015,540798.0,FSC,2.94,2.75
772,,Shalby Ltd.,772.0,Mainboard,05-Dec-2017,15-Dec-2017,"BSE, NSE",INE597J01018,540797.0,SHALBY,shalby-hospital-ipo,248.0,239.7,-3.35,239.6,-3.39,,-30.77,2017-12-15T00:00:00.000Z,2017-12-05,INE597J01018,540797.0,SHALBY,171.7,171.56
756,,HDFC Standard Life Insurance Co.Ltd.,756.0,Mainboard,07-Nov-2017,17-Nov-2017,"BSE, NSE",INE795G01014,540777.0,HDFCLIFE,hdfc-life-ipo,290.0,310.0,6.9,344.6,18.83,,95.45,2017-11-17T00:00:00.000Z,2017-11-07,INE795G01014,540777.0,HDFCLIFE,566.8,567.7
755,,Khadim India Ltd.,755.0,Mainboard,02-Nov-2017,14-Nov-2017,"BSE, NSE",INE834I01025,540775.0,KHADIM,khadim-india-ipo,750.0,730.0,-2.67,688.85,-8.15,,-86.35,2017-11-14T00:00:00.000Z,2017-11-02,INE834I01025,540775.0,KHADIM,102.4,100.49
754,,"New India Assurance Co.Ltd.,The",754.0,Mainboard,01-Nov-2017,13-Nov-2017,"BSE, NSE",INE470Y01017,540769.0,NIACL,new-india-assurance-ipo,800.0,750.0,-6.25,727.1,-9.11,,-76.99,2017-11-13T00:00:00.000Z,2017-11-01,INE470Y01017,540769.0,NIACL,184.05,183.92
753,,Mahindra Logistics Ltd.,753.0,Mainboard,31-Oct-2017,10-Nov-2017,"BSE, NSE",INE766P01016,540768.0,MAHLOG,mahindra-logistics-ipo,429.0,429.0,0.0,429.5,0.12,,-9.77,2017-11-10T00:00:00.000Z,2017-10-31,INE766P01016,540768.0,MAHLOG,387.1,387.2
752,,Reliance Nippon Life Asset Management Ltd.,752.0,Mainboard,25-Oct-2017,06-Nov-2017,"BSE, NSE",INE298J01013,540767.0,NAM-INDIA,reliance-nippon-life-ipo,252.0,295.9,17.42,284.4,12.86,,381.21,2017-11-06T00:00:00.000Z,2017-10-25,INE298J01013,540767.0,NAM-INDIA,1212.65,1212.7
748,,General Insurance Corp.of India,748.0,Mainboard,11-Oct-2017,25-Oct-2017,"BSE, NSE",INE481Y01014,540755.0,GICRE,general-insurance-corporation-ipo,912.0,850.0,-6.8,874.3,-4.13,,-59.98,2017-10-25T00:00:00.000Z,2017-10-11,INE481Y01014,540755.0,GICRE,364.95,365.0
746,,Indian Energy Exchange Ltd.,746.0,Mainboard,09-Oct-2017,23-Oct-2017,"BSE, NSE",INE022Q01020,540750.0,IEX,indian-energy-exchange-iex-ipo,1650.0,1500.0,-9.09,1629.15,-1.26,,-27.48,2017-10-23T00:00:00.000Z,2017-10-09,INE022Q01020,540750.0,IEX,119.65,119.64
739,,MAS Financial Services Ltd.,739.0,Mainboard,06-Oct-2017,18-Oct-2017,"BSE, NSE",INE348L01012,540749.0,MASFIN,mas-financial-ipo,459.0,660.0,43.79,654.4,42.57,,-29.75,2017-10-18T00:00:00.000Z,2017-10-06,INE348L01012,540749.0,MASFIN,322.45,322.45
734,,Godrej Agrovet Ltd.,734.0,Mainboard,04-Oct-2017,16-Oct-2017,"BSE, NSE",INE850D01014,540743.0,GODREJAGRO,godrej-agrovet-ipo,460.0,615.6,33.83,595.65,29.49,,22.47,2017-10-16T00:00:00.000Z,2017-10-04,INE850D01014,540743.0,GODREJAGRO,563.35,562.15
707,,Prataap Snacks Ltd.,707.0,Mainboard,22-Sep-2017,05-Oct-2017,"BSE, NSE",INE393P01035,540724.0,DIAMONDYD,prataap-snacks,938.0,1270.0,35.39,1180.65,25.87,,27.04,2017-10-05T00:00:00.000Z,2017-09-22,INE393P01035,540724.0,DIAMONDYD,1191.6,1190.8
713,,SBI Life Insurance Co.Ltd.,713.0,Mainboard,20-Sep-2017,03-Oct-2017,"BSE, NSE",INE123W01016,540719.0,SBILIFE,sbi-life-insurance-ipo,700.0,735.0,5.0,707.55,1.08,,166.16,2017-10-03T00:00:00.000Z,2017-09-20,INE123W01016,540719.0,SBILIFE,1863.15,1862.9
714,,ICICI Lombard General Insurance Co.Ltd.,714.0,Mainboard,15-Sep-2017,27-Sep-2017,"BSE, NSE",INE765G01017,540716.0,ICICIGI,icici-lombard-ipo,661.0,651.1,-1.5,681.2,3.06,,176.19,2017-09-27T00:00:00.000Z,2017-09-15,INE765G01017,540716.0,ICICIGI,1825.6,1826.2
711,,Capacit'e Infraprojects Ltd.,711.0,Mainboard,13-Sep-2017,25-Sep-2017,"BSE, NSE",INE264T01014,540710.0,CAPACITE,capacite-infra-ipo,250.0,399.0,59.6,342.55,37.02,,-3.98,2017-09-25T00:00:00.000Z,2017-09-13,INE264T01014,540710.0,CAPACITE,240.05,240.0
710,,Matrimony.com Ltd.,710.0,Mainboard,11-Sep-2017,21-Sep-2017,"BSE, NSE",INE866R01028,540704.0,MATRIMONY,matrimony-ipo,985.0,985.0,0.0,904.65,-8.16,,-55.64,2017-09-21T00:00:00.000Z,2017-09-11,INE866R01028,540704.0,MATRIMONY,436.9,437.0
705,,Dixon Technologies (India) Ltd.,705.0,Mainboard,06-Sep-2017,18-Sep-2017,"BSE, NSE",INE935N01020,540699.0,DIXON,dixon-ipo,1766.0,2725.0,54.3,2891.55,63.73,,3699.72,2017-09-18T00:00:00.000Z,2017-09-06,INE935N01020,540699.0,DIXON,13420.6,13421.0
703,,Bharat Road Network Ltd.,703.0,Mainboard,06-Sep-2017,18-Sep-2017,"BSE, NSE",INE727S01012,540700.0,BRNL,bharat-road-network-ipo,205.0,205.0,0.0,208.45,1.68,,-91.12,2017-09-18T00:00:00.000Z,2017-09-06,INE727S01012,540700.0,BRNL,18.2,18.19
698,,Apex Frozen Foods Ltd.,698.0,Mainboard,22-Aug-2017,04-Sep-2017,"BSE, NSE",INE346W01013,540692.0,APEX,apex-frozen-foods-ipo,175.0,202.0,15.43,212.1,21.2,,123.06,2017-09-04T00:00:00.000Z,2017-08-22,INE346W01013,540692.0,APEX,390.35,390.5
684,,Cochin Shipyard Ltd.,684.0,Mainboard,01-Aug-2017,11-Aug-2017,"BSE, NSE",INE704P01025,540678.0,COCHINSHIP,cochin-shipyard-ipo,432.0,440.15,1.89,528.15,22.26,,556.48,2017-08-11T00:00:00.000Z,2017-08-01,INE704P01025,540678.0,COCHINSHIP,1418.0,1418.0
690,,Security & Intelligence Services (India) Ltd.,690.0,Mainboard,31-Jul-2017,10-Aug-2017,"BSE, NSE",INE285J01028,540673.0,SIS,sis-ipo,815.0,879.8,7.95,757.05,-7.11,,6.85,2017-08-10T00:00:00.000Z,2017-07-31,INE285J01028,540673.0,SIS,435.4,435.5
683,,Salasar Techno Engineering Ltd.,683.0,Mainboard,12-Jul-2017,25-Jul-2017,"BSE, NSE",INE170V01027,540642.0,SALASAR,salasar-techno-ipo,108.0,250.0,131.48,262.5,143.06,,-42.78,2017-07-25T00:00:00.000Z,2017-07-12,INE170V01027,540642.0,SALASAR,6.18,6.18
672,,AU Small Finance Bank Ltd.,672.0,Mainboard,28-Jun-2017,10-Jul-2017,"BSE, NSE",INE949L01017,540611.0,AUBANK,au-financiers-ipo,358.0,530.0,48.04,541.65,51.3,,199.54,2017-07-10T00:00:00.000Z,2017-06-28,INE949L01017,540611.0,AUBANK,1072.35,1072.1
669,,GTPL Hathway Ltd.,669.0,Mainboard,21-Jun-2017,04-Jul-2017,"BSE, NSE",INE869I01013,540602.0,GTPL,gtpl-hathway-ipo,170.0,170.0,0.0,171.65,0.97,,-63.85,2017-07-04T00:00:00.000Z,2017-06-21,INE869I01013,540602.0,GTPL,61.45,61.31
620,,Central Depository Services (India) Ltd.,620.0,Mainboard,19-Jun-2017,30-Jun-2017,NSE,INE736A01011,,CDSL,cdsl-ipo,149.0,250.0,67.79,261.6,75.57,,861.01,2017-06-30T00:00:00.000Z,2017-06-19,INE736A01011,,CDSL,,1431.9
668,,Eris Lifesciences Ltd.,668.0,Mainboard,16-Jun-2017,29-Jun-2017,"BSE, NSE",INE406M01024,540596.0,ERIS,eris-lifesciences-ipo,603.0,611.0,1.33,601.5,-0.25,,136.93,2017-06-29T00:00:00.000Z,2017-06-16,INE406M01024,540596.0,ERIS,1428.7,1431.2
667,,Tejas Networks Ltd.,667.0,Mainboard,14-Jun-2017,27-Jun-2017,"BSE, NSE",INE010J01012,540595.0,TEJASNET,tejas-networks-ipo,257.0,257.0,0.0,263.5,2.53,,119.57,2017-06-27T00:00:00.000Z,2017-06-14,INE010J01012,540595.0,TEJASNET,564.3,564.65
660,,PSP Projects Ltd.,660.0,Mainboard,17-May-2017,29-May-2017,"BSE, NSE",INE488V01015,540544.0,PSPPROJECT,psp-projects-ipo,210.0,190.0,-9.52,199.5,-5.0,,408.86,2017-05-29T00:00:00.000Z,2017-05-17,INE488V01015,540544.0,PSPPROJECT,1068.6,1069.2
645,,Housing & Urban Development Corp.Ltd.,645.0,Mainboard,08-May-2017,19-May-2017,"BSE, NSE",INE031A01017,540530.0,HUDCO,hudco-ipo,60.0,73.0,21.67,72.55,20.92,,245.08,2017-05-19T00:00:00.000Z,2017-05-08,INE031A01017,540530.0,HUDCO,207.05,206.96
651,,S.Chand & Co.Ltd.,651.0,Mainboard,26-Apr-2017,09-May-2017,"BSE, NSE",INE807K01035,540497.0,SCHAND,s-chand-and-company-ipo,670.0,700.0,4.48,676.0,0.9,,-77.78,2017-05-09T00:00:00.000Z,2017-04-26,INE807K01035,540497.0,SCHAND,148.9,149.04
635,,Shankara Building Products Ltd.,635.0,Mainboard,22-Mar-2017,05-Apr-2017,"BSE, NSE",INE274V01019,540425.0,SHANKARA,shankara-buildpro-ipo,460.0,555.05,20.66,632.45,37.49,,-71.54,2017-04-05T00:00:00.000Z,2017-03-22,INE274V01019,540425.0,SHANKARA,130.9,130.73
631,,CL Educate Ltd.,631.0,Mainboard,20-Mar-2017,31-Mar-2017,"BSE, NSE",INE201M01029,540403.0,CLEDUCATE,cl-educate-ipo,502.0,402.0,-19.92,422.1,-15.92,,-77.12,2017-03-31T00:00:00.000Z,2017-03-20,INE201M01029,540403.0,CLEDUCATE,57.42,59.35
615,,Avenue Supermarts Ltd.,615.0,Mainboard,08-Mar-2017,21-Mar-2017,"BSE, NSE",INE192R01011,540376.0,DMART,avenue-supermarts-ipo,299.0,600.0,100.67,641.6,114.58,,1265.57,2017-03-21T00:00:00.000Z,2017-03-08,INE192R01011,540376.0,DMART,4083.05,4081.1
623,,Music Broadcast Ltd.,623.0,Mainboard,06-Mar-2017,17-Mar-2017,"BSE, NSE",INE919I01024,540366.0,RADIOCITY,music-broadcast-ipo,333.0,413.0,24.02,372.9,11.98,,-90.98,2017-03-17T00:00:00.000Z,2017-03-06,INE919I01024,540366.0,RADIOCITY,6.01,6.0
611,,BSE Ltd.,611.0,Mainboard,23-Jan-2017,03-Feb-2017,NSE,INE118H01025,,BSE,bse-limited-ipo,806.0,1085.0,34.62,1069.2,32.66,,372.9,2017-02-03T00:00:00.000Z,2017-01-23,INE118H01025,,BSE,,3811.6
921,,Garden Reach Shipbuilders & Engineers Ltd.,921.0,Mainboard,24-Sep-2018,10-Oct-2018,"BSE, NSE",INE382Z01011,542011.0,GRSE,garden-reach-shipbuilders-ipo,118.0,102.5,-13.14,103.3,-12.46,,2155.89,2018-10-10T00:00:00.000Z,2018-09-24,INE382Z01011,542011.0,GRSE,2661.95,2662.0
925,,Aavas Financiers Ltd.,925.0,Mainboard,25-Sep-2018,08-Oct-2018,"BSE, NSE",INE216P01012,541988.0,AAVAS,aavas-financiers-ipo,821.0,750.0,-8.65,774.35,-5.68,,85.42,2018-10-08T00:00:00.000Z,2018-09-25,INE216P01012,541988.0,AAVAS,1522.3,1525.9
922,,IRCON International Ltd.,922.0,Mainboard,17-Sep-2018,28-Sep-2018,"BSE, NSE",INE962Y01021,541956.0,IRCON,ircon-international-ipo,475.0,412.0,-13.26,415.3,-12.57,,38.21,2018-09-28T00:00:00.000Z,2018-09-17,INE962Y01021,541956.0,IRCON,131.3,131.36
900,,CreditAccess Grameen Ltd.,900.0,Mainboard,08-Aug-2018,23-Aug-2018,"BSE, NSE",INE741K01010,541770.0,CREDITACC,creditaccess-grameen-ipo,422.0,390.0,-7.58,422.05,0.01,,262.04,2018-08-23T00:00:00.000Z,2018-08-08,INE741K01010,541770.0,CREDITACC,1527.8,1529.4
897,,HDFC Asset Management Co.Ltd.,897.0,Mainboard,25-Jul-2018,06-Aug-2018,"BSE, NSE",INE127D01025,541729.0,HDFCAMC,hdfc-amc-ipo,1100.0,1726.25,56.93,1815.95,65.09,,151.1,2018-08-06T00:00:00.000Z,2018-07-25,INE127D01025,541729.0,HDFCAMC,2762.1,2761.2
904,,TCNS Clothing Co.Ltd.,904.0,Mainboard,18-Jul-2018,30-Jul-2018,"BSE, NSE",INE778U01029,541700.0,TCNS,tcns-clothing-ipo,716.0,716.0,0.0,659.15,-7.94,,-18.45,2018-07-30T00:00:00.000Z,2018-07-18,INE778U01029,541700.0,TCNSBRANDS,583.9,583.95
891,,Varroc Engineering Ltd.,891.0,Mainboard,26-Jun-2018,06-Jul-2018,"BSE, NSE",INE665L01035,541578.0,VARROC,varroc-engineering-ipo,967.0,1015.0,4.96,1037.35,7.28,,-31.73,2018-07-06T00:00:00.000Z,2018-06-26,INE665L01035,541578.0,VARROC,660.15,661.45
886,,RITES Ltd.,886.0,Mainboard,20-Jun-2018,02-Jul-2018,"BSE, NSE",INE320J01015,541556.0,RITES,rites-limited-ipo,185.0,190.0,2.7,213.3,15.3,,22.38,2018-07-02T00:00:00.000Z,2018-06-20,INE320J01015,541556.0,RITES,226.4,226.62
887,,Fine Organic Industries Ltd.,887.0,Mainboard,20-Jun-2018,02-Jul-2018,"BSE, NSE",INE686Y01026,541557.0,FINEORG,fine-organic-ipo,783.0,815.0,4.09,822.8,5.08,,538.54,2018-07-02T00:00:00.000Z,2018-06-20,INE686Y01026,541557.0,FINEORG,4999.75,4999.5
866,,IndoStar Capital Finance Ltd.,866.0,Mainboard,09-May-2018,21-May-2018,"BSE, NSE",INE896L01010,541336.0,INDOSTAR,indostar-capital-finance-ipo,572.0,600.0,4.9,586.1,2.47,,-52.81,2018-05-21T00:00:00.000Z,2018-05-09,INE896L01010,541336.0,INDOSTAR,269.95,269.55
846,,Lemon Tree Hotels Ltd.,846.0,Mainboard,26-Mar-2018,09-Apr-2018,"BSE, NSE",INE970X01018,541233.0,LEMONTREE,lemon-tree-ipo,56.0,61.6,10.0,71.65,27.95,,111.52,2018-04-09T00:00:00.000Z,2018-03-26,INE970X01018,541233.0,LEMONTREE,118.45,118.41
839,,ICICI Securities Ltd.,839.0,Mainboard,22-Mar-2018,04-Apr-2018,"BSE, NSE",INE763G01038,541179.0,ISEC,icici-securities-ipo,520.0,435.0,-16.35,445.1,-14.4,,72.25,2018-04-04T00:00:00.000Z,2018-03-22,INE763G01038,541179.0,ISEC,895.7,896.2
835,,Mishra Dhatu Nigam Ltd.,835.0,Mainboard,21-Mar-2018,04-Apr-2018,"BSE, NSE",INE099Z01011,541195.0,MIDHANI,mishra-dhatu-nigam-ipo,90.0,87.0,-3.33,90.05,0.06,,362.28,2018-04-04T00:00:00.000Z,2018-03-21,INE099Z01011,541195.0,MIDHANI,416.05,415.9
834,,Sandhar Technologies Ltd.,834.0,Mainboard,19-Mar-2018,02-Apr-2018,"BSE, NSE",INE278H01035,541163.0,SANDHAR,sandhar-technologies-ipo,332.0,346.1,4.25,322.15,-2.97,,102.8,2018-04-02T00:00:00.000Z,2018-03-19,INE278H01035,541163.0,SANDHAR,673.3,672.5
832,,Karda Constructions Ltd.,832.0,Mainboard,16-Mar-2018,02-Apr-2018,"BSE, NSE",INE278R01034,541161.0,DHARAN,karda-construction-ipo,180.0,136.0,-24.44,142.8,-20.67,,-98.94,2018-04-02T00:00:00.000Z,2018-03-16,INE278R01034,541161.0,DHARAN,0.19,0.57
831,,Hindustan Aeronautics Ltd.,831.0,Mainboard,16-Mar-2018,28-Mar-2018,"BSE, NSE",INE066F01020,541154.0,HAL,hindustan-aeronautics-ipo,1215.0,1152.0,-5.19,1132.85,-6.76,,641.82,2018-03-28T00:00:00.000Z,2018-03-16,INE066F01020,541154.0,HAL,4506.55,4506.8
822,,Bandhan Bank Ltd.,822.0,Mainboard,15-Mar-2018,27-Mar-2018,"BSE, NSE",INE545U01014,541153.0,BANDHANBNK,bandhan-bank-ipo,375.0,499.0,33.07,476.85,27.16,,-43.93,2018-03-27T00:00:00.000Z,2018-03-15,INE545U01014,541153.0,BANDHANBNK,210.25,210.0
827,,Bharat Dynamics Ltd.,827.0,Mainboard,13-Mar-2018,23-Mar-2018,"BSE, NSE",INE171Z01026,541143.0,BDL,bharat-dynamics-ipo,428.0,370.0,-13.55,389.8,-8.93,,528.43,2018-03-23T00:00:00.000Z,2018-03-13,INE171Z01026,541143.0,BDL,1344.85,1344.5
816,,H.G.Infra Engineering Ltd.,816.0,Mainboard,26-Feb-2018,09-Mar-2018,"BSE, NSE",INE926X01010,541019.0,HGINFRA,hg-infra-ipo,270.0,270.0,0.0,267.75,-0.83,,108.52,2018-03-09T00:00:00.000Z,2018-02-26,INE926X01010,541019.0,HGINFRA,563.0,563.65
810,,Aster DM Healthcare Ltd.,810.0,Mainboard,12-Feb-2018,26-Feb-2018,"BSE, NSE",INE914M01019,540975.0,ASTERDM,aster-dm-healthcare-ipo,190.0,183.0,-3.68,181.55,-4.45,,325.45,2018-02-26T00:00:00.000Z,2018-02-12,INE914M01019,540975.0,ASTERDM,808.35,808.9
798,,Galaxy Surfactants Ltd.,798.0,Mainboard,29-Jan-2018,08-Feb-2018,"BSE, NSE",INE600K01018,540935.0,GALAXYSURF,galaxy-surfactants-ipo,1480.0,1525.0,3.04,1700.45,14.9,,35.33,2018-02-08T00:00:00.000Z,2018-01-29,INE600K01018,540935.0,GALAXYSURF,2002.95,2000.7
792,,Amber Enterprises India Ltd.,792.0,Mainboard,17-Jan-2018,30-Jan-2018,"BSE, NSE",INE371P01015,540902.0,AMBER,amber-enterprises-ipo,859.0,1175.0,36.79,1245.25,44.97,,805.8,2018-01-30T00:00:00.000Z,2018-01-17,INE371P01015,540902.0,AMBER,7780.8,7779.0
791,,Newgen Software Technologies Ltd.,791.0,Mainboard,16-Jan-2018,29-Jan-2018,"BSE, NSE",INE619B01017,540900.0,NEWGEN,newgen-software-ipo,245.0,254.1,3.71,252.4,3.02,,111.24,2018-01-29T00:00:00.000Z,2018-01-16,INE619B01017,540900.0,NEWGEN,517.55,517.2
788,,Apollo Micro Systems Ltd.,788.0,Mainboard,10-Jan-2018,22-Jan-2018,"BSE, NSE",INE713T01028,540879.0,APOLLO,apollo-micro-systems-ipo,275.0,465.0,69.09,441.75,60.64,,1386.73,2018-01-22T00:00:00.000Z,2018-01-10,INE713T01028,540879.0,APOLLO,408.85,408.85
1027,,Prince Pipes & Fittings Ltd.,1027.0,Mainboard,18-Dec-2019,30-Dec-2019,"BSE, NSE",INE689W01016,542907.0,PRINCEPIPE,prince-pipes-ipo,178.0,160.0,-10.11,166.9,-6.24,,50.22,2019-12-30T00:00:00.000Z,2019-12-18,INE689W01016,542907.0,PRINCEPIPE,267.4,267.65
1023,,Ujjivan Small Finance Bank Ltd.,1023.0,Mainboard,02-Dec-2019,12-Dec-2019,"BSE, NSE",INE551W01018,542904.0,UJJIVANSFB,ujjivan-bank-ipo,37.0,58.75,58.78,55.95,51.22,,76.41,2019-12-12T00:00:00.000Z,2019-12-02,INE551W01018,542904.0,UJJIVANSFB,65.27,65.27
1021,,CSB Bank Ltd.,1021.0,Mainboard,22-Nov-2019,04-Dec-2019,"BSE, NSE",INE679A01013,542867.0,CSBBANK,csb-bank-ipo,195.0,275.0,41.03,300.05,53.87,,84.87,2019-12-04T00:00:00.000Z,2019-11-22,INE679A01013,542867.0,CSBBANK,360.5,360.4
1016,,Vishwaraj Sugar Industries Ltd.,1016.0,Mainboard,30-Sep-2019,15-Oct-2019,"BSE, NSE",INE430N01022,542852.0,VISHWARAJ,vishwaraj-ipo,60.0,61.2,2.0,60.35,0.58,,-55.5,2019-10-15T00:00:00.000Z,2019-09-30,INE430N01022,542852.0,VISHWARAJ,5.34,5.37
1018,,Indian Railway Catering & Tourism Corp.Ltd.,1018.0,Mainboard,30-Sep-2019,14-Oct-2019,"BSE, NSE",INE335Y01020,542830.0,IRCTC,irctc-ipo,320.0,626.0,95.62,727.75,127.42,,686.56,2019-10-14T00:00:00.000Z,2019-09-30,INE335Y01020,542830.0,IRCTC,503.4,503.25
1007,,Sterling & Wilson Solar Ltd.,1007.0,Mainboard,06-Aug-2019,20-Aug-2019,"BSE, NSE",INE00M201021,542760.0,SWSL,sterling-and-wilson-ipo,780.0,706.0,-9.49,726.2,-6.9,,-69.67,2019-08-20T00:00:00.000Z,2019-08-06,INE00M201021,542760.0,SWSOLAR,236.55,236.55
1006,,Spandana Sphoorty Financial Ltd.,1006.0,Mainboard,05-Aug-2019,19-Aug-2019,"BSE, NSE",INE572J01011,542759.0,SPANDANA,spandana-sphoorty-ipo,856.0,825.0,-3.62,847.8,-0.96,,-64.32,2019-08-19T00:00:00.000Z,2019-08-05,INE572J01011,542759.0,SPANDANA,305.4,305.85
1005,,Affle (India) Ltd.,1005.0,Mainboard,29-Jul-2019,08-Aug-2019,"BSE, NSE",INE00WC01027,542752.0,AFFLE,affle-ipo,745.0,926.0,24.3,873.65,17.27,,893.59,2019-08-08T00:00:00.000Z,2019-07-29,INE00WC01027,542752.0,AFFLE,1480.45,1480.4
998,,IndiaMART InterMESH Ltd.,998.0,Mainboard,24-Jun-2019,04-Jul-2019,"BSE, NSE",INE933S01016,542726.0,INDIAMART,india-mart-ipo,973.0,1180.0,21.27,1301.95,33.81,,97.67,2019-07-04T00:00:00.000Z,2019-06-24,INE933S01016,542726.0,INDIAMART,1923.35,1924.0
984,,Neogen Chemicals Ltd.,984.0,Mainboard,24-Apr-2019,08-May-2019,"BSE, NSE",INE136S01016,542665.0,NEOGEN,neogen-chemicals-ipo,215.0,251.0,16.74,263.55,22.58,,868.53,2019-05-08T00:00:00.000Z,2019-04-24,INE136S01016,542665.0,NEOGEN,2082.35,2085.1
979,,Polycab India Ltd.,979.0,Mainboard,05-Apr-2019,16-Apr-2019,"BSE, NSE",INE455K01017,542652.0,POLYCAB,polycab-ipo,538.0,633.0,17.66,654.8,21.71,,1611.61,2019-04-16T00:00:00.000Z,2019-04-05,INE455K01017,542652.0,POLYCAB,9208.45,9210.5
978,,Metropolis Healthcare Ltd.,978.0,Mainboard,03-Apr-2019,15-Apr-2019,"BSE, NSE",INE112L01020,542650.0,METROPOLIS,metropolis-ipo,880.0,958.0,8.86,959.85,9.07,,-35.59,2019-04-15T00:00:00.000Z,2019-04-03,INE112L01020,542650.0,METROPOLIS,566.8,567.95
980,,Rail Vikas Nigam Ltd.,980.0,Mainboard,29-Mar-2019,11-Apr-2019,"BSE, NSE",INE415G01027,542649.0,RVNL,rail-vikas-ipo,19.0,19.0,0.0,19.05,0.26,,1125.26,2019-04-11T00:00:00.000Z,2019-03-29,INE415G01027,542649.0,RVNL,232.8,232.67
969,,MSTC Ltd.,969.0,Mainboard,13-Mar-2019,29-Mar-2019,"BSE, NSE",INE255X01014,542597.0,MSTC,mstc-limited-ipo,120.0,115.0,-4.17,113.95,-5.04,,458.54,2019-03-29T00:00:00.000Z,2019-03-13,INE255X01014,542597.0,MSTCLTD,670.25,670.65
917,,Chalet Hotels Ltd.,917.0,Mainboard,29-Jan-2019,07-Feb-2019,"BSE, NSE",INE427F01016,542399.0,CHALET,chalet-hotels-ipo,280.0,291.0,3.93,291.7,4.18,,199.79,2019-02-07T00:00:00.000Z,2019-01-29,INE427F01016,542399.0,CHALET,839.4,839.75
936,,Xelpmoc Design & Tech Ltd.,936.0,Mainboard,23-Jan-2019,04-Feb-2019,"BSE, NSE",INE01P501012,542367.0,XELPMOC,xelpmoc-design-tech-ipo,66.0,,,59.85,-9.32,,27.88,2019-02-04T00:00:00.000Z,2019-01-23,INE01P501012,542367.0,XELPMOC,84.4,83.34
1078,,Antony Waste Handling Cell Ltd.,1078.0,Mainboard,21-Dec-2020,01-Jan-2021,"BSE, NSE",INE01BK01022,543254.0,ANTONY,antony-waste-ipo,315.0,436.1,38.44,407.35,29.32,,48.25,2021-01-01T00:00:00.000Z,2020-12-21,INE01BK01022,543254.0,AWHCL,467.0,464.85
1077,,Mrs.Bectors Food Specialities Ltd.,1077.0,Mainboard,15-Dec-2020,24-Dec-2020,"BSE, NSE",INE495P01020,543253.0,BECTORFOOD,mrs-bectors-food-ipo,288.0,500.0,73.61,594.2,106.32,,194.18,2020-12-24T00:00:00.000Z,2020-12-15,INE495P01020,543253.0,BECTORFOOD,169.45,169.37
1075,,Burger King India Ltd.,1075.0,Mainboard,02-Dec-2020,14-Dec-2020,"BSE, NSE",INE07T201019,543248.0,BURGERKING,burger-king-ipo,60.0,112.5,87.5,135.0,125.0,,21.82,2020-12-14T00:00:00.000Z,2020-12-02,INE07T201019,543248.0,RBA,73.09,73.52
1072,,Gland Pharma Ltd.,1072.0,Mainboard,09-Nov-2020,20-Nov-2020,"BSE, NSE",INE068V01023,543245.0,GLAND,gland-pharma-ipo,1500.0,1710.0,14.0,1819.55,21.3,,65.31,2020-11-20T00:00:00.000Z,2020-11-09,INE068V01023,543245.0,GLAND,2479.7,2479.4
1040,,Equitas Small Finance Bank Ltd.,1040.0,Mainboard,20-Oct-2020,02-Nov-2020,"BSE, NSE",INE063P01018,543243.0,EQUITASSFB,equitas-small-finance-bank-ipo,33.0,31.1,-5.76,32.8,-0.61,,149.12,2020-11-02T00:00:00.000Z,2020-10-20,INE063P01018,543243.0,EQUITASBNK,82.21,82.24
1062,,Likhitha Infrastructure Ltd.,1062.0,Mainboard,29-Sep-2020,15-Oct-2020,"BSE, NSE",INE060901027,543240.0,LIKHITHA,likhitha-infrastructure-ipo,120.0,130.0,8.33,136.5,13.75,,306.33,2020-10-15T00:00:00.000Z,2020-09-29,INE060901027,543240.0,LIKHITHA,243.8,243.0
1052,,UTI Asset Management Co.Ltd.,1052.0,Mainboard,29-Sep-2020,12-Oct-2020,"BSE, NSE",INE094J01016,543238.0,UTIAMC,uti-amc-ipo,554.0,500.0,-9.75,476.2,-14.04,,81.21,2020-10-12T00:00:00.000Z,2020-09-29,INE094J01016,543238.0,UTIAMC,1003.9,1004.3
1064,,Mazagon Dock Shipbuilders Ltd.,1064.0,Mainboard,29-Sep-2020,12-Oct-2020,"BSE, NSE",INE249Z01020,543237.0,MAZDOCK,mazagon-dock-ipo,145.0,214.9,48.21,171.95,18.59,,3238.07,2020-10-12T00:00:00.000Z,2020-09-29,INE249Z01020,543237.0,MAZDOCK,2420.1,2420.1
1057,,Angel Broking Ltd.,1057.0,Mainboard,22-Sep-2020,05-Oct-2020,"BSE, NSE",INE732I01021,543235.0,ANGELBRKG,angel-broking-ipo,306.0,275.0,-10.13,275.8,-9.87,,1031.05,2020-10-05T00:00:00.000Z,2020-09-22,INE732I01021,543235.0,ANGELONE,346.1,346.05
1055,,Computer Age Management Services Ltd.,1055.0,Mainboard,21-Sep-2020,01-Oct-2020,BSE,INE596I01020,543232.0,CAMS,cams-ipo,1230.0,1518.0,23.41,1401.6,13.95,,220.98,2020-10-01T00:00:00.000Z,2020-09-21,INE596I01020,543232.0,CAMS,789.6,790.5
1060,,Chemcon Speciality Chemicals Ltd.,1060.0,Mainboard,21-Sep-2020,01-Oct-2020,"BSE, NSE",INE03YM01018,543233.0,CHEMCON,chemcon-ipo,340.0,731.0,115.0,584.8,72.0,,-45.59,2020-10-01T00:00:00.000Z,2020-09-21,INE03YM01018,543233.0,CHEMCON,185.0,184.0
1058,,Route Mobile Ltd.,1058.0,Mainboard,09-Sep-2020,21-Sep-2020,"BSE, NSE",INE450U01017,543228.0,ROUTE,route-mobile-ipo,350.0,717.0,104.86,651.3,86.09,,56.09,2020-09-21T00:00:00.000Z,2020-09-09,INE450U01017,543228.0,ROUTE,546.3,546.25
1056,,Happiest Minds Technologies Ltd.,1056.0,Mainboard,07-Sep-2020,17-Sep-2020,"BSE, NSE",INE419U01012,543227.0,HAPPSTMNDS,happiest-minds-ipo,166.0,350.0,110.84,370.95,123.46,,132.68,2020-09-17T00:00:00.000Z,2020-09-07,INE419U01012,543227.0,HAPPSTMNDS,386.25,386.3
1049,,Rossari Biotech Ltd.,1049.0,Mainboard,13-Jul-2020,23-Jul-2020,"BSE, NSE",INE02A801020,543213.0,ROSSARI,rossari-biotech-ipo,425.0,669.25,57.47,741.65,74.51,,23.69,2020-07-23T00:00:00.000Z,2020-07-13,INE02A801020,543213.0,ROSSARI,525.7,524.2
1025,,SBI Cards & Payment Services Ltd.,1025.0,Mainboard,02-Mar-2020,16-Mar-2020,"BSE, NSE",INE018E01016,543066.0,SBICARDS,sbi-cards-ipo,755.0,661.0,-12.45,681.4,-9.75,,-18.99,2020-03-16T00:00:00.000Z,2020-03-02,INE018E01016,543066.0,SBICARD,611.65,611.65
1203,,CMS Info Systems Ltd.,1203.0,Mainboard,21-Dec-2021,31-Dec-2021,"BSE, NSE",INE925R01014,543441.0,CMSINFO,cms-info-systems-ipo,216.0,220.2,1.94,238.2,10.28,,21.55,2021-12-31T00:00:00.000Z,2021-12-21,INE925R01014,543441.0,CMSINFO,262.55,262.4
1197,,Supriya Lifescience Ltd.,1197.0,Mainboard,16-Dec-2021,28-Dec-2021,"BSE, NSE",INE07RO01027,543434.0,SUPRIYA,supriya-lifescience-ipo,274.0,421.0,53.65,390.85,42.65,,211.62,2021-12-28T00:00:00.000Z,2021-12-16,INE07RO01027,543434.0,SUPRIYA,853.85,854.6
1194,,HP Adhesives Ltd.,1194.0,Mainboard,15-Dec-2021,27-Dec-2021,"BSE, NSE",INE0GSL01024,543433.0,HPAL,hp-adhesives-ipo,274.0,315.0,14.96,330.75,20.71,,-36.42,2021-12-27T00:00:00.000Z,2021-12-15,INE0GSL01024,543433.0,HPAL,34.84,34.75
1190,,Data Patterns (India) Ltd.,1190.0,Mainboard,14-Dec-2021,24-Dec-2021,"BSE, NSE",INE0IX101010,543428.0,DATAPATTNS,data-patterns-ipo,585.0,856.05,46.33,755.0,29.06,,642.2,2021-12-24T00:00:00.000Z,2021-12-14,INE0IX101010,543428.0,DATAPATTNS,4341.85,4343.0
1195,,Medplus Health Services Ltd.,1195.0,Mainboard,13-Dec-2021,23-Dec-2021,"BSE, NSE",INE804L01022,543427.0,MEDPLUS,medplus-health-ipo,796.0,1040.0,30.65,1121.15,40.85,,3.7,2021-12-23T00:00:00.000Z,2021-12-13,INE804L01022,543427.0,MEDPLUS,825.45,826.1
1193,,Metro Brands Ltd.,1193.0,Mainboard,10-Dec-2021,22-Dec-2021,"BSE, NSE",INE317I01021,543426.0,METROBRAND,metro-brands-ipo,500.0,437.0,-12.6,493.35,-1.33,,112.91,2021-12-22T00:00:00.000Z,2021-12-10,INE317I01021,543426.0,METROBRAND,1064.55,1059.6
1187,,C.E.Info systems Ltd.,1187.0,Mainboard,09-Dec-2021,21-Dec-2021,"BSE, NSE",INE0BV301023,543425.0,MAPMYINDIA,mapmyindia-ipo,1033.0,1565.0,51.5,1393.65,34.91,,4.89,2021-12-21T00:00:00.000Z,2021-12-09,INE0BV301023,543425.0,MAPMYINDIA,1083.5,1083.35
1191,,Shriram Properties Ltd.,1191.0,Mainboard,08-Dec-2021,20-Dec-2021,"BSE, NSE",INE217L01019,543419.0,SHRIRAMPPS,shriram-properties-ipo,118.0,90.0,-23.73,99.6,-15.59,,-23.81,2021-12-20T00:00:00.000Z,2021-12-08,INE217L01019,543419.0,SHRIRAMPPS,89.91,89.96
1189,,Rategain Travel Technologies Ltd.,1189.0,Mainboard,07-Dec-2021,17-Dec-2021,"BSE, NSE",INE0CLI01024,543417.0,RATEGAIN,rategain-ipo,425.0,360.0,-15.29,340.05,-19.99,,121.93,2021-12-17T00:00:00.000Z,2021-12-07,INE0CLI01024,543417.0,RATEGAIN,943.2,944.7
1186,,Anand Rathi Wealth Ltd.,1186.0,Mainboard,02-Dec-2021,14-Dec-2021,"BSE, NSE",INE463V01026,543415.0,ARWL,anand-rathi-ipo,550.0,600.0,9.09,583.55,6.1,,290.97,2021-12-14T00:00:00.000Z,2021-12-02,INE463V01026,543415.0,ANANDRATHI,2150.35,2146.8
1185,,Tega Industries Ltd.,1185.0,Mainboard,01-Dec-2021,13-Dec-2021,"BSE, NSE",INE011K01018,543413.0,TEGA,tega-industries-ipo,453.0,760.0,67.77,726.05,60.28,,268.23,2021-12-13T00:00:00.000Z,2021-12-01,INE011K01018,543413.0,TEGA,1668.1,1669.0
1184,,Star Health & Allied Insurance Co.Ltd.,1184.0,Mainboard,30-Nov-2021,10-Dec-2021,"BSE, NSE",INE575P01011,543412.0,STARHEALTH,star-health-ipo,900.0,845.0,-6.11,906.85,0.76,,-32.98,2021-12-10T00:00:00.000Z,2021-11-30,INE575P01011,543412.0,STARHEALTH,603.2,603.25
1181,,Go Fashion (India) Ltd.,1181.0,Mainboard,17-Nov-2021,30-Nov-2021,"BSE, NSE",INE0BJS01011,543401.0,GOCOLORS,gocolors-ipo,690.0,1310.0,89.86,1253.7,81.7,,-50.72,2021-11-30T00:00:00.000Z,2021-11-17,INE0BJS01011,543401.0,GOCOLORS,340.0,340.05
1179,,Tarsons Products Ltd.,1179.0,Mainboard,15-Nov-2021,26-Nov-2021,"BSE, NSE",INE144Z01023,543399.0,TARSONS,tarsons-products-ipo,662.0,682.0,3.02,818.4,23.63,,-54.0,2021-11-26T00:00:00.000Z,2021-11-15,INE144Z01023,543399.0,TARSONS,304.55,303.3
1178,,Latent View Analytics Ltd.,1178.0,Mainboard,10-Nov-2021,23-Nov-2021,"BSE, NSE",INE0I7C01011,543398.0,LATENTVIEW,latent-view-analytics-ipo,197.0,512.2,160.0,488.75,148.1,,52.99,2021-11-23T00:00:00.000Z,2021-11-10,INE0I7C01011,543398.0,LATENTVIEW,301.4,301.15
1177,,Sapphire Foods India Ltd.,1177.0,Mainboard,09-Nov-2021,18-Nov-2021,"BSE, NSE",INE806T01020,543397.0,SAPPHIRE,sapphire-foods-ipo,1180.0,1350.0,14.41,1211.55,2.67,,-22.58,2021-11-18T00:00:00.000Z,2021-11-09,INE806T01020,543397.0,SAPPHIRE,182.7,182.65
1128,,One 97 Communications Ltd.,1128.0,Mainboard,08-Nov-2021,18-Nov-2021,"BSE, NSE",INE982J01020,543396.0,PAYTM,paytm-ipo,2150.0,1950.0,-9.3,1560.8,-27.4,,-37.57,2021-11-18T00:00:00.000Z,2021-11-08,INE982J01020,543396.0,PAYTM,1342.15,1341.8
1175,,Sigachi Industries Ltd.,1175.0,Mainboard,01-Nov-2021,15-Nov-2021,"BSE, NSE",INE0D0K01022,543389.0,SIGACHI,sigachi-industries-ipo,163.0,570.0,249.69,598.5,267.18,,38.77,2021-11-15T00:00:00.000Z,2021-11-01,INE0D0K01022,543389.0,SIGACHI,22.62,22.67
1168,,S.J.S.Enterprises Ltd.,1168.0,Mainboard,01-Nov-2021,15-Nov-2021,"BSE, NSE",INE284S01014,543387.0,SJS,sjs-enterprises-ipo,542.0,542.0,0.0,510.2,-5.87,,301.87,2021-11-15T00:00:00.000Z,2021-11-01,INE284S01014,543387.0,SJS,2178.15,2183.4
1172,,PB Fintech Ltd.,1172.0,Mainboard,01-Nov-2021,15-Nov-2021,"BSE, NSE",INE417T01026,543390.0,POLICYBZR,policybazaar-ipo,980.0,1150.0,17.35,1202.3,22.68,,61.28,2021-11-15T00:00:00.000Z,2021-11-01,INE417T01026,543390.0,POLICYBZR,1580.55,1580.4
1166,,Fino Payments Bank Ltd.,1166.0,Mainboard,29-Oct-2021,12-Nov-2021,"BSE, NSE",INE02NC01014,543386.0,FINO,fino-payments-bank-ipo,577.0,544.35,-5.66,543.9,-5.74,,-76.53,2021-11-12T00:00:00.000Z,2021-10-29,INE02NC01014,543386.0,FINOPB,135.45,135.4
1170,,FSN E-Commerce Ventures Ltd.,1170.0,Mainboard,28-Oct-2021,10-Nov-2021,"BSE, NSE",INE388Y01029,543384.0,NYKAA,nykaa-ipo,1125.0,2018.0,79.38,2205.8,96.07,,-70.67,2021-11-10T00:00:00.000Z,2021-10-28,INE388Y01029,543384.0,NYKAA,330.0,330.1
1151,,Aditya Birla Sun Life AMC Ltd.,1151.0,Mainboard,29-Sep-2021,11-Oct-2021,"BSE, NSE",INE404A01024,543374.0,ABSLAMC,aditya-birla-sun-life-amc-ipo,712.0,715.0,0.42,699.45,-1.76,,60.8,2021-10-11T00:00:00.000Z,2021-09-29,INE404A01024,543374.0,ABSLAMC,1144.9,1146.6
1153,,Paras Defence & Space Technologies Ltd.,1153.0,Mainboard,21-Sep-2021,01-Oct-2021,"BSE, NSE",INE045601023,543367.0,PDSTL,paras-defence-and-space-technologies-ipo,175.0,469.0,168.0,492.45,181.4,,1331.2,2021-10-01T00:00:00.000Z,2021-09-21,INE045601023,543367.0,PARAS,1252.3,1253.1
1149,,Sansera Engineering Ltd.,1149.0,Mainboard,14-Sep-2021,24-Sep-2021,"BSE, NSE",INE953O01021,543358.0,SANSERA,sansera-engineering-ipo,744.0,811.5,9.07,818.55,10.02,,344.42,2021-09-24T00:00:00.000Z,2021-09-14,INE953O01021,543358.0,SANSERA,3306.45,3304.0
1145,,Vijaya Diagnostic Centre Ltd.,1145.0,Mainboard,01-Sep-2021,14-Sep-2021,"BSE, NSE",INE043W01024,543350.0,VIJAYA,vijaya-diagnostic-ipo,531.0,540.0,1.69,620.1,16.78,,161.67,2021-09-14T00:00:00.000Z,2021-09-01,INE043W01024,543350.0,VIJAYA,1389.45,1389.1
1143,,Ami Organics Ltd.,1143.0,Mainboard,01-Sep-2021,14-Sep-2021,"BSE, NSE",INE00FF01025,543349.0,AMIORG,ami-organics-ipo,610.0,910.0,49.18,935.0,53.28,,456.39,2021-09-14T00:00:00.000Z,2021-09-01,INE00FF01025,543349.0,ACUTAAS,3393.95,3400.8
1141,,Chemplast Sanmar Ltd.,1141.0,Mainboard,10-Aug-2021,24-Aug-2021,"BSE, NSE",INE488A01050,543336.0,CHEMPLAST,chemplast-sanmar-ipo,541.0,550.0,1.66,535.6,-1.0,,-63.04,2021-08-24T00:00:00.000Z,2021-08-10,INE488A01050,543336.0,CHEMPLASTS,199.95,201.07
1140,,Aptus Value Housing Finance India Ltd.,1140.0,Mainboard,10-Aug-2021,24-Aug-2021,"BSE, NSE",INE852O01025,543335.0,APTUS,aptus-value-housing-finance-ipo,353.0,333.0,-5.67,346.9,-1.73,,-19.62,2021-08-24T00:00:00.000Z,2021-08-10,INE852O01025,543335.0,APTUS,283.75,283.8
1133,,Nuvoco Vistas Corp.Ltd.,1133.0,Mainboard,09-Aug-2021,23-Aug-2021,"BSE, NSE",INE118D01016,543334.0,NUVOCO,nuvoco-ipo,570.0,485.0,-14.91,531.7,-6.72,,-43.85,2021-08-23T00:00:00.000Z,2021-08-09,INE118D01016,543334.0,NUVOCO,320.05,320.2
1137,,CarTrade Tech Ltd.,1137.0,Mainboard,09-Aug-2021,20-Aug-2021,"BSE, NSE",INE290S01011,543333.0,CARTRADE,cartrade-tech-ipo,1618.0,1599.8,-1.12,1501.05,-7.23,,73.61,2021-08-20T00:00:00.000Z,2021-08-09,INE290S01011,543333.0,CARTRADE,2808.95,2809.9
1138,,Krsnaa Diagnostics Ltd.,1138.0,Mainboard,04-Aug-2021,16-Aug-2021,"BSE, NSE",INE08LI01020,543328.0,KRSNAA,krsnaa-diagnostics-ipo,954.0,1005.55,5.4,987.0,3.46,,-41.61,2021-08-16T00:00:00.000Z,2021-08-04,INE08LI01020,543328.0,KRSNAA,557.0,556.65
1136,,Devyani International Ltd.,1136.0,Mainboard,04-Aug-2021,16-Aug-2021,"BSE, NSE",INE872J01023,543330.0,DEVYANI,devyani-international-ipo,90.0,140.9,56.56,123.5,37.22,,24.78,2021-08-16T00:00:00.000Z,2021-08-04,INE872J01023,543330.0,DEVYANI,112.3,112.47
1135,,Windlas Biotech Ltd.,1135.0,Mainboard,04-Aug-2021,16-Aug-2021,"BSE, NSE",INE0H5O01029,543329.0,WINDLAS,windlas-biotech-ipo,460.0,437.0,-5.0,407.15,-11.49,,80.39,2021-08-16T00:00:00.000Z,2021-08-04,INE0H5O01029,543329.0,WINDLAS,829.8,829.95
1134,,Exxaro Tiles Ltd.,1134.0,Mainboard,04-Aug-2021,16-Aug-2021,"BSE, NSE",INE0GFE01026,543327.0,EXXARO,exxaro-tiles-ipo,120.0,126.0,5.0,132.3,10.25,,-45.25,2021-08-16T00:00:00.000Z,2021-08-04,INE0GFE01026,543327.0,EXXARO,6.57,6.55
1129,,Rolex Rings Ltd.,1129.0,Mainboard,28-Jul-2021,09-Aug-2021,"BSE, NSE",INE645S01024,543325.0,ROLEX,rolex-rings-ipo,900.0,1250.0,38.89,1167.0,29.67,,56.61,2021-08-09T00:00:00.000Z,2021-07-28,INE645S01024,543325.0,ROLEXRINGS,140.95,141.07
1124,,Glenmark Life Sciences Ltd.,1124.0,Mainboard,27-Jul-2021,06-Aug-2021,"BSE, NSE",INE03Q201024,543322.0,GLS,glenmark-life-sciences-ipo,720.0,750.0,4.17,748.5,3.96,,61.17,2021-08-06T00:00:00.000Z,2021-07-27,INE03Q201024,543322.0,ALIVUS,1160.45,1160.1
1127,,Tatva Chintan Pharma Chem Ltd.,1127.0,Mainboard,16-Jul-2021,29-Jul-2021,"BSE, NSE",INE0GK401011,543321.0,TATVA,tatva-chintan-pharma-ipo,1083.0,2111.85,95.0,2312.2,113.5,,22.07,2021-07-29T00:00:00.000Z,2021-07-16,INE0GK401011,543321.0,TATVA,1322.0,1326.5
1126,,Zomato Ltd.,1126.0,Mainboard,14-Jul-2021,23-Jul-2021,"BSE, NSE",INE758T01015,543320.0,ZOMATO,zomato-ipo,76.0,115.0,51.32,125.85,65.59,,281.12,2021-07-23T00:00:00.000Z,2021-07-14,INE758T01015,543320.0,ETERNAL,289.65,289.65
1123,,Clean Science & Technology Ltd.,1123.0,Mainboard,07-Jul-2021,19-Jul-2021,"BSE, NSE",INE227W01023,543318.0,CLEAN,clean-science-and-technology-ipo,900.0,1755.0,95.0,1585.25,76.14,,-14.44,2021-07-19T00:00:00.000Z,2021-07-07,INE227W01023,543318.0,CLEAN,770.05,770.05
1122,,G R Infraprojects Ltd.,1122.0,Mainboard,07-Jul-2021,19-Jul-2021,"BSE, NSE",INE201P01022,543317.0,GRINFRA,g-r-infraprojects-ipo,837.0,1715.85,105.0,1747.1,108.73,,8.58,2021-07-19T00:00:00.000Z,2021-07-07,INE201P01022,543317.0,GRINFRA,908.8,909.1
1119,,India Pesticides Ltd.,1119.0,Mainboard,23-Jun-2021,05-Jul-2021,"BSE, NSE",INE0D6701023,543311.0,IPL,india-pesticides-ipo,296.0,350.0,18.24,343.15,15.93,,-46.96,2021-07-05T00:00:00.000Z,2021-06-23,INE0D6701023,543311.0,IPL,157.0,157.4
1115,,Krishna Institute of Medical Sciences Ltd.,1115.0,Mainboard,16-Jun-2021,28-Jun-2021,"BSE, NSE",INE967H01025,543308.0,KIMS,kims-ipo,825.0,1009.0,22.3,996.95,20.84,,394.21,2021-06-28T00:00:00.000Z,2021-06-16,INE967H01025,543308.0,KIMS,815.45,814.9
1114,,Dodla Dairy Ltd.,1114.0,Mainboard,16-Jun-2021,28-Jun-2021,"BSE, NSE",INE021O01019,543306.0,DODLA,dodla-dairy-ipo,428.0,550.0,28.5,609.9,42.5,,160.7,2021-06-28T00:00:00.000Z,2021-06-16,INE021O01019,543306.0,DODLA,1115.8,1118.1
1112,,Sona BLW Precision Forgings Ltd.,1112.0,Mainboard,14-Jun-2021,24-Jun-2021,"BSE, NSE",INE073K01018,543300.0,SONACOMS,sona-comstar-ipo,291.0,301.0,3.44,361.2,24.12,,129.55,2021-06-24T00:00:00.000Z,2021-06-14,INE073K01018,543300.0,SONACOMS,668.0,668.55
1109,,Shyam Metalics & Energy Ltd.,1109.0,Mainboard,14-Jun-2021,24-Jun-2021,"BSE, NSE",INE810G01011,543299.0,SHYMMETAL,shyam-metalics-ipo,306.0,380.0,24.18,376.15,22.92,,218.04,2021-06-24T00:00:00.000Z,2021-06-14,INE810G01011,543299.0,SHYAMMETL,973.2,975.1
1107,,Macrotech Developers Ltd.,1107.0,Mainboard,07-Apr-2021,19-Apr-2021,"BSE, NSE",INE670K01029,543287.0,LODHA,lodha-developers-ipo,486.0,436.0,-10.29,465.25,-4.27,,151.27,2021-04-19T00:00:00.000Z,2021-04-07,INE670K01029,543287.0,LODHA,1221.15,1220.75
1102,,Barbeque-Nation Hospitality Ltd.,1102.0,Mainboard,24-Mar-2021,07-Apr-2021,"BSE, NSE",INE382M01027,543283.0,BARBEQUE,barbeque-nation-ipo,500.0,489.85,-2.03,587.8,17.56,,51.67,2021-04-07T00:00:00.000Z,2021-03-24,INE382M01027,543283.0,BARBEQUE,758.35,224.87
1092,,Nazara Technologies Ltd.,1092.0,Mainboard,17-Mar-2021,30-Mar-2021,"BSE, NSE",INE418L01047,543280.0,NAZARA,nazara-technologies-ipo,1101.0,1990.0,80.74,1592.0,44.6,,-44.77,2021-03-30T00:00:00.000Z,2021-03-17,INE418L01047,543280.0,NAZARA,304.05,304.3
1099,,Suryoday Small Finance Bank Ltd.,1099.0,Mainboard,17-Mar-2021,26-Mar-2021,"BSE, NSE",INE428Q01011,543279.0,SURYODAY,suryoday-small-finance-bank-ipo,305.0,292.0,-4.26,277.8,-8.92,,-39.57,2021-03-26T00:00:00.000Z,2021-03-17,INE428Q01011,543279.0,SURYODAY,184.3,184.31
1098,,Kalyan Jewellers India Ltd.,1098.0,Mainboard,16-Mar-2021,26-Mar-2021,"BSE, NSE",INE303R01014,543278.0,KALYAN,kalyan-jewellers-ipo,87.0,73.95,-15.0,75.2,-13.56,,447.41,2021-03-26T00:00:00.000Z,2021-03-16,INE303R01014,543278.0,KALYANKJIL,476.25,476.15
1096,,Laxmi Organic Industries Ltd.,1096.0,Mainboard,15-Mar-2021,25-Mar-2021,"BSE, NSE",INE576O01020,543277.0,LXCHEM,laxmi-organic-ipo,130.0,155.5,19.62,164.45,26.5,,19.58,2021-03-25T00:00:00.000Z,2021-03-15,INE576O01020,543277.0,LXCHEM,155.45,155.51
1095,,Craftsman Automation Ltd.,1095.0,Mainboard,15-Mar-2021,25-Mar-2021,"BSE, NSE",INE00LO01017,543276.0,CRAFTSMAN,craftsman-automation-ipo,1490.0,1359.0,-8.79,1435.6,-3.65,,522.61,2021-03-25T00:00:00.000Z,2021-03-15,INE00LO01017,543276.0,CRAFTSMAN,9276.95,9301.0
1097,,Anupam Rasayan India Ltd.,1097.0,Mainboard,12-Mar-2021,24-Mar-2021,"BSE, NSE",INE930P01018,543275.0,ANURAS,anupam-rasayan-ipo,555.0,520.0,-6.31,526.8,-5.08,,128.39,2021-03-24T00:00:00.000Z,2021-03-12,INE930P01018,543275.0,ANURAS,1267.55,1268.0
1089,,Easy Trip Planners Ltd.,1089.0,Mainboard,08-Mar-2021,19-Mar-2021,"BSE, NSE",INE07O001026,543272.0,EASEMYTRIP,easemytrip-ipo,187.0,212.25,13.5,208.45,11.47,,-92.6,2021-03-19T00:00:00.000Z,2021-03-08,INE07O001026,543272.0,EASEMYTRIP,6.92,6.9
1088,,MTAR Technologies Ltd.,1088.0,Mainboard,03-Mar-2021,15-Mar-2021,"BSE, NSE",INE864I01014,543270.0,MTAR,mtar-technologies-ipo,575.0,1050.0,82.61,1082.5,88.26,,1135.5,2021-03-15T00:00:00.000Z,2021-03-03,INE864I01014,543270.0,MTARTECH,7104.1,7101.0
1085,,Heranba Industries Ltd.,1085.0,Mainboard,23-Feb-2021,05-Mar-2021,"BSE, NSE",INE694N01015,543266.0,HERANBA,heranba-industries-ipo,627.0,900.0,43.54,627.0,0.0,,-70.91,2021-03-05T00:00:00.000Z,2021-02-23,INE694N01015,543266.0,HERANBA,182.4,182.87
1073,,RailTel Corp.of India Ltd.,1073.0,Mainboard,16-Feb-2021,26-Feb-2021,"BSE, NSE",INE0DD101019,543265.0,RAILTEL,railtel-ipo,94.0,109.0,15.96,121.35,29.1,,227.34,2021-02-26T00:00:00.000Z,2021-02-16,INE0DD101019,543265.0,RAILTEL,307.7,307.5
1084,,Nureca Ltd.,1084.0,Mainboard,15-Feb-2021,25-Feb-2021,"BSE, NSE",INE0DSF01015,543264.0,NURECA,nureca-limited-ipo,400.0,615.0,53.75,645.75,61.44,,-41.52,2021-02-25T00:00:00.000Z,2021-02-15,INE0DSF01015,543264.0,NURECA,233.9,233.18
1081,,Stove Kraft Ltd.,1081.0,Mainboard,25-Jan-2021,05-Feb-2021,"BSE, NSE",INE00IN01015,543260.0,STOVEKRAFT,stove-kraft-ipo,385.0,498.0,29.35,445.95,15.83,,107.26,2021-02-05T00:00:00.000Z,2021-01-25,INE00IN01015,543260.0,STOVEKRAFT,797.95,798.95
1080,,Home First Finance Co.India Ltd.,1080.0,Mainboard,21-Jan-2021,03-Feb-2021,"BSE, NSE",INE481N01025,543259.0,HOMEFIRST,home-first-finance-ipo,518.0,618.8,19.46,527.55,1.84,,136.06,2021-02-03T00:00:00.000Z,2021-01-21,INE481N01025,543259.0,HOMEFIRST,1222.8,1222.7
1079,,Indigo Paints Ltd.,1079.0,Mainboard,20-Jan-2021,02-Feb-2021,"BSE, NSE",INE09VQ01012,543258.0,INDIGOPNTS,indigo-paints-ipo,1490.0,2607.5,75.0,3117.15,109.2,,-29.38,2021-02-02T00:00:00.000Z,2021-01-20,INE09VQ01012,543258.0,INDIGOPNTS,1052.25,1052.4
1076,,Indian Railway Finance Corp.Ltd.,1076.0,Mainboard,18-Jan-2021,29-Jan-2021,"BSE, NSE",INE053F01010,543257.0,IRFC,irfc-ipo,26.0,24.9,-4.23,24.8,-4.62,,245.69,2021-01-29T00:00:00.000Z,2021-01-18,INE053F01010,543257.0,IRFC,89.88,89.9
1347,,Sah Polymers Ltd.,1347.0,Mainboard,30-Dec-2022,12-Jan-2023,"BSE, NSE",INE035801013,543743.0,SAH,sah-polymers-ipo,65.0,85.0,30.77,89.25,37.31,,36.92,2023-01-12T00:00:00.000Z,2022-12-30,INE035801013,543743.0,SAH,89.0,104.75
1355,,Radiant Cash Management Services Ltd.,1355.0,Mainboard,23-Dec-2022,04-Jan-2023,"BSE, NSE",INE855R01021,543732.0,RADIANTCMS,radiant-cash-management-ipo,94.0,103.0,9.57,104.9,11.6,,-59.48,2023-01-04T00:00:00.000Z,2022-12-23,INE855R01021,543732.0,RADIANTCMS,38.09,38.07
1346,,Elin Electronics Ltd.,1346.0,Mainboard,20-Dec-2022,30-Dec-2022,"BSE, NSE",INE050401020,543725.0,ELIN,elin-electronics-ipo,247.0,244.0,-1.21,227.65,-7.83,,-59.27,2022-12-30T00:00:00.000Z,2022-12-20,INE050401020,543725.0,ELIN,100.6,100.31
1354,,KFin Technologies Ltd.,1354.0,Mainboard,19-Dec-2022,29-Dec-2022,"BSE, NSE",INE138Y01010,543720.0,KFINTECH,kfin-technologies-ipo,366.0,367.0,0.27,363.85,-0.59,,146.31,2022-12-29T00:00:00.000Z,2022-12-19,INE138Y01010,543720.0,KFINTECH,901.5,901.1
1338,,Landmark Cars Ltd.,1338.0,Mainboard,13-Dec-2022,23-Dec-2022,"BSE, NSE",INE559R01029,543714.0,LANDMARK,landmark-cars-ipo,506.0,471.0,-6.92,458.4,-9.41,,-16.12,2022-12-23T00:00:00.000Z,2022-12-13,INE559R01029,543714.0,LANDMARK,424.45,424.0
1350,,Abans Holdings Ltd.,1350.0,Mainboard,12-Dec-2022,23-Dec-2022,"BSE, NSE",INE00ZE01026,543712.0,AHL,abans-holdings-ipo,270.0,273.0,1.11,218.4,-19.11,,-25.07,2022-12-23T00:00:00.000Z,2022-12-12,INE00ZE01026,543712.0,AFSL,202.3,201.15
1345,,Sula Vineyards Ltd.,1345.0,Mainboard,12-Dec-2022,22-Dec-2022,"BSE, NSE",INE142Q01026,543711.0,SULA,sula-vineyards-ipo,357.0,358.0,0.28,331.15,-7.24,,-58.0,2022-12-22T00:00:00.000Z,2022-12-12,INE142Q01026,543711.0,SULA,149.95,149.96
1324,,Uniparts India Ltd.,1324.0,Mainboard,30-Nov-2022,12-Dec-2022,"BSE, NSE",INE244O01017,543689.0,UNIPARTS,uniparts-india-ipo,577.0,575.0,-0.35,539.65,-6.47,,21.76,2022-12-12T00:00:00.000Z,2022-11-30,INE244O01017,543689.0,UNIPARTS,702.55,704.95
1339,,Dharmaj Crop Guard Ltd.,1339.0,Mainboard,28-Nov-2022,08-Dec-2022,"BSE, NSE",INE00OQ01016,543687.0,DHARMAJ,dharmaj-crop-guard-ipo,237.0,266.05,12.26,266.3,12.36,,9.37,2022-12-08T00:00:00.000Z,2022-11-28,INE00OQ01016,543687.0,DHARMAJ,259.2,260.0
1336,,Keystone Realtors Ltd.,1336.0,Mainboard,14-Nov-2022,24-Nov-2022,"BSE, NSE",INE263M01029,543669.0,RUSTOMJEE,keystone-realtors-ipo,541.0,555.0,2.59,556.85,2.93,,-21.82,2022-11-24T00:00:00.000Z,2022-11-14,INE263M01029,543669.0,RUSTOMJEE,422.95,424.05
1335,,Inox Green Energy Services Ltd.,1335.0,Mainboard,11-Nov-2022,23-Nov-2022,"BSE, NSE",INE510W01014,543667.0,INOXGREEN,inox-green-energy-ipo,65.0,60.0,-7.69,59.1,-9.08,,194.69,2022-11-23T00:00:00.000Z,2022-11-11,INE510W01014,543667.0,INOXGREEN,191.55,191.66
1321,,Kaynes Technology India Ltd.,1321.0,Mainboard,10-Nov-2022,22-Nov-2022,"BSE, NSE",INE918Z01012,543664.0,KAYNES,kaynes-technology-ipo,587.0,778.0,32.54,689.95,17.54,,467.96,2022-11-22T00:00:00.000Z,2022-11-10,INE918Z01012,543664.0,KAYNES,3333.9,3336.1
1334,,Archean Chemical Industries Ltd.,1334.0,Mainboard,09-Nov-2022,21-Nov-2022,"BSE, NSE",INE128X01021,543657.0,ARCHEAN,archean-chemical-ipo,407.0,450.0,10.57,458.15,12.57,,29.25,2022-11-21T00:00:00.000Z,2022-11-09,INE128X01021,543657.0,ACI,526.05,527.45
1327,,Five-Star Business Finance Ltd.,1327.0,Mainboard,09-Nov-2022,21-Nov-2022,"BSE, NSE",INE128S01021,543663.0,FIVESTAR,five-star-business-finance-ipo,474.0,468.8,-1.1,490.0,3.38,,15.14,2022-11-21T00:00:00.000Z,2022-11-09,INE128S01021,543663.0,FIVESTAR,545.75,546.4
1332,,Bikaji Foods International Ltd.,1332.0,Mainboard,03-Nov-2022,16-Nov-2022,"BSE, NSE",INE00E101023,543653.0,BIKAJI,bikaji-foods-ipo,300.0,322.8,7.6,317.45,5.82,,114.35,2022-11-16T00:00:00.000Z,2022-11-03,INE00E101023,543653.0,BIKAJI,643.05,643.3
1330,,Global Health Ltd.,1330.0,Mainboard,03-Nov-2022,16-Nov-2022,"BSE, NSE",INE474Q01031,543654.0,MEDANTA,global-health-ipo,336.0,401.0,19.35,415.3,23.6,,297.81,2022-11-16T00:00:00.000Z,2022-11-03,INE474Q01031,543654.0,MEDANTA,1336.65,1336.9
1331,,Fusion Micro Finance Ltd.,1331.0,Mainboard,02-Nov-2022,15-Nov-2022,"BSE, NSE",INE139R01012,543652.0,FUSION,fusion-micro-finance-ipo,368.0,359.5,-2.31,324.8,-11.74,,-36.43,2022-11-15T00:00:00.000Z,2022-11-02,INE139R01012,543652.0,FUSION,233.95,234.04
1316,,DCX Systems Ltd.,1316.0,Mainboard,31-Oct-2022,11-Nov-2022,"BSE, NSE",INE0KL801015,543650.0,DCX,dcx-systems-ipo,207.0,,,308.8,49.18,,-3.43,2022-11-11T00:00:00.000Z,2022-10-31,INE0KL801015,543650.0,DCXINDIA,199.9,200.17
1199,,Tracxn Technologies Ltd.,1199.0,Mainboard,10-Oct-2022,20-Oct-2022,"BSE, NSE",INE0HMF01019,543638.0,TRACXN,tracxn-ipo,80.0,84.5,5.62,93.25,16.56,,-62.48,2022-10-20T00:00:00.000Z,2022-10-10,INE0HMF01019,543638.0,TRACXN,30.02,30.04
1318,,Electronics Mart India Ltd.,1318.0,Mainboard,04-Oct-2022,17-Oct-2022,"BSE, NSE",INE02YR01019,543626.0,EMIL,electronics-mart-india-ipo,59.0,90.0,52.54,84.5,43.22,,127.8,2022-10-17T00:00:00.000Z,2022-10-04,INE02YR01019,543626.0,EMIL,134.4,134.36
1283,,Harsha Engineers International Ltd.,1283.0,Mainboard,14-Sep-2022,26-Sep-2022,"BSE, NSE",INE0JUS01029,543600.0,HARSHA,harsha-engineers-international-ipo,330.0,450.0,36.36,486.5,47.42,,29.71,2022-09-26T00:00:00.000Z,2022-09-14,INE0JUS01029,543600.0,HARSHA,428.05,427.7
1287,,Tamilnad Mercantile Bank Ltd.,1287.0,Mainboard,05-Sep-2022,15-Sep-2022,"BSE, NSE",INE668A01016,543596.0,TMB,tamilnad-mercantile-bank-ipo,510.0,495.0,-2.94,509.65,-0.07,,56.99,2022-09-15T00:00:00.000Z,2022-09-05,INE668A01016,543596.0,TMB,800.65,801.6
1281,,Dreamfolks Services Ltd.,1281.0,Mainboard,24-Aug-2022,06-Sep-2022,"BSE, NSE",INE0JS101016,543591.0,DREAMFOLKS,dreamfolks-services-ipo,326.0,508.7,56.04,462.4,41.84,,-78.65,2022-09-06T00:00:00.000Z,2022-08-24,INE0JS101016,543591.0,DREAMFOLKS,69.59,69.65
1276,,Syrma SGS Technology Ltd.,1276.0,Mainboard,12-Aug-2022,26-Aug-2022,"BSE, NSE",INE0DYJ01015,543573.0,SYRMA,syrma-ipo,220.0,260.0,18.18,310.5,41.14,,559.66,2022-08-26T00:00:00.000Z,2022-08-12,INE0DYJ01015,543573.0,SYRMA,1451.25,1451.9
1257,,Aether Industries Ltd.,1257.0,Mainboard,24-May-2022,03-Jun-2022,"BSE, NSE",INE0BWX01014,543534.0,AETHER,aether-industries-ipo,642.0,704.0,9.66,774.4,20.62,,132.98,2022-06-03T00:00:00.000Z,2022-05-24,INE0BWX01014,543534.0,AETHER,1495.7,1500.8
1254,,eMudhra Ltd.,1254.0,Mainboard,20-May-2022,01-Jun-2022,"BSE, NSE",INE01QM01018,543533.0,EMUDHRA,emudhra-ipo,256.0,270.0,5.47,257.9,0.74,,77.81,2022-06-01T00:00:00.000Z,2022-05-20,INE01QM01018,543533.0,EMUDHRA,455.2,455.75
1247,,Ethos Ltd.,1247.0,Mainboard,18-May-2022,30-May-2022,"BSE, NSE",INE04TZ01018,543532.0,ETHOSLTD,ethos-limited-ipo,878.0,825.0,-6.04,803.1,-8.53,,183.25,2022-05-30T00:00:00.000Z,2022-05-18,INE04TZ01018,543532.0,ETHOSLTD,2486.9,2477.5
1253,,Paradeep Phosphates Ltd.,1253.0,Mainboard,17-May-2022,27-May-2022,"BSE, NSE",INE088F01024,543530.0,PARADEEP,paradeep-phosphates-ipo,42.0,44.0,4.76,43.9,4.52,,237.74,2022-05-27T00:00:00.000Z,2022-05-17,INE088F01024,543530.0,PARADEEP,141.85,141.81
1213,,Delhivery Ltd.,1213.0,Mainboard,11-May-2022,24-May-2022,"BSE, NSE",INE148O01028,543529.0,DELHIVERY,delhivery-ipo,487.0,495.2,1.68,536.35,10.13,,6.83,2022-05-24T00:00:00.000Z,2022-05-11,INE148O01028,543529.0,DELHIVERY,520.25,520.3
1248,,Venus Pipes & Tubes Ltd.,1248.0,Mainboard,11-May-2022,24-May-2022,"BSE, NSE",INE0JA001018,543528.0,VENUSPIPES,venus-pipes-tubes-ipo,326.0,337.5,3.53,354.35,8.7,,455.38,2022-05-24T00:00:00.000Z,2022-05-11,INE0JA001018,543528.0,VENUSPIPES,1810.55,1807.9
1252,,Prudent Corporate Advisory Services Ltd.,1252.0,Mainboard,10-May-2022,20-May-2022,"BSE, NSE",INE00F201020,543527.0,PRUDENT,prudent-corporate-advisory-services-ipo,630.0,650.0,3.17,561.75,-10.83,,372.64,2022-05-20T00:00:00.000Z,2022-05-10,INE00F201020,543527.0,PRUDENT,2977.65,2983.2
1221,,Life Insurance Corp.of India,1221.0,Mainboard,04-May-2022,17-May-2022,"BSE, NSE",INE0J1Y01017,543526.0,LICI,lic-ipo,949.0,872.0,-8.11,875.25,-7.77,,-53.34,2022-05-17T00:00:00.000Z,2022-05-04,INE0J1Y01017,543526.0,LICI,442.85,443.05
1250,,Rainbow Children's Medicare Ltd.,1250.0,Mainboard,27-Apr-2022,10-May-2022,"BSE, NSE",INE961O01016,543524.0,RAINBOW,rainbow-children-medicare-ipo,542.0,510.0,-5.9,450.2,-16.94,,171.62,2022-05-10T00:00:00.000Z,2022-04-27,INE961O01016,543524.0,RAINBOW,1472.2,1470.4
1249,,Campus Activewear Ltd.,1249.0,Mainboard,26-Apr-2022,09-May-2022,"BSE, NSE",INE278Y01022,543523.0,CAMPUS,campus-activewear-ipo,292.0,360.0,23.29,378.9,29.76,,-20.65,2022-05-09T00:00:00.000Z,2022-04-26,INE278Y01022,543523.0,CAMPUS,231.7,231.09
1240,,Hariom Pipe Industries Ltd.,1240.0,Mainboard,30-Mar-2022,13-Apr-2022,"BSE, NSE",INE00EV01017,543517.0,HARIOM,hariom-pipe-industries-ipo,153.0,220.0,43.79,231.0,50.98,,150.88,2022-04-13T00:00:00.000Z,2022-03-30,INE00EV01017,543517.0,HARIOMPIPE,383.85,383.55
1236,,Veranda Learning Solutions Ltd.,1236.0,Mainboard,29-Mar-2022,11-Apr-2022,"BSE, NSE",INE0IQ001011,543514.0,VERANDA,veranda-learning-ipo,137.0,125.0,-8.76,131.25,-4.2,,73.47,2022-04-11T00:00:00.000Z,2022-03-29,INE0IQ001011,543514.0,VERANDA,237.65,237.95
1235,,Uma Exports Ltd.,1235.0,Mainboard,28-Mar-2022,07-Apr-2022,"BSE, NSE",INE0GIU01018,543513.0,UMAEXPORTS,uma-exports-ipo,68.0,76.0,11.76,79.8,17.35,,-68.16,2022-04-07T00:00:00.000Z,2022-03-28,INE0GIU01018,543513.0,UMAEXPORTS,21.65,21.57
1217,,Vedant Fashions Ltd.,1217.0,Mainboard,04-Feb-2022,16-Feb-2022,"BSE, NSE",INE825V01034,543463.0,MANYAVAR,vedant-fashions-ipo,866.0,935.0,7.97,933.55,7.8,,-54.62,2022-02-16T00:00:00.000Z,2022-02-04,INE825V01034,543463.0,MANYAVAR,392.95,392.15
1173,,Adani Wilmar Ltd.,1173.0,Mainboard,27-Jan-2022,08-Feb-2022,"BSE, NSE",INE699H01024,543458.0,AWL,adani-wilmar-ipo,230.0,227.0,-1.3,268.25,16.63,,-17.41,2022-02-08T00:00:00.000Z,2022-01-27,INE699H01024,543458.0,AWL,189.95,190.0
1209,,AGS Transact Technologies Ltd.,1209.0,Mainboard,19-Jan-2022,31-Jan-2022,"BSE, NSE",INE583L01014,543451.0,AGSTRA,ags-transact-ipo,175.0,175.0,0.0,161.05,-7.97,,-98.6,2022-01-31T00:00:00.000Z,2022-01-19,INE583L01014,543451.0,AGSTRA,2.45,3.92
1599,,Innova Captab Ltd.,1599.0,Mainboard,21-Dec-2023,29-Dec-2023,"BSE, NSE",INE0DUT01020,544067.0,INNOVACAP,innova-captab-ipo,448.0,452.1,0.92,541.4,20.85,,120.21,2023-12-29T00:00:00.000Z,2023-12-21,INE0DUT01020,544067.0,INNOVACAP,986.55,989.35
1597,,Azad Engineering Ltd.,1597.0,Mainboard,20-Dec-2023,28-Dec-2023,"BSE, NSE",INE02IJ01035,544061.0,AZAD,azad-engineering-ipo,524.0,720.0,37.4,677.5,29.29,,373.02,2023-12-28T00:00:00.000Z,2023-12-20,INE02IJ01035,544061.0,AZAD,2478.65,2479.5
1585,,Happy Forgings Ltd.,1585.0,Mainboard,19-Dec-2023,27-Dec-2023,"BSE, NSE",INE330T01021,544057.0,HAPPYFORGE,happy-forgings-ipo,850.0,1000.0,17.65,1030.8,21.27,,85.96,2023-12-27T00:00:00.000Z,2023-12-19,INE330T01021,544057.0,HAPPYFORGE,1580.65,1582.3
1595,,Credo Brands Marketing Ltd.,1595.0,Mainboard,19-Dec-2023,27-Dec-2023,"BSE, NSE",INE220Q01020,544058.0,MUFTI,mufti-ipo,280.0,282.35,0.84,312.2,11.5,,-69.12,2023-12-27T00:00:00.000Z,2023-12-19,INE220Q01020,544058.0,MUFTI,86.47,85.62
1588,,RBZ Jewellers Ltd.,1588.0,Mainboard,19-Dec-2023,27-Dec-2023,"BSE, NSE",INE0PEQ01016,544060.0,RBZJEWEL,rbz-jewellers-ipo,100.0,100.0,0.0,105.0,5.0,,54.05,2023-12-27T00:00:00.000Z,2023-12-19,INE0PEQ01016,544060.0,RBZJEWEL,154.05,154.24
1587,,Motisons Jewellers Ltd.,1587.0,Mainboard,18-Dec-2023,26-Dec-2023,"BSE, NSE",INE0FRK01020,544053.0,MOTISONS,motisons-jewellers-ipo,55.0,109.0,98.18,103.55,88.27,,158.73,2023-12-26T00:00:00.000Z,2023-12-18,INE0FRK01020,544053.0,MOTISONS,14.23,14.2
1582,,Muthoot Microfin Ltd.,1582.0,Mainboard,18-Dec-2023,26-Dec-2023,"BSE, NSE",INE046W01019,544055.0,MML,muthoot-microfin-ipo,291.0,275.3,-5.4,266.15,-8.54,,-19.14,2023-12-26T00:00:00.000Z,2023-12-18,INE046W01019,544055.0,MUTHOOTMF,235.3,235.26
1589,,Suraj Estate Developers Ltd.,1589.0,Mainboard,18-Dec-2023,26-Dec-2023,"BSE, NSE",INE843S01025,544054.0,SURAJEST,suraj-estate-developers-ipo,360.0,340.0,-5.56,334.5,-7.08,,-43.33,2023-12-26T00:00:00.000Z,2023-12-18,INE843S01025,544054.0,SURAJEST,204.0,204.61
1593,,Inox India Ltd.,1593.0,Mainboard,14-Dec-2023,21-Dec-2023,"BSE, NSE",INE616N01034,544046.0,INOXINDIA,inox-cva-ipo,660.0,949.65,43.89,939.95,42.42,,199.69,2023-12-21T00:00:00.000Z,2023-12-14,INE616N01034,544046.0,INOXINDIA,1977.95,1978.0
1581,,DOMS Industries Ltd.,1581.0,Mainboard,13-Dec-2023,20-Dec-2023,"BSE, NSE",INE321T01012,544045.0,DOMS,doms-ipo,790.0,1400.0,77.22,1326.05,67.85,,200.7,2023-12-20T00:00:00.000Z,2023-12-13,INE321T01012,544045.0,DOMS,2375.5,2376.2
1477,,India Shelter Finance Corp.Ltd.,1477.0,Mainboard,13-Dec-2023,20-Dec-2023,"BSE, NSE",INE922K01024,544044.0,INDIASHLTR,india-shelter-ipo,493.0,620.0,25.76,544.7,10.49,,62.34,2023-12-20T00:00:00.000Z,2023-12-13,INE922K01024,544044.0,INDIASHLTR,800.35,800.05
1571,,Flair Writing Industries Ltd.,1571.0,Mainboard,22-Nov-2023,01-Dec-2023,"BSE, NSE",INE00Y201027,544030.0,FLAIR,flair-writing-ipo,304.0,501.0,64.8,450.9,48.32,,-14.29,2023-12-01T00:00:00.000Z,2023-11-22,INE00Y201027,544030.0,FLAIR,260.55,260.15
1418,,Tata Technologies Ltd.,1418.0,Mainboard,22-Nov-2023,30-Nov-2023,"BSE, NSE",INE142M01025,544028.0,TATATECH,tata-technologies-ipo,500.0,1200.0,140.0,1313.0,162.6,,43.71,2023-11-30T00:00:00.000Z,2023-11-22,INE142M01025,544028.0,TATATECH,718.55,718.55
1567,,Gandhar Oil Refinery (India) Ltd.,1567.0,Mainboard,22-Nov-2023,30-Nov-2023,"BSE, NSE",INE717W01049,544029.0,GANDHAR,gandhar-oil-refinery-india-ipo,169.0,298.0,76.33,301.4,78.34,,19.97,2023-11-30T00:00:00.000Z,2023-11-22,INE717W01049,544029.0,GANDHAR,202.75,203.15
1568,,Fedbank Financial Services Ltd.,1568.0,Mainboard,22-Nov-2023,30-Nov-2023,"BSE, NSE",INE007N01010,544027.0,FEDFINA,fedbank-financial-services-ipo,140.0,138.0,-1.43,140.25,0.18,,13.82,2023-11-30T00:00:00.000Z,2023-11-22,INE007N01010,544027.0,FEDFINA,159.35,159.34
1569,,Indian Renewable Energy Development Agency Ltd.,1569.0,Mainboard,21-Nov-2023,29-Nov-2023,"BSE, NSE",INE202E01016,544026.0,IREDA,ireda-ipo,32.0,50.0,56.25,60.0,87.5,,295.0,2023-11-29T00:00:00.000Z,2023-11-21,INE202E01016,544026.0,IREDA,126.4,126.4
1563,,ASK Automotive Ltd.,1563.0,Mainboard,07-Nov-2023,15-Nov-2023,"BSE, NSE",INE491J01022,544022.0,ASKAUTOLTD,ask-automotive-ipo,282.0,303.3,7.55,310.1,9.96,,67.38,2023-11-15T00:00:00.000Z,2023-11-07,INE491J01022,544022.0,ASKAUTOLTD,472.0,471.85
1545,,Protean eGov Technologies Ltd.,1545.0,Mainboard,06-Nov-2023,13-Nov-2023,BSE,INE004A01022,544021.0,PROTEAN,protean-egov-technologies-ipo,792.0,792.0,0.0,883.0,11.49,,-25.69,2023-11-13T00:00:00.000Z,2023-11-06,INE004A01022,544021.0,PROTEAN,588.5,588.7
1553,,ESAF Small Finance Bank Ltd.,1553.0,Mainboard,03-Nov-2023,10-Nov-2023,"BSE, NSE",INE818W01011,544020.0,ESAFSFB,esaf-small-finance-bank-ipo,60.0,71.0,18.33,69.05,15.08,,-40.57,2023-11-10T00:00:00.000Z,2023-11-03,INE818W01011,544020.0,ESAFSFB,35.66,35.73
1551,,Honasa Consumer Ltd.,1551.0,Mainboard,31-Oct-2023,07-Nov-2023,"BSE, NSE",INE0J5401028,544014.0,HONASA,mamaearth-ipo,324.0,330.0,1.85,337.1,4.04,,45.48,2023-11-07T00:00:00.000Z,2023-10-31,INE0J5401028,544014.0,HONASA,471.35,472.1
1552,,Cello World Ltd.,1552.0,Mainboard,30-Oct-2023,06-Nov-2023,"BSE, NSE",INE0LMW01024,544012.0,CELLO,cello-world-limited-ipo,648.0,829.0,27.93,791.7,22.18,,-43.08,2023-11-06T00:00:00.000Z,2023-10-30,INE0LMW01024,544012.0,CELLO,368.85,368.65
1547,,Blue Jet Healthcare Ltd.,1547.0,Mainboard,25-Oct-2023,01-Nov-2023,"BSE, NSE",INE0KBH01020,544009.0,BLUEJET,blue-jet-healthcare-ipo,346.0,380.0,9.83,413.4,19.48,,80.16,2023-11-01T00:00:00.000Z,2023-10-25,INE0KBH01020,544009.0,BLUEJET,623.35,624.05
1543,,IRM Energy Ltd.,1543.0,Mainboard,18-Oct-2023,26-Oct-2023,"BSE, NSE",INE07U701015,544004.0,IRMENERGY,irm-energy-ipo,505.0,477.25,-5.5,473.15,-6.31,,-47.86,2023-10-26T00:00:00.000Z,2023-10-18,INE07U701015,544004.0,IRMENERGY,263.3,263.5
1539,,Plaza Wires Ltd.,1539.0,Mainboard,29-Sep-2023,12-Oct-2023,"BSE, NSE",INE0INJ01017,544003.0,PLAZACABLE,plaza-wires-ipo,54.0,76.0,40.74,80.2,48.52,,-17.41,2023-10-12T00:00:00.000Z,2023-09-29,INE0INJ01017,544003.0,PLAZACABLE,44.6,44.71
1525,,Valiant Laboratories Ltd.,1525.0,Mainboard,27-Sep-2023,06-Oct-2023,"BSE, NSE",INE0JWS01017,543998.0,VALIANTLAB,valiant-laboratories-ipo,140.0,162.15,15.82,170.25,21.61,,-55.56,2023-10-06T00:00:00.000Z,2023-09-27,INE0JWS01017,543998.0,VALIANTLAB,62.22,62.08
1528,,Updater Services Ltd.,1528.0,Mainboard,25-Sep-2023,04-Oct-2023,"BSE, NSE",INE851I01011,543996.0,UDS,updater-services-ipo,300.0,285.0,-5.0,283.9,-5.37,,-33.77,2023-10-04T00:00:00.000Z,2023-09-25,INE851I01011,543996.0,UDS,198.7,199.21
1512,,JSW Infrastructure Ltd.,1512.0,Mainboard,25-Sep-2023,03-Oct-2023,"BSE, NSE",INE880J01026,543994.0,JSWINFRA,jsw-infrastructure-ipo,119.0,143.0,20.17,157.3,32.18,,177.48,2023-10-03T00:00:00.000Z,2023-09-25,INE880J01026,543994.0,JSWINFRA,330.2,330.05
1513,,Manoj Vaibhav Gems 'N' Jewellers Ltd.,1513.0,Mainboard,22-Sep-2023,03-Oct-2023,"BSE, NSE",INE0KNT01012,543995.0,MVGJL,manoj-vaibhav-gems-n-jewellers-ipo,215.0,215.0,0.0,215.5,0.23,,-27.44,2023-10-03T00:00:00.000Z,2023-09-22,INE0KNT01012,543995.0,MVGJL,156.0,156.15
1507,,Yatra Online Ltd.,1507.0,Mainboard,15-Sep-2023,28-Sep-2023,"BSE, NSE",INE0JR601024,543992.0,YATRA,yatra-online-ipo,142.0,127.5,-10.21,135.9,-4.3,,-19.58,2023-09-28T00:00:00.000Z,2023-09-15,INE0JR601024,543992.0,YATRA,114.2,114.16
1508,,Sai Silks (Kalamandir) Ltd.,1508.0,Mainboard,20-Sep-2023,27-Sep-2023,"BSE, NSE",INE438K01021,543989.0,KALAMANDIR,sai-silks-kalamandir-ipo,222.0,231.0,4.05,244.9,10.32,,-54.44,2023-09-27T00:00:00.000Z,2023-09-20,INE438K01021,543989.0,KALAMANDIR,101.15,101.05
1382,,Signatureglobal (India) Ltd.,1382.0,Mainboard,20-Sep-2023,27-Sep-2023,"BSE, NSE",INE903U01023,543990.0,SIGNATURE,signatureglobal-india-ipo,385.0,444.0,15.32,458.55,19.1,,120.49,2023-09-27T00:00:00.000Z,2023-09-20,INE903U01023,543990.0,SIGNATURE,848.9,848.85
1505,,Zaggle Prepaid Ocean Services Ltd.,1505.0,Mainboard,14-Sep-2023,22-Sep-2023,"BSE, NSE",INE07K301024,543985.0,ZAGGLE,zaggle-prepaid-ocean-services-ipo,164.0,164.0,0.0,158.35,-3.45,,26.62,2023-09-22T00:00:00.000Z,2023-09-14,INE07K301024,543985.0,ZAGGLE,207.65,207.79
1502,,SAMHI Hotels Ltd.,1502.0,Mainboard,14-Sep-2023,22-Sep-2023,"BSE, NSE",INE08U801020,543984.0,SAMHI,samhi-hotels-ipo,126.0,134.5,6.75,143.4,13.81,,37.7,2023-09-22T00:00:00.000Z,2023-09-14,INE08U801020,543984.0,SAMHI,173.5,173.08
1496,,EMS Ltd.,1496.0,Mainboard,08-Sep-2023,21-Sep-2023,"BSE, NSE",INE0OV601013,543983.0,EMSLIMITED,ems-ipo,211.0,282.05,33.67,279.9,32.65,,118.06,2023-09-21T00:00:00.000Z,2023-09-08,INE0OV601013,543983.0,EMSLIMITED,460.1,458.15
1503,,R R Kabel Ltd.,1503.0,Mainboard,13-Sep-2023,20-Sep-2023,"BSE, NSE",INE777K01022,543981.0,RRKABEL,r-r-kabel-ipo,1035.0,1180.0,14.01,1198.05,15.75,,114.98,2023-09-20T00:00:00.000Z,2023-09-13,INE777K01022,543981.0,RRKABEL,2225.0,2225.7
1494,,Jupiter Life Line Hospitals Ltd.,1494.0,Mainboard,06-Sep-2023,18-Sep-2023,"BSE, NSE",INE682M01012,543980.0,JLHL,jupiter-life-line-hospitals-ipo,735.0,973.0,32.38,1075.75,46.36,,97.95,2023-09-18T00:00:00.000Z,2023-09-06,INE682M01012,543980.0,JLHL,1454.95,1455.8
1488,,Ratnaveer Precision Engineering Ltd.,1488.0,Mainboard,04-Sep-2023,11-Sep-2023,"BSE, NSE",INE05CZ01011,543978.0,RATNAVEER,ratnaveer-precision-engineering-ipo,98.0,123.2,25.71,129.35,31.99,,83.83,2023-09-11T00:00:00.000Z,2023-09-04,INE05CZ01011,543978.0,RATNAVEER,180.15,180.01
1490,,Rishabh Instruments Ltd.,1490.0,Mainboard,30-Aug-2023,11-Sep-2023,"BSE, NSE",INE0N2P01017,543977.0,RISHABH,rishabh-instruments-ipo,441.0,460.05,4.32,443.15,0.49,,50.1,2023-09-11T00:00:00.000Z,2023-08-30,INE0N2P01017,543977.0,RISHABH,661.95,662.1
1485,,Vishnu Prakash R.Punglia Ltd.,1485.0,Mainboard,24-Aug-2023,05-Sep-2023,"BSE, NSE",INE0AE001013,543974.0,VPRPL,vishnu-prakash-r-punglia-ipo,99.0,165.0,66.67,145.7,47.17,,-73.33,2023-09-05T00:00:00.000Z,2023-08-24,INE0AE001013,543974.0,VPRPL,26.4,26.45
1482,,Aeroflex Industries Ltd.,1482.0,Mainboard,22-Aug-2023,31-Aug-2023,"BSE, NSE",INE024001021,543972.0,AEROFLEX,aeroflex-industries-ipo,108.0,190.0,75.93,163.25,51.16,,282.82,2023-08-31T00:00:00.000Z,2023-08-22,INE024001021,543972.0,AEROFLEX,413.45,413.55
1479,,Pyramid Technoplast Ltd.,1479.0,Mainboard,18-Aug-2023,29-Aug-2023,"BSE, NSE",INE0MIS01010,543969.0,PYRAMID,pyramid-technoplast-ipo,166.0,187.0,12.65,177.65,7.02,,-0.06,2023-08-29T00:00:00.000Z,2023-08-18,INE0MIS01010,543969.0,PYRAMID,165.9,165.47
1475,,TVS Supply Chain Solutions Ltd.,1475.0,Mainboard,10-Aug-2023,23-Aug-2023,"BSE, NSE",INE395N01027,543965.0,TVSSCS,tvs-supply-chain-solutions-ipo,197.0,207.05,5.1,201.0,2.03,,-28.05,2023-08-23T00:00:00.000Z,2023-08-10,INE395N01027,543965.0,TVSSCS,141.75,141.66
1472,,Concord Biotech Ltd.,1472.0,Mainboard,04-Aug-2023,18-Aug-2023,"BSE, NSE",INE338H01029,543960.0,CONCORDBIO,concord-biotech-ipo,741.0,900.05,21.46,942.8,27.23,,75.99,2023-08-18T00:00:00.000Z,2023-08-04,INE338H01029,543960.0,CONCORDBIO,1304.1,1304.7
1470,,SBFC Finance Ltd.,1470.0,Mainboard,03-Aug-2023,16-Aug-2023,"BSE, NSE",INE423Y01016,543959.0,SBFC,sbfc-finance-ipo,57.0,82.0,43.86,92.2,61.75,,61.19,2023-08-16T00:00:00.000Z,2023-08-03,INE423Y01016,543959.0,SBFC,91.88,91.96
1464,,Yatharth Hospital & Trauma Care Services Ltd.,1464.0,Mainboard,26-Jul-2023,07-Aug-2023,"BSE, NSE",INE0JO301016,543950.0,YATHARTH,yatharth-hospital-ipo,300.0,306.1,2.03,333.85,11.28,,176.65,2023-08-07T00:00:00.000Z,2023-07-26,INE0JO301016,543950.0,YATHARTH,829.95,829.75
1459,,Netweb Technologies India Ltd.,1459.0,Mainboard,17-Jul-2023,27-Jul-2023,"BSE, NSE",INE0NT901020,543945.0,NETWEB,netweb-technologies-india-ipo,500.0,947.0,89.4,910.4,82.08,,760.93,2023-07-27T00:00:00.000Z,2023-07-17,INE0NT901020,543945.0,NETWEB,4304.65,4305.0
1456,,Utkarsh Small Finance Bank Ltd.,1456.0,Mainboard,12-Jul-2023,21-Jul-2023,"BSE, NSE",INE735W01017,543942.0,UTKARSHBNK,utkarsh-small-finance-bank-ipo,25.0,40.0,60.0,48.0,92.0,,-41.48,2023-07-21T00:00:00.000Z,2023-07-12,INE735W01017,543942.0,UTKARSHBNK,14.63,14.64
1452,,Senco Gold Ltd.,1452.0,Mainboard,04-Jul-2023,14-Jul-2023,"BSE, NSE",INE602W01027,543936.0,SENCO,senco-gold-ipo,317.0,430.0,35.65,405.3,27.85,,128.64,2023-07-14T00:00:00.000Z,2023-07-04,INE602W01027,543936.0,SENCO,362.4,362.15
1446,,Cyient DLM Ltd.,1446.0,Mainboard,27-Jun-2023,10-Jul-2023,"BSE, NSE",INE055S01018,543933.0,CYIENTDLM,cyient-dlm-ipo,265.0,403.0,52.08,420.6,58.72,,105.55,2023-07-10T00:00:00.000Z,2023-06-27,INE055S01018,543933.0,CYIENTDLM,544.7,545.65
1442,,ideaForge Technology Ltd.,1442.0,Mainboard,26-Jun-2023,07-Jul-2023,"BSE, NSE",INE349Y01013,543932.0,IDEAFORGE,ideaforge-technology-ipo,672.0,1300.0,93.45,1294.95,92.7,,33.16,2023-07-07T00:00:00.000Z,2023-06-26,INE349Y01013,543932.0,IDEAFORGE,894.85,900.75
1435,,HMA Agro Industries Ltd.,1435.0,Mainboard,20-Jun-2023,04-Jul-2023,"BSE, NSE",INE0ECP01024,543929.0,HMA,hma-agro-industries-ipo,585.0,625.0,6.84,585.65,0.11,,-62.5,2023-07-04T00:00:00.000Z,2023-06-20,INE0ECP01024,543929.0,HMAAGRO,21.94,21.92
1430,,IKIO Lighting Ltd.,1430.0,Mainboard,06-Jun-2023,16-Jun-2023,"BSE, NSE",INE0LOJ01019,543923.0,IKIO,ikio-lighting-ipo,285.0,392.5,37.72,403.85,41.7,,-25.49,2023-06-16T00:00:00.000Z,2023-06-06,INE0LOJ01019,543923.0,IKIO,212.35,210.75
1412,,Mankind Pharma Ltd.,1412.0,Mainboard,25-Apr-2023,09-May-2023,"BSE, NSE",INE634S01028,543904.0,MANKIND,mankind-pharma-ipo,1080.0,1300.0,20.37,1080.0,0.0,,133.78,2023-05-09T00:00:00.000Z,2023-04-25,INE634S01028,543904.0,MANKIND,2524.85,2525.1
1405,,Avalon Technologies Ltd.,1405.0,Mainboard,03-Apr-2023,18-Apr-2023,"BSE, NSE",INE0LCL01028,543896.0,AVALON,avalon-technologies-ipo,436.0,436.0,0.0,398.0,-8.72,,305.64,2023-04-18T00:00:00.000Z,2023-04-03,INE0LCL01028,543896.0,AVALON,1768.6,1768.1
1398,,Udayshivakumar Infra Ltd.,1398.0,Mainboard,20-Mar-2023,03-Apr-2023,"BSE, NSE",INE0N0Y01013,543861.0,USK,udayshivakumar-infra-ipo,35.0,0.0,,31.5,-10.0,,-34.0,2023-04-03T00:00:00.000Z,2023-03-20,INE0N0Y01013,543861.0,USK,23.1,22.84
1390,,Global Surfaces Ltd.,1390.0,Mainboard,13-Mar-2023,23-Mar-2023,"BSE, NSE",INE0JSX01015,543829.0,GSLSU,global-surfaces-ipo,140.0,164.0,17.14,171.05,22.18,,-72.09,2023-03-23T00:00:00.000Z,2023-03-13,INE0JSX01015,543829.0,GSLSU,39.07,38.99
1383,,Divgi TorqTransfer Systems Ltd.,1383.0,Mainboard,01-Mar-2023,14-Mar-2023,"BSE, NSE",INE753U01022,543812.0,DIVGIITTS,divgi-torqtransfer-systems-ipo,590.0,620.0,5.08,605.2,2.58,,64.04,2023-03-14T00:00:00.000Z,2023-03-01,INE753U01022,543812.0,DIVGIITTS,967.85,967.4
1942,,Unimech Aerospace & Manufacturing Ltd.,1942.0,Mainboard,23-Dec-2024,31-Dec-2024,"BSE, NSE",INE0U3I01011,544322.0,UNIMECH,unimech-aerospace-ipo,785.0,1460.0,85.99,1376.25,75.32,,51.29,2024-12-31T00:00:00.000Z,2024-12-23,INE0U3I01011,544322.0,UNIMECH,1187.65,1185.0
1945,,Carraro India Ltd.,1945.0,Mainboard,20-Dec-2024,30-Dec-2024,"BSE, NSE",INE0V7W01012,544320.0,CARRARO,carraro-india-ipo,704.0,651.0,-7.53,636.2,-9.63,,-19.3,2024-12-30T00:00:00.000Z,2024-12-20,INE0V7W01012,544320.0,CARRARO,568.15,569.2
1939,,Ventive Hospitality Ltd.,1939.0,Mainboard,20-Dec-2024,30-Dec-2024,"BSE, NSE",INE781S01027,544321.0,VENTIVE,ventive-hospitality-ipo,643.0,716.0,11.35,704.35,9.54,,-2.92,2024-12-30T00:00:00.000Z,2024-12-20,INE781S01027,544321.0,VENTIVE,624.2,624.3
1943,,Senores Pharmaceuticals Ltd.,1943.0,Mainboard,20-Dec-2024,30-Dec-2024,"BSE, NSE",INE0RB801010,544319.0,SENORES,senores-pharmaceuticals-ipo,391.0,593.7,51.84,557.8,42.66,,262.14,2024-12-30T00:00:00.000Z,2024-12-20,INE0RB801010,544319.0,SENORES,1415.95,1417.8
1940,,Sanathan Textiles Ltd.,1940.0,Mainboard,19-Dec-2024,27-Dec-2024,"BSE, NSE",INE0JPD01013,544314.0,SANATHAN,sanathan-textiles-ipo,321.0,422.3,31.56,388.35,20.98,,40.62,2024-12-27T00:00:00.000Z,2024-12-19,INE0JPD01013,544314.0,SANATHAN,451.4,445.05
1933,,Transrail Lighting Ltd.,1933.0,Mainboard,19-Dec-2024,27-Dec-2024,"BSE, NSE",INE454P01035,544317.0,TRANSRAILL,transrail-lighting-ipo,432.0,590.0,36.57,553.55,28.14,,17.48,2024-12-27T00:00:00.000Z,2024-12-19,INE454P01035,544317.0,TRANSRAILL,507.5,508.05
1936,,DAM Capital Advisors Ltd.,1936.0,Mainboard,19-Dec-2024,27-Dec-2024,"BSE, NSE",INE284H01025,544316.0,DAMCAPITAL,dam-capital-advisors-ipo,283.0,393.0,38.87,415.1,46.68,,-45.72,2024-12-27T00:00:00.000Z,2024-12-19,INE284H01025,544316.0,DAMCAPITAL,153.6,153.41
1937,,Mamata Machinery Ltd.,1937.0,Mainboard,19-Dec-2024,27-Dec-2024,"BSE, NSE",INE0TO701015,544318.0,MAMATA,mamata-machinery-ipo,243.0,600.0,146.91,630.0,159.26,,56.83,2024-12-27T00:00:00.000Z,2024-12-19,INE0TO701015,544318.0,MAMATA,381.1,380.1
1941,,Concord Enviro Systems Ltd.,1941.0,Mainboard,19-Dec-2024,27-Dec-2024,"BSE, NSE",INE037Z01029,544315.0,CEWATER,concord-enviro-ipo,701.0,826.0,17.83,827.1,17.99,,-49.61,2024-12-27T00:00:00.000Z,2024-12-19,INE037Z01029,544315.0,CEWATER,353.25,352.6
1930,,International Gemmological Institute (India) Ltd.,1930.0,Mainboard,13-Dec-2024,20-Dec-2024,"BSE, NSE",INE0Q9301021,544311.0,IGIIL,international-gemmological-institute-ipo,417.0,510.0,22.3,471.15,12.99,,-16.81,2024-12-20T00:00:00.000Z,2024-12-13,INE0Q9301021,544311.0,IGIL,346.9,346.9
1926,,Inventurus Knowledge Solutions Ltd.,1926.0,Mainboard,12-Dec-2024,19-Dec-2024,"BSE, NSE",INE115Q01022,544309.0,IKS,inventurus-knowledge-solutions-ipo,1329.0,1900.0,42.96,1960.85,47.54,,44.84,2024-12-19T00:00:00.000Z,2024-12-12,INE115Q01022,544309.0,IKS,1924.9,1928.1
1925,,Sai Life Sciences Ltd.,1925.0,Mainboard,11-Dec-2024,18-Dec-2024,"BSE, NSE",INE570L01029,544306.0,SAILIFE,sai-life-sciences-ipo,549.0,650.0,18.4,764.65,39.28,,130.26,2024-12-18T00:00:00.000Z,2024-12-11,INE570L01029,544306.0,SAILIFE,1264.15,1265.0
1924,,Vishal Mega Mart Ltd.,1924.0,Mainboard,11-Dec-2024,18-Dec-2024,"BSE, NSE",INE01EA01019,544307.0,VMM,vishal-mega-mart-ipo,78.0,104.0,33.33,111.93,43.5,,52.5,2024-12-18T00:00:00.000Z,2024-12-11,INE01EA01019,544307.0,VMM,118.95,118.79
1928,,One Mobikwik Systems Ltd.,1928.0,Mainboard,11-Dec-2024,18-Dec-2024,"BSE, NSE",INE0HLU01028,544305.0,MOBIKWIK,mobikwik-ipo,279.0,440.0,57.71,528.0,89.25,,-20.66,2024-12-18T00:00:00.000Z,2024-12-11,INE0HLU01028,544305.0,MOBIKWIK,221.35,221.45
1918,,Suraksha Diagnostic Ltd.,1918.0,Mainboard,29-Nov-2024,06-Dec-2024,"BSE, NSE",INE877V01027,544293.0,SURAKSHA,suraksha-diagnostic-ipo,441.0,438.0,-0.68,441.0,0.0,,-40.08,2024-12-06T00:00:00.000Z,2024-11-29,INE877V01027,544293.0,SURAKSHA,264.25,264.3
1911,,Enviro Infra Engineers Ltd.,1911.0,Mainboard,22-Nov-2024,29-Nov-2024,"BSE, NSE",INE0LLY01014,544290.0,EIEL,enviro-infra-engineers-ipo,148.0,220.0,48.65,207.07,39.91,,65.24,2024-11-29T00:00:00.000Z,2024-11-22,INE0LLY01014,544290.0,EIEL,244.55,244.49
1902,,NTPC Green Energy Ltd.,1902.0,Mainboard,19-Nov-2024,27-Nov-2024,"BSE, NSE",INE0ONG01011,544289.0,NTPCGREEN,ntpc-green-energy-ipo,108.0,111.5,3.24,121.65,12.64,,-12.88,2024-11-27T00:00:00.000Z,2024-11-19,INE0ONG01011,544289.0,NTPCGREEN,94.09,94.1
1904,,Zinka Logistics Solutions Ltd.,1904.0,Mainboard,13-Nov-2024,22-Nov-2024,"BSE, NSE",INE0UIZ01018,544288.0,BLACKBUCK,blackbuck-ipo,273.0,279.05,2.22,260.2,-4.69,,111.89,2024-11-22T00:00:00.000Z,2024-11-13,INE0UIZ01018,544288.0,BLACKBUCK,578.45,578.9
1899,,Niva Bupa Health Insurance Co.Ltd.,1899.0,Mainboard,07-Nov-2024,14-Nov-2024,"BSE, NSE",INE995S01015,544286.0,NIVABUPA,niva-bupa-health-insurance-ipo,74.0,78.5,6.08,74.0,0.0,,16.91,2024-11-14T00:00:00.000Z,2024-11-07,INE995S01015,544286.0,NIVABUPA,86.51,86.51
1897,,ACME Solar Holdings Ltd.,1897.0,Mainboard,06-Nov-2024,13-Nov-2024,"BSE, NSE",INE622W01025,544283.0,ACMESOLAR,acme-solar-holdings-ipo,289.0,251.0,-13.15,253.15,-12.4,,30.4,2024-11-13T00:00:00.000Z,2024-11-06,INE622W01025,544283.0,ACMESOLAR,376.85,377.0
1896,,Swiggy Ltd.,1896.0,Mainboard,06-Nov-2024,13-Nov-2024,"BSE, NSE",INE00H001014,544285.0,SWIGGY,swiggy-ipo,390.0,420.0,7.69,456.0,16.92,,-29.97,2024-11-13T00:00:00.000Z,2024-11-06,INE00H001014,544285.0,SWIGGY,273.1,273.25
1898,,Sagility India Ltd.,1898.0,Mainboard,05-Nov-2024,12-Nov-2024,"BSE, NSE",INE0W2G01015,544282.0,SAGILITY,sagility-india-ipo,30.0,31.06,3.53,29.32,-2.27,,41.67,2024-11-12T00:00:00.000Z,2024-11-05,INE0W2G01015,544282.0,SAGILITY,42.5,42.53
1881,,Afcons Infrastructure Ltd.,1881.0,Mainboard,25-Oct-2024,04-Nov-2024,"BSE, NSE",INE101I01011,544280.0,AFCONS,afcons-infrastructure-ipo,463.0,426.0,-7.99,474.2,2.42,,-35.08,2024-11-04T00:00:00.000Z,2024-10-25,INE101I01011,544280.0,AFCONS,300.6,300.9
1895,,Godavari Biorefineries Ltd.,1895.0,Mainboard,23-Oct-2024,30-Oct-2024,"BSE, NSE",INE497S01012,544279.0,GODAVARIB,godavari-biorefineries-ipo,352.0,308.0,-12.5,343.2,-2.5,,-23.01,2024-10-30T00:00:00.000Z,2024-10-23,INE497S01012,544279.0,GODAVARIB,271.0,270.7
1890,,Deepak Builders & Engineers India Ltd.,1890.0,Mainboard,21-Oct-2024,28-Oct-2024,"BSE, NSE",INE0OPA01019,544276.0,DBEIL,deepak-builders-engineers-ipo,203.0,200.0,-1.48,161.95,-20.22,,-59.56,2024-10-28T00:00:00.000Z,2024-10-21,INE0OPA01019,544276.0,DBEIL,8.21,8.29
1888,,Waaree Energies Ltd.,1888.0,Mainboard,21-Oct-2024,28-Oct-2024,"BSE, NSE",INE377N01017,544277.0,WAAREEENER,waaree-energies-ipo,1503.0,2500.0,66.33,2338.9,55.62,,94.42,2024-10-28T00:00:00.000Z,2024-10-21,INE377N01017,544277.0,WAAREEENER,2922.1,2922.9
1879,,Hyundai Motor India Ltd.,1879.0,Mainboard,15-Oct-2024,22-Oct-2024,"BSE, NSE",INE0V6F01027,544274.0,HYUNDAI,hyundai-motor-ipo,1960.0,1934.0,-1.33,1819.6,-7.16,,1.17,2024-10-22T00:00:00.000Z,2024-10-15,INE0V6F01027,544274.0,HYUNDAI,1983.0,1984.9
1883,,Garuda Construction & Engineering Ltd.,1883.0,Mainboard,08-Oct-2024,15-Oct-2024,"BSE, NSE",INE0JVO01026,544271.0,GARUDA,garuda-construction-and-engineering-ipo,95.0,105.0,10.53,106.36,11.96,,86.58,2024-10-15T00:00:00.000Z,2024-10-08,INE0JVO01026,544271.0,GARUDA,177.25,177.18
1874,,Diffusion Engineers Ltd.,1874.0,Mainboard,26-Sep-2024,04-Oct-2024,"BSE, NSE",INE184O01015,544264.0,DIFFNKG,diffusion-engineers-ipo,168.0,193.5,15.18,203.17,20.93,,140.21,2024-10-04T00:00:00.000Z,2024-09-26,INE184O01015,544264.0,DIFFNKG,403.55,403.4
1864,,KRN Heat Exchanger & Refrigeration Ltd.,1864.0,Mainboard,25-Sep-2024,03-Oct-2024,"BSE, NSE",INE0Q3J01015,544263.0,KRN,krn-heat-exchanger-ipo,220.0,480.0,118.18,478.79,117.63,,459.39,2024-10-03T00:00:00.000Z,2024-09-25,INE0Q3J01015,544263.0,KRN,1230.65,1230.9
1866,,Manba Finance Ltd.,1866.0,Mainboard,23-Sep-2024,30-Sep-2024,"BSE, NSE",INE939X01013,544262.0,MANBA,manba-finance-ipo,120.0,150.0,25.0,157.45,31.21,,15.08,2024-09-30T00:00:00.000Z,2024-09-23,INE939X01013,544262.0,MANBA,138.1,138.1
1849,,Arkade Developers Ltd.,1849.0,Mainboard,16-Sep-2024,24-Sep-2024,"BSE, NSE",INE0QRL01017,544261.0,ARKADE,arkade-developers-ipo,128.0,175.0,36.72,165.86,29.58,,3.24,2024-09-24T00:00:00.000Z,2024-09-16,INE0QRL01017,544261.0,ARKADE,132.15,132.56
1844,,Western Carriers (India) Ltd.,1844.0,Mainboard,13-Sep-2024,24-Sep-2024,"BSE, NSE",INE0CJF01024,544258.0,WCIL,western-carriers-india-ipo,172.0,171.0,-0.58,159.44,-7.3,,-45.0,2024-09-24T00:00:00.000Z,2024-09-13,INE0CJF01024,544258.0,WCIL,94.6,94.76
1855,,Northern Arc Capital Ltd.,1855.0,Mainboard,16-Sep-2024,24-Sep-2024,"BSE, NSE",INE850M01015,544260.0,NORTHARC,northern-arc-capital-ipo,263.0,350.0,33.08,323.4,22.97,,24.3,2024-09-24T00:00:00.000Z,2024-09-16,INE850M01015,544260.0,NORTHARC,326.9,325.3
1841,,P N Gadgil Jewellers Ltd.,1841.0,Mainboard,10-Sep-2024,17-Sep-2024,"BSE, NSE",INE953R01016,544256.0,PNGJL,p-n-gadgil-jewellers-ipo,480.0,830.0,72.92,793.3,65.27,,22.36,2024-09-17T00:00:00.000Z,2024-09-10,INE953R01016,544256.0,PNGJL,587.35,588.05
1822,,Bajaj Housing Finance Ltd.,1822.0,Mainboard,09-Sep-2024,16-Sep-2024,"BSE, NSE",INE377Y01014,544252.0,BAJAJHFL,bajaj-housing-finance-ipo,70.0,150.0,114.29,165.0,135.71,,25.79,2024-09-16T00:00:00.000Z,2024-09-09,INE377Y01014,544252.0,BAJAJHFL,88.05,88.07
1837,,Tolins Tyres Ltd.,1837.0,Mainboard,09-Sep-2024,16-Sep-2024,"BSE, NSE",INE0RWQ01014,544254.0,TOLINS,tolins-tyres-ipo,226.0,228.0,0.88,239.4,5.93,,-53.87,2024-09-16T00:00:00.000Z,2024-09-09,INE0RWQ01014,544254.0,TOLINS,104.25,104.8
1839,,Kross Ltd.,1839.0,Mainboard,09-Sep-2024,16-Sep-2024,"BSE, NSE",INE0O6601022,544253.0,KROSS,kross-ipo,240.0,240.0,0.0,259.81,8.25,,-22.69,2024-09-16T00:00:00.000Z,2024-09-09,INE0O6601022,544253.0,KROSS,185.55,185.89
1835,,Shree Tirupati Balajee Agro Trading Co.Ltd.,1835.0,Mainboard,05-Sep-2024,12-Sep-2024,"BSE, NSE",INE0S2G01011,544249.0,STBAL,shree-tirupati-balajee-ipo,83.0,90.0,8.43,94.5,13.86,,-65.48,2024-09-12T00:00:00.000Z,2024-09-05,INE0S2G01011,544249.0,BALAJEE,28.65,28.84
1829,,Gala Precision Engineering Ltd.,1829.0,Mainboard,02-Sep-2024,09-Sep-2024,"BSE, NSE",INE0RE001014,544244.0,GALAPREC,gala-precision-engineering-ipo,529.0,721.1,36.31,757.15,43.13,,124.4,2024-09-09T00:00:00.000Z,2024-09-02,INE0RE001014,544244.0,GALAPREC,1187.05,1187.7
1825,,Baazar Style Retail Ltd.,1825.0,Mainboard,30-Aug-2024,06-Sep-2024,"BSE, NSE",INE01FR01028,544243.0,BZRSTYL,baazar-style-retail-ipo,389.0,389.0,0.0,400.0,2.83,,-22.47,2024-09-06T00:00:00.000Z,2024-08-30,INE01FR01028,544243.0,STYLEBAAZA,301.6,300.3
1820,,ECOS (India) Mobility & Hospitality Ltd.,1820.0,Mainboard,28-Aug-2024,04-Sep-2024,"BSE, NSE",INE06HJ01020,544239.0,ECOSMOBLTY,eco-mobility-ipo,334.0,390.0,16.77,443.15,32.68,,-61.81,2024-09-04T00:00:00.000Z,2024-08-28,INE06HJ01020,544239.0,ECOSMOBLTY,127.55,129.36
1818,,Premier Energies Ltd.,1818.0,Mainboard,27-Aug-2024,03-Sep-2024,"BSE, NSE",INE0BS701011,544238.0,PREMIERENE,premier-energies-ipo,450.0,990.0,120.0,839.9,86.64,,148.54,2024-09-03T00:00:00.000Z,2024-08-27,INE0BS701011,544238.0,PREMIERENE,1118.45,1117.2
1809,,Orient Technologies Ltd.,1809.0,Mainboard,21-Aug-2024,28-Aug-2024,"BSE, NSE",INE0PPK01015,544235.0,ORIENTTECH,orient-technologies-ipo,206.0,288.0,39.81,302.4,46.8,,22.33,2024-08-28T00:00:00.000Z,2024-08-21,INE0PPK01015,544235.0,ORIENTTECH,252.0,251.96
1811,,Interarch Building Products Ltd.,1811.0,Mainboard,19-Aug-2024,26-Aug-2024,"BSE, NSE",INE00M901018,544232.0,INTERARCH,interarch-building-products-ipo,900.0,1220.0,35.56,1196.45,32.94,,104.48,2024-08-26T00:00:00.000Z,2024-08-19,INE00M901018,544232.0,INTERARCH,1840.3,1837.6
1542,,Saraswati Saree Depot Ltd.,1542.0,Mainboard,12-Aug-2024,20-Aug-2024,"BSE, NSE",INE0PQ101010,544230.0,SSDL,saraswati-saree-depot-ipo,160.0,194.0,21.25,203.7,27.31,,-65.04,2024-08-20T00:00:00.000Z,2024-08-12,INE0PQ101010,544230.0,SSDL,55.94,55.73
1802,,Unicommerce eSolutions Ltd.,1802.0,Mainboard,06-Aug-2024,13-Aug-2024,"BSE, NSE",INE00U401027,544227.0,UNIECOM,unicommerce-esolutions-ipo,108.0,235.0,117.59,210.08,94.52,,-17.95,2024-08-13T00:00:00.000Z,2024-08-06,INE00U401027,544227.0,UNIECOM,88.61,88.59
1801,,Brainbees Solutions Ltd.,1801.0,Mainboard,06-Aug-2024,13-Aug-2024,"BSE, NSE",INE02RE01045,544226.0,FIRSTCRY,brainbees-solutions-firstcry-ipo,465.0,651.0,40.0,679.1,46.04,,-54.42,2024-08-13T00:00:00.000Z,2024-08-06,INE02RE01045,544226.0,FIRSTCRY,211.95,212.25
1765,,Ola Electric Mobility Ltd.,1765.0,Mainboard,02-Aug-2024,09-Aug-2024,"BSE, NSE",INE0LXG01040,544225.0,OLAELEC,ola-electric-ipo,76.0,76.0,0.0,91.2,20.0,,-46.82,2024-08-09T00:00:00.000Z,2024-08-02,INE0LXG01040,544225.0,OLAELEC,40.42,40.41
1798,,Ceigall India Ltd.,1798.0,Mainboard,01-Aug-2024,08-Aug-2024,"BSE, NSE",INE0AG901020,544223.0,CEIGALL,ceigall-india-ipo,401.0,419.0,4.49,386.75,-3.55,,-8.85,2024-08-08T00:00:00.000Z,2024-08-01,INE0AG901020,544223.0,CEIGALL,365.5,365.8
1794,,Akums Drugs & Pharmaceuticals Ltd.,1794.0,Mainboard,30-Jul-2024,06-Aug-2024,"BSE, NSE",INE09XN01023,544222.0,AKUMS,akums-drugs-and-pharmaceuticals-ipo,679.0,725.0,6.77,796.25,17.27,,3.34,2024-08-06T00:00:00.000Z,2024-07-30,INE09XN01023,544222.0,AKUMS,701.65,701.95
1779,,Sanstar Ltd.,1779.0,Mainboard,19-Jul-2024,26-Jul-2024,"BSE, NSE",INE08NE01025,544217.0,SANSTAR,sanstar-ipo,95.0,109.0,14.74,115.07,21.13,,19.16,2024-07-26T00:00:00.000Z,2024-07-19,INE08NE01025,544217.0,SANSTAR,113.2,113.22
1767,,Bansal Wire Industries Ltd.,1767.0,Mainboard,03-Jul-2024,10-Jul-2024,"BSE, NSE",INE0B9K01025,544209.0,BANSALWIRE,bansal-wire-ipo,256.0,356.0,39.06,350.35,36.86,,29.34,2024-07-10T00:00:00.000Z,2024-07-03,INE0B9K01025,544209.0,BANSALWIRE,331.1,331.2
1766,,Emcure Pharmaceuticals Ltd.,1766.0,Mainboard,03-Jul-2024,10-Jul-2024,"BSE, NSE",INE168P01015,544210.0,EMCURE,emcure-pharma-ipo,1008.0,1325.05,31.45,1359.15,34.84,,79.61,2024-07-10T00:00:00.000Z,2024-07-03,INE168P01015,544210.0,EMCURE,1810.45,1814.4
1758,,Vraj Iron & Steel Ltd.,1758.0,Mainboard,26-Jun-2024,03-Jul-2024,"BSE, NSE",INE0S2V01010,544204.0,VRAJ,vraj-iron-and-steel-ipo,207.0,240.0,15.94,252.0,21.74,,-43.53,2024-07-03T00:00:00.000Z,2024-06-26,INE0S2V01010,544204.0,VRAJ,116.9,117.0
1580,,Allied Blenders & Distillers Ltd.,1580.0,Mainboard,25-Jun-2024,02-Jul-2024,"BSE, NSE",INE552Z01027,544203.0,ABDL,allied-blenders-ipo,281.0,320.0,13.88,317.9,13.13,,130.8,2024-07-02T00:00:00.000Z,2024-06-25,INE552Z01027,544203.0,ABDL,648.55,648.75
1749,,Stanley Lifestyles Ltd.,1749.0,Mainboard,21-Jun-2024,28-Jun-2024,"BSE, NSE",INE01A001028,544202.0,STANLEY,stanley-lifestyles-ipo,369.0,494.95,34.13,474.75,28.66,,-57.68,2024-06-28T00:00:00.000Z,2024-06-21,INE01A001028,544202.0,STANLEY,156.15,156.21
1751,,Akme Fintrade (India) Ltd.,1751.0,Mainboard,19-Jun-2024,26-Jun-2024,"BSE, NSE",INE916Y01027,544200.0,AFIL,aasaan-loans-ipo,120.0,127.0,5.83,133.35,11.12,,-18.42,2024-06-26T00:00:00.000Z,2024-06-19,INE916Y01027,544200.0,AFIL,9.79,9.75
1746,,DEE Development Engineers Ltd.,1746.0,Mainboard,19-Jun-2024,26-Jun-2024,"BSE, NSE",INE841L01016,544198.0,DEEDEV,dee-piping-systems-ipo,203.0,339.0,67.0,335.32,65.18,,243.47,2024-06-26T00:00:00.000Z,2024-06-19,INE841L01016,544198.0,DEEDEV,697.25,698.7
1742,,Le Travenues Technology Ltd.,1742.0,Mainboard,10-Jun-2024,18-Jun-2024,"BSE, NSE",INE0HV901016,544192.0,IXIGO,ixigo-ipo,93.0,138.1,48.49,165.72,78.19,,122.63,2024-06-18T00:00:00.000Z,2024-06-10,INE0HV901016,544192.0,IXIGO,207.05,207.18
1738,,Kronox Lab Sciences Ltd.,1738.0,Mainboard,03-Jun-2024,10-Jun-2024,"BSE, NSE",INE0ATZ01017,544187.0,KRONOX,kronox-lab-sciences-ipo,136.0,164.95,21.29,159.32,17.15,,10.88,2024-06-10T00:00:00.000Z,2024-06-03,INE0ATZ01017,544187.0,KRONOX,150.8,150.78
1730,,Awfis Space Solutions Ltd.,1730.0,Mainboard,22-May-2024,30-May-2024,"BSE, NSE",INE108V01019,544181.0,AWFIS,awfis-space-solutions-ipo,383.0,435.0,13.58,421.75,10.12,,-20.84,2024-05-30T00:00:00.000Z,2024-05-22,INE108V01019,544181.0,AWFIS,303.2,303.2
1727,,Go Digit General Insurance Ltd.,1727.0,Mainboard,15-May-2024,23-May-2024,"BSE, NSE",INE03JT01014,544179.0,GODIGIT,go-digit-general-insurance-ipo,272.0,286.0,5.15,306.0,12.5,,14.78,2024-05-23T00:00:00.000Z,2024-05-15,INE03JT01014,544179.0,GODIGIT,312.2,312.0
1717,,Aadhar Housing Finance Ltd.,1717.0,Mainboard,08-May-2024,15-May-2024,"BSE, NSE",INE883F01010,544176.0,AADHARHFC,aadhar-housing-finance-ipo,315.0,315.0,0.0,329.45,4.59,,69.49,2024-05-15T00:00:00.000Z,2024-05-08,INE883F01010,544176.0,AADHARHFC,533.9,534.55
1716,,TBO Tek Ltd.,1716.0,Mainboard,08-May-2024,15-May-2024,"BSE, NSE",INE673O01025,544174.0,TBOTEK,tbo-tek-ipo,920.0,1426.0,55.0,1406.3,52.86,,63.52,2024-05-15T00:00:00.000Z,2024-05-08,INE673O01025,544174.0,TBOTEK,1504.35,1504.9
1713,,Indegene Ltd.,1713.0,Mainboard,06-May-2024,13-May-2024,"BSE, NSE",INE065X01017,544172.0,INDGN,indegene-ipo,452.0,655.0,44.91,570.9,26.31,,12.75,2024-05-13T00:00:00.000Z,2024-05-06,INE065X01017,544172.0,INDGN,509.65,509.3
1704,,JNK India Ltd.,1704.0,Mainboard,23-Apr-2024,30-Apr-2024,"BSE, NSE",INE0OAF01028,544167.0,JNKINDIA,jnk-india-ipo,415.0,621.0,49.64,694.55,67.36,,22.67,2024-04-30T00:00:00.000Z,2024-04-23,INE0OAF01028,544167.0,JNKINDIA,509.1,509.35
1694,,Bharti Hexacom Ltd.,1694.0,Mainboard,03-Apr-2024,12-Apr-2024,"BSE, NSE",INE343G01021,544162.0,BHARTIHEXA,bharti-hexacom-ipo,570.0,755.0,32.46,813.3,42.68,,181.8,2024-04-12T00:00:00.000Z,2024-04-03,INE343G01021,544162.0,BHARTIHEXA,1606.25,1604.7
1682,,SRM Contractors Ltd.,1682.0,Mainboard,26-Mar-2024,03-Apr-2024,"BSE, NSE",INE0R6Z01013,544158.0,SRM,srm-contractors-ipo,210.0,215.25,2.5,226.0,7.62,,138.45,2024-04-03T00:00:00.000Z,2024-03-26,INE0R6Z01013,544158.0,SRM,500.75,500.65
1665,,Krystal Integrated Services Ltd.,1665.0,Mainboard,14-Mar-2024,21-Mar-2024,"BSE, NSE",INE0QN801017,544149.0,KRYSTAL,krystal-integrated-services-ipo,715.0,785.0,9.79,712.85,-0.3,,-15.89,2024-03-21T00:00:00.000Z,2024-03-14,INE0QN801017,544149.0,KRYSTAL,601.4,600.6
1672,,Popular Vehicles & Services Ltd.,1672.0,Mainboard,12-Mar-2024,19-Mar-2024,"BSE, NSE",INE772T01024,544144.0,PVSL,popular-vehicles-services-ipo,295.0,289.2,-1.97,276.15,-6.39,,-68.14,2024-03-19T00:00:00.000Z,2024-03-12,INE772T01024,544144.0,PVSL,93.98,93.45
1667,,Gopal Snacks Ltd.,1667.0,Mainboard,06-Mar-2024,14-Mar-2024,"BSE, NSE",INE0L9R01028,544140.0,GOPALSNACK,gopal-namkeen-ipo,401.0,351.0,-12.47,362.7,-9.55,,-32.93,2024-03-14T00:00:00.000Z,2024-03-06,INE0L9R01028,544140.0,GOPAL,268.95,268.85
1663,,J.G.Chemicals Ltd.,1663.0,Mainboard,05-Mar-2024,13-Mar-2024,"BSE, NSE",INE0MB501011,544138.0,JGCHEM,jg-chemicals-ipo,221.0,209.0,-5.43,184.8,-16.38,,106.13,2024-03-13T00:00:00.000Z,2024-03-05,INE0MB501011,544138.0,JGCHEM,455.55,456.35
1620,,R K SWAMY Ltd.,1620.0,Mainboard,04-Mar-2024,12-Mar-2024,"BSE, NSE",INE0NQ801033,544136.0,RKSWAMY,r-k-swamy-ipo,288.0,250.0,-13.19,262.6,-8.82,,-64.24,2024-03-12T00:00:00.000Z,2024-03-04,INE0NQ801033,544136.0,RKSWAMY,103.0,103.18
1586,,Mukka Proteins Ltd.,1586.0,Mainboard,29-Feb-2024,07-Mar-2024,"BSE, NSE",INE0CG401037,544135.0,MUKKA,mukka-proteins-ipo,28.0,40.0,42.86,42.25,50.89,,-17.43,2024-03-07T00:00:00.000Z,2024-02-29,INE0CG401037,544135.0,MUKKA,23.12,23.08
1642,,Exicom Tele-Systems Ltd.,1642.0,Mainboard,27-Feb-2024,05-Mar-2024,"BSE, NSE",INE777F01014,544133.0,EXICOM,exicom-tele-systems-ipo,142.0,265.0,86.62,224.95,58.42,,19.75,2024-03-05T00:00:00.000Z,2024-02-27,INE777F01014,544133.0,EXICOM,170.05,170.04
1638,,Platinum Industries Ltd.,1638.0,Mainboard,27-Feb-2024,05-Mar-2024,"BSE, NSE",INE0PT501018,544134.0,PLATIND,platinum-industries-ipo,171.0,225.0,31.58,221.2,29.36,,33.74,2024-03-05T00:00:00.000Z,2024-02-27,INE0PT501018,544134.0,PLATIND,228.7,228.0
1655,,GPT Healthcare Ltd.,1655.0,Mainboard,22-Feb-2024,29-Feb-2024,"BSE, NSE",INE486R01017,544131.0,GPTHEALTH,gpt-healthcare-ipo,186.0,215.0,15.59,200.7,7.9,,-15.19,2024-02-29T00:00:00.000Z,2024-02-22,INE486R01017,544131.0,GPTHEALTH,157.75,158.11
1654,,Juniper Hotels Ltd.,1654.0,Mainboard,21-Feb-2024,28-Feb-2024,"BSE, NSE",INE696F01016,544129.0,JUNIPER,juniper-hotels-ipo,360.0,365.0,1.39,401.5,11.53,,-44.72,2024-02-28T00:00:00.000Z,2024-02-21,INE696F01016,544129.0,JUNIPER,199.0,198.92
1646,,Vibhor Steel Tubes Ltd.,1646.0,Mainboard,13-Feb-2024,20-Feb-2024,"BSE, NSE",INE0QTF01015,544124.0,VSTL,vibhor-steel-tubes-ipo,151.0,425.0,181.46,446.25,195.53,,-23.97,2024-02-20T00:00:00.000Z,2024-02-13,INE0QTF01015,544124.0,VSTL,114.8,114.47
1643,,Entero Healthcare Solutions Ltd.,1643.0,Mainboard,09-Feb-2024,16-Feb-2024,"BSE, NSE",INE010601016,544122.0,ENTERO,entero-healthcare-solutions-ipo,1258.0,1228.7,-2.33,1149.55,-8.62,,-3.92,2024-02-16T00:00:00.000Z,2024-02-09,INE010601016,544122.0,ENTERO,1208.65,1210.9
1641,,Capital Small Finance Bank Ltd.,1641.0,Mainboard,07-Feb-2024,14-Feb-2024,"BSE, NSE",INE646H01017,544120.0,CAPITALSFB,capital-sfb-ipo,468.0,430.25,-8.07,435.0,-7.05,,-37.16,2024-02-14T00:00:00.000Z,2024-02-07,INE646H01017,544120.0,CAPITALSFB,294.1,294.25
1640,,Jana Small Finance Bank Ltd.,1640.0,Mainboard,07-Feb-2024,14-Feb-2024,"BSE, NSE",INE953L01027,544118.0,JSFB,jana-sfb-ipo,414.0,396.0,-4.35,368.15,-11.07,,14.31,2024-02-14T00:00:00.000Z,2024-02-07,INE953L01027,544118.0,JSFB,473.25,474.1
1634,,Rashi Peripherals Ltd.,1634.0,Mainboard,07-Feb-2024,14-Feb-2024,"BSE, NSE",INE0J1F01024,544119.0,RPTECH,rashi-peripherals-ipo,311.0,339.5,9.16,321.5,3.38,,151.99,2024-02-14T00:00:00.000Z,2024-02-07,INE0J1F01024,544119.0,RPTECH,783.7,783.05
1635,,Apeejay Surrendra Park Hotels Ltd.,1635.0,Mainboard,05-Feb-2024,12-Feb-2024,"BSE, NSE",INE988S01028,544111.0,PARKHOTELS,apeejay-surrendra-park-ipo,155.0,186.0,20.0,203.55,31.32,,-17.71,2024-02-12T00:00:00.000Z,2024-02-05,INE988S01028,544111.0,PARKHOTELS,127.55,127.65
1632,,BLS E-Services Ltd.,1632.0,Mainboard,30-Jan-2024,06-Feb-2024,"BSE, NSE",INE0NLT01010,544107.0,BLSE,bls-e-services-ipo,135.0,305.0,125.93,366.0,171.11,,95.41,2024-02-06T00:00:00.000Z,2024-01-30,INE0NLT01010,544107.0,BLSE,263.8,263.25
1616,,Nova AgriTech Ltd.,1616.0,Mainboard,23-Jan-2024,31-Jan-2024,"BSE, NSE",INE02H701025,544100.0,NOVAAGRI,nova-agritech-ipo,41.0,55.0,34.15,57.75,40.85,,-42.39,2024-01-31T00:00:00.000Z,2024-01-23,INE02H701025,544100.0,NOVAAGRI,23.62,23.59
1619,,EPACK Durable Ltd.,1619.0,Mainboard,19-Jan-2024,30-Jan-2024,"BSE, NSE",INE0G5901015,544095.0,EPACK,epack-durable-ipo,230.0,221.0,-3.91,207.6,-9.74,,1.5,2024-01-30T00:00:00.000Z,2024-01-19,INE0G5901015,544095.0,EPACK,233.45,233.34
1612,,Medi Assist Healthcare Services Ltd.,1612.0,Mainboard,15-Jan-2024,23-Jan-2024,"BSE, NSE",INE456Z01021,544088.0,MEDIASSIST,medi-assist-healthcare-ipo,418.0,460.0,10.05,464.1,11.03,,-14.39,2024-01-23T00:00:00.000Z,2024-01-15,INE456Z01021,544088.0,MEDIASSIST,357.85,357.8
1611,,Jyoti CNC Automation Ltd.,1611.0,Mainboard,09-Jan-2024,16-Jan-2024,"BSE, NSE",INE980O01024,544081.0,JYOTICNC,jyoti-cnc-automation-ipo,331.0,370.0,11.78,434.2,31.18,,140.6,2024-01-16T00:00:00.000Z,2024-01-09,INE980O01024,544081.0,JYOTICNC,796.4,796.55
2075,,Jaro Institute of Technology Management & Research Ltd.,,Mainboard,,30-Sep-2025,,INE00YJ01010,544534.0,JARO,,890.0,890.0,0.0,744.25,-16.38,,,,,,,,,
2140,,ArMee Infotech Ltd.,,Mainboard,,30-Sep-2026,,INE0TWE01016,544951.0,ARMEE,,375.0,375.0,0.0,300.0,-20.0,,,,,,,,,
2287,,Swastika Infra Ltd.,,Mainboard,,30-Sep-2026,,INE1QJA01015,544949.0,SWASTIKAIN,,185.0,200.0,8.11,210.0,13.51,,,,,,,,,
2563,,Varmora Granito Ltd.,,Mainboard,,29-Sep-2026,,INE0M5301040,544942.0,VARMORA,,148.0,155.0,4.73,152.19,2.83,,,,,,,,,
2647,,Elevate Campuses Ltd.,,Mainboard,,30-Sep-2026,,INE147X01013,544945.0,ELEVATE,,362.0,355.1,-1.91,322.95,-10.79,,,,,,,,,
3007,,Adroit Industries (India) Ltd.,,Mainboard,,30-Sep-2026,,INE505M01015,544950.0,ADROITIND,,134.0,235.0,75.37,248.39,85.37,,,,,,,,,
2936,,Moneyview Ltd.,,Mainboard,,01-Oct-2026,,INE0PTN01011,544953.0,MONEYVIEW,,34.0,55.0,61.76,53.88,58.47,,,,,,,,,
2298,,Runwal Enterprises Ltd.,,Mainboard,,05-Oct-2026,,INE804W01029,544959.0,RUNWALENTR,,305.0,305.0,0.0,301.45,-1.16,,,,,,,,,
2497,,German Green Steel & Power Ltd.,,Mainboard,,05-Oct-2026,,INE0D4501011,544957.0,GERMAN,,139.0,142.0,2.16,128.33,-7.68,,,,,,,,,
2532,,Orient Cables (India) Ltd.,,Mainboard,,05-Oct-2026,,INE0J1N01028,544960.0,ORIENTCABL,,272.0,450.0,65.44,405.0,48.9,,,,,,,,,
2543,,Acevector Ltd.,,Mainboard,,05-Oct-2026,,INE580P01029,544962.0,ACEVECTOR,,32.0,28.32,-11.5,26.08,-18.5,,,,,,,,,
2657,,Shah Investor's Home Ltd.,,Mainboard,,06-Oct-2026,,INE029N01014,544963.0,SHAHINVEST,,167.0,171.0,2.4,173.79,4.07,,,,,,,,,
2858,,SRIT India Ltd.,,Mainboard,,06-Oct-2026,,INE307K01028,544965.0,SRIT,,130.0,148.0,13.85,155.09,19.3,,,,,,,,,
